SET @OLD_UNIQUE_CHECKS = @@UNIQUE_CHECKS, UNIQUE_CHECKS = 0;
SET @OLD_FOREIGN_KEY_CHECKS = @@FOREIGN_KEY_CHECKS, FOREIGN_KEY_CHECKS = 0;
SET @OLD_SQL_MODE = @@SQL_MODE, SQL_MODE = 'TRADITIONAL,ALLOW_INVALID_DATES';


--
-- Dumping data for table `amendment`
--

INSERT INTO `amendment` (`id`, `motionId`, `titlePrefix`, `changeEditorial`, `changeText`, `changeExplanation`, `changeExplanationHtml`, `cache`, `dateCreation`, `datePublication`, `dateResolution`, `status`, `statusString`, `noteInternal`, `textFixed`)
VALUES
  (1, 2, 'Ä1', '', '',
   '<p>Auf gehds beim Schichtl pfiad de Charivari Wurschtsolod Gamsbart, Kneedl gwiss. Wos dringma aweng unbandig gfreit mi imma Habedehre, sei Sauwedda dringma aweng Maßkruag Schuabladdla! Do legst di nieda hob i an Suri wia Haferl Graudwiggal Klampfn Biakriagal i bin a woschechta Bayer ebba.</p>\n',
   0, '', '2015-05-21 21:46:34', NULL, NULL, 3, '', NULL, 0),
  (2, 3, 'Ä1', '', '', '<p>Um das ganze mal zu testen.</p>\n<p>Links<a href="https://www.antragsgruen.de">https://www.antragsgruen.de</a></p>\n', 0, '', '2015-07-05 00:14:41', NULL, NULL, 3, '', NULL, 0),
  (3, 2, 'Ä2', '', '', '<p>Diff-Test</p>\n', 0, '', '2015-07-06 03:49:25', NULL, NULL, 3, '', NULL, 0),
  (4, 5, 'F-01-004', '', '', '', 0, '', '2015-03-12 03:43:00', NULL, NULL, -2, '', '', 0),
  (5, 10, NULL, '', '', '', 0, '', '2015-03-21 01:58:52', NULL, NULL, -2, '', NULL, 0),
  (6, 10, NULL, '', '', '', 0, '', '2015-04-09 08:17:00', NULL, NULL, -2, '', '', 0),
  (7, 10, NULL, '', '', '', 0, '', '2015-04-09 08:17:47', NULL, NULL, -2, '', NULL, 0),
  (8, 10, NULL, '', '', '', 0, '', '2015-04-10 09:12:55', NULL, NULL, -2, '', NULL, 0),
  (9, 10, NULL, '', '', '', 0, '', '2015-04-10 09:13:15', NULL, NULL, -2, '', NULL, 0),
  (10, 10, 'Z-01-115-1', '', '', '', 0, '', '2015-04-20 09:26:00', NULL, NULL, 3, '', '', 0),
  (11, 10, NULL, '', '', '', 0, '', '2015-04-20 09:29:00', NULL, NULL, -2, '', '', 0),
  (12, 10, NULL, '', '', '', 0, '', '2015-04-20 09:32:00', NULL, NULL, -2, '', '', 0),
  (13, 10, 'Z-01-119-1', '', '', '', 0, '', '2015-04-20 09:39:00', NULL, NULL, 3, '', '', 0),
  (14, 10, 'Z-01-033-1', '', '', '', 0, '', '2015-04-21 16:19:44', NULL, NULL, 3, '', NULL, 0),
  (15, 10, 'Z-01-274-1', '', '', '', 0, '', '2015-04-21 16:20:00', NULL, NULL, 3, '', '', 0),
  (16, 10, 'Z-01-040-1', '', '', '', 0, '', '2015-04-21 16:22:00', NULL, NULL, 3, '', '', 0),
  (17, 10, 'Z-01-274-1', '', '', '', 0, '', '2015-04-21 16:23:31', NULL, NULL, -2, '', NULL, 0),
  (18, 10, 'Z-01-262-1', '', '', '', 0, '', '2015-04-21 16:25:48', NULL, NULL, 3, '', NULL, 0),
  (19, 10, 'Z-01-041-1', '', '', '', 0, '', '2015-04-21 16:26:26', NULL, NULL, 3, '', NULL, 0),
  (20, 10, 'Z-01-255-1', '', '', '', 0, '', '2015-04-21 16:29:00', NULL, NULL, -2, '', '', 0),
  (21, 10, NULL, '', '', '', 0, '', '2015-04-21 16:30:20', NULL, NULL, -2, '', NULL, 0),
  (22, 10, 'Z-01-233-1', '', '', '', 0, '', '2015-04-21 16:31:45', NULL, NULL, 3, '', NULL, 0),
  (23, 10, 'Z-01-076-1', '', '', '', 0, '', '2015-04-21 16:33:33', NULL, NULL, 3, '', NULL, 0),
  (24, 10, 'Z-01-097-1', '', '', '', 0, '', '2015-04-21 16:35:47', NULL, NULL, 3, '', NULL, 0),
  (25, 10, 'Z-01-146-1', '', '', '', 0, '', '2015-04-21 16:37:42', NULL, NULL, 3, '', NULL, 0),
  (26, 10, 'Z-01-255-1', '', '', '', 0, '', '2015-04-21 16:39:00', NULL, NULL, 3, '', '', 0),
  (27, 10, 'Z-01-159-1', '', '', '', 0, '', '2015-04-21 16:39:42', NULL, NULL, 3, '', NULL, 0),
  (28, 10, 'Z-01-015-1', '', '', '', 0, '', '2015-04-21 16:39:49', NULL, NULL, 3, '', NULL, 0),
  (29, 10, 'Z-01-097-2', '', '', '', 0, '', '2015-04-21 16:42:49', NULL, NULL, 3, '', NULL, 0),
  (30, 10, 'Z-01-171-1', '', '', '', 0, '', '2015-04-21 16:45:00', NULL, NULL, -2, '', '', 0),
  (31, 10, 'Z-01-171-1', '', '', '', 0, '', '2015-04-21 16:47:15', NULL, NULL, 3, '', NULL, 0),
  (32, 10, 'Z-01-180-1', '', '', '', 0, '', '2015-04-21 16:49:49', NULL, NULL, 3, '', NULL, 0),
  (33, 10, 'Z-01-194-1', '', '', '', 0, '', '2015-04-21 16:51:58', NULL, NULL, 3, '', NULL, 0),
  (34, 10, 'Z-01-194-2', '', '', '', 0, '', '2015-04-21 21:54:05', NULL, NULL, 3, '', NULL, 0),
  (35, 10, 'Z-01-009-1', '', '', '', 0, '', '2015-04-21 22:11:00', NULL, NULL, 3, '', '', 0),
  (36, 10, NULL, '', '', '', 0, '', '2015-04-21 22:13:07', NULL, NULL, -2, '', NULL, 0),
  (37, 10, 'Z-01-016-1', '', '', '', 0, '', '2015-04-21 22:15:58', NULL, NULL, 3, '', NULL, 0),
  (38, 10, 'Z-01-023-1', '', '', '', 0, '', '2015-04-21 22:17:57', NULL, NULL, 3, '', NULL, 0),
  (39, 10, 'Z-01-041-2', '', '', '', 0, '', '2015-04-21 22:19:26', NULL, NULL, 3, '', NULL, 0),
  (40, 10, 'Z-01-064-1', '', '', '', 0, '', '2015-04-21 22:20:56', NULL, NULL, 3, '', NULL, 0),
  (41, 10, 'Z-01-069-1', '', '', '', 0, '', '2015-04-21 22:22:58', NULL, NULL, 3, '', NULL, 0),
  (42, 10, 'Z-01-252-1', '', '', '', 0, '', '2015-04-21 22:25:43', NULL, NULL, 3, '', NULL, 0),
  (43, 10, 'Z-01-110-1', '', '', '', 0, '', '2015-04-21 22:29:19', NULL, NULL, 3, '', NULL, 0),
  (44, 10, 'Z-01-121-1', '', '', '', 0, '', '2015-04-21 22:30:30', NULL, NULL, 3, '', NULL, 0),
  (45, 10, 'Z-01-134-1', '', '', '', 0, '', '2015-04-21 22:32:29', NULL, NULL, 3, '', NULL, 0),
  (46, 10, 'Z-01-201-1', '', '', '', 0, '', '2015-04-21 22:35:30', NULL, NULL, 3, '', NULL, 0),
  (47, 10, 'Z-01-208-1', '', '', '', 0, '', '2015-04-21 22:58:00', NULL, NULL, 3, '', '', 0),
  (48, 10, 'Z-01-214-1', '', '', '', 0, '', '2015-04-21 23:02:00', NULL, NULL, 3, '', '', 0),
  (49, 10, 'Z-01-224-1', '', '', '', 0, '', '2015-04-21 23:06:00', NULL, NULL, 3, '', '', 0),
  (50, 10, 'Z-01-274-2', '', '', '', 0, '', '2015-04-21 23:07:00', NULL, NULL, 3, '', '', 0),
  (51, 10, 'Z-01-252-2', '', '', '', 0, '', '2015-04-21 23:26:00', NULL, NULL, 3, '', '', 0),
  (52, 10, 'Z-01-087-1', '', '', '', 0, '', '2015-04-21 23:32:00', NULL, NULL, 3, '', '', 0),
  (53, 10, 'Z-01-148-1', '', '', '', 0, '', '2015-04-21 23:37:00', NULL, NULL, 3, '', '', 0),
  (54, 10, 'Z-01-208-2', '', '', '', 0, '', '2015-04-21 23:46:00', NULL, NULL, 3, '', '', 0),
  (55, 10, 'Z-01-131-1', '', '', '', 0, '', '2015-04-22 07:56:00', NULL, NULL, 3, '', '', 0),
  (56, 10, 'Z-01-136-1', '', '', '', 0, '', '2015-04-22 08:01:00', NULL, NULL, 3, '', '', 0),
  (57, 10, NULL, '', '', '', 0, '', '2015-05-06 08:33:27', NULL, NULL, -2, '', NULL, 0),
  (58, 10, NULL, '', '', '', 0, '', '2015-07-08 15:57:00', NULL, NULL, 2, '', '', 0),
  (59, 38, 'W-01-128-1', '', '', '', 0, '', '2015-04-21 16:14:30', NULL, NULL, 3, '', NULL, 0),
  (60, 38, 'W-01-428-1', '', '', '', 0, '', '2015-04-21 16:19:12', NULL, NULL, 3, '', NULL, 0),
  (61, 38, 'W-01-443-1', '', '', '', 0, '', '2015-04-21 16:22:10', NULL, NULL, 3, '', NULL, 0),
  (62, 38, 'W-01-224-1', '', '', '', 0, '', '2015-04-21 16:30:59', NULL, NULL, -2, '', NULL, 0),
  (63, 38, 'W-01-302-1', '', '', '', 0, '', '2015-04-21 16:33:26', NULL, NULL, 3, '', NULL, 0),
  (64, 38, 'W-01-312-1', '', '', '', 0, '', '2015-04-21 16:38:53', NULL, NULL, 3, '', NULL, 0),
  (65, 38, 'W-01-093-1', '', '', '', 0, '', '2015-04-21 16:43:03', NULL, NULL, 3, '', NULL, 0),
  (66, 38, 'W-01-099-1', '', '', '', 0, '', '2015-04-21 16:46:19', NULL, NULL, 3, '', NULL, 0),
  (67, 38, 'W-01-041-1', '', '', '', 0, '', '2015-04-21 17:10:00', NULL, NULL, 3, '', '', 0),
  (68, 38, 'W-01-047-1', '', '', '', 0, '', '2015-04-21 17:12:56', NULL, NULL, 3, '', NULL, 0),
  (69, 38, 'W-01-056-1', '', '', '', 0, '', '2015-04-21 17:16:00', NULL, NULL, 3, '', '', 0),
  (70, 38, 'W-01-083-1', '', '', '', 0, '', '2015-04-21 17:20:00', NULL, NULL, 3, '', '', 0),
  (71, 38, 'W-01-122-1', '', '', '', 0, '', '2015-04-21 17:24:22', NULL, NULL, 3, '', NULL, 0),
  (72, 38, 'W-01-206-1', '', '', '', 0, '', '2015-04-21 17:26:59', NULL, NULL, 3, '', NULL, 0),
  (73, 38, 'W-01-355-1', '', '', '', 0, '', '2015-04-21 17:33:00', NULL, NULL, 3, '', '', 0),
  (74, 38, 'W-01-437-1', '', '', '', 0, '', '2015-04-21 17:38:19', NULL, NULL, 3, '', NULL, 0),
  (75, 38, 'W-01-449-1', '', '', '', 0, '', '2015-04-21 20:29:00', NULL, NULL, 3, '', '', 0),
  (76, 38, 'W-01-002-1', '', '', '', 0, '', '2015-04-21 21:11:00', NULL, NULL, 3, '', 'Theresa ist alleine nicht antragsberechtigt', 0),
  (77, 38, 'W-01-008-1', '', '', '', 0, '', '2015-04-21 21:14:00', NULL, NULL, 3, '', '', 0),
  (78, 38, 'W-01-007-1', '', '', '', 0, '', '2015-04-21 21:15:00', NULL, NULL, 3, '', '', 0),
  (79, 38, 'W-01-014-2', '', '', '', 0, '', '2015-04-21 21:16:00', NULL, NULL, 3, '', '', 0),
  (80, 38, 'W-01-020-1', '', '', '', 0, '', '2015-04-21 21:18:00', NULL, NULL, 3, '', '', 0),
  (81, 38, 'W-01-048-1', '', '', '', 0, '', '2015-04-21 21:22:00', NULL, NULL, 3, '', '', 0),
  (82, 38, 'W-01-059-1', '', '', '', 0, '', '2015-04-21 21:24:00', NULL, NULL, 3, '', '', 0),
  (83, 38, 'W-01-095-2', '', '', '', 0, '', '2015-04-21 21:24:00', NULL, NULL, 3, '', '', 0),
  (84, 38, 'W-01-060-2', '', '', '', 0, '', '2015-04-21 21:28:00', NULL, NULL, 3, '', '', 0),
  (85, 38, 'W-01-076-1', '', '', '', 0, '', '2015-04-21 21:31:00', NULL, NULL, 3, '', '', 0),
  (86, 38, 'W-01-082-1', '', '', '', 0, '', '2015-04-21 21:33:00', NULL, NULL, 3, '', '', 0),
  (87, 38, 'W-01-103-1', '', '', '', 0, '', '2015-04-21 21:34:00', NULL, NULL, 3, '', '', 0),
  (88, 38, 'W-01-104-1', '', '', '', 0, '', '2015-04-21 21:38:00', NULL, NULL, 3, '', '', 0),
  (89, 38, NULL, '', '', '', 0, '', '2015-04-21 21:39:00', NULL, NULL, -2, '', '', 0),
  (90, 38, 'W-01-111-1', '', '', '', 0, '', '2015-04-21 21:41:00', NULL, NULL, 3, '', '', 0),
  (91, 38, 'W-01-121-1', '', '', '', 0, '', '2015-04-21 21:42:00', NULL, NULL, 3, '', '', 0),
  (92, 38, 'W-01-130-1', '', '', '', 0, '', '2015-04-21 21:44:00', NULL, NULL, 3, '', '', 0),
  (93, 38, 'W-01-141-1', '', '', '', 0, '', '2015-04-21 21:46:00', NULL, NULL, 3, '', '', 0),
  (94, 38, 'W-01-209-1', '', '', '', 0, '', '2015-04-21 21:48:00', NULL, NULL, 3, '', '', 0),
  (95, 38, 'W-01-247-1', '', '', '', 0, '', '2015-04-21 21:49:00', NULL, NULL, 3, '', '', 0),
  (96, 38, 'W-01-249-1', '', '', '', 0, '', '2015-04-21 21:50:00', NULL, NULL, 3, '', '', 0),
  (97, 38, 'W-01-253-1', '', '', '', 0, '', '2015-04-21 21:52:00', NULL, NULL, 3, '', '', 0),
  (98, 38, 'W-01-280-1', '', '', '', 0, '', '2015-04-21 21:54:00', NULL, NULL, 3, '', '', 0),
  (99, 38, 'W-01-296-1', '', '', '', 0, '', '2015-04-21 21:57:00', NULL, NULL, 3, '', '', 0),
  (100, 38, 'W-01-378-1', '', '', '', 0, '', '2015-04-21 21:59:00', NULL, NULL, 3, '', '', 0),
  (101, 38, 'W-01-420-1', '', '', '', 0, '', '2015-04-21 22:00:00', NULL, NULL, 3, '', '', 0),
  (102, 38, NULL, '', '', '', 0, '', '2015-04-21 22:01:00', NULL, NULL, -2, '', '', 0),
  (103, 38, 'W-01-427-1', '', '', '', 0, '', '2015-04-21 22:02:00', NULL, NULL, 3, '', '', 0),
  (104, 38, 'W-01-453-1', '', '', '', 0, '', '2015-04-21 22:04:00', NULL, NULL, 3, '', '', 0),
  (105, 38, 'W-01-471-1', '', '', '', 0, '', '2015-04-21 22:05:00', NULL, NULL, 3, '', '', 0),
  (106, 38, 'W-01-031-1', '', '', '', 0, '', '2015-04-21 22:18:00', NULL, NULL, 3, '', '', 0),
  (107, 38, 'W-01-060-1', '', '', '', 0, '', '2015-04-21 22:54:01', NULL, NULL, 3, '', NULL, 0),
  (108, 38, 'W-01-034-1', '', '', '', 0, '', '2015-04-21 23:56:00', NULL, NULL, 3, '', '', 0),
  (109, 38, 'W-01-036-2', '', '', '', 0, '', '2015-04-21 23:58:00', NULL, NULL, 3, '', '', 0),
  (110, 38, 'W-01-014-1', '', '', '', 0, '', '2015-04-22 07:20:00', NULL, NULL, 3, '', '', 0),
  (111, 38, 'W-01-030-1', '', '', '', 0, '', '2015-04-22 07:30:03', NULL, NULL, 3, '', NULL, 0),
  (112, 38, 'W-01-036-1', '', '', '', 0, '', '2015-04-22 07:32:20', NULL, NULL, 3, '', NULL, 0),
  (113, 38, 'W-01-047-2', '', '', '', 0, '', '2015-04-22 07:34:10', NULL, NULL, 3, '', NULL, 0),
  (114, 38, 'W-01-053-1', '', '', '', 0, '', '2015-04-22 07:43:53', NULL, NULL, 3, '', NULL, 0),
  (115, 38, 'W-01-095-1', '', '', '', 0, '', '2015-04-22 07:46:53', NULL, NULL, 3, '', NULL, 0),
  (116, 38, 'W-01-142-1', '', '', '', 0, '', '2015-04-22 07:48:31', NULL, NULL, 3, '', NULL, 0),
  (117, 38, 'W-01-426-1', '', '', '', 0, '', '2015-04-22 07:51:00', NULL, NULL, 3, '', '', 0),
  (118, 38, 'W-01-142-2', '', '', '', 0, '', '2015-04-22 09:33:00', NULL, NULL, 3, '', '', 0),
  (119, 38, 'W-01-224-1', '', '', '', 0, '', '2015-04-22 11:11:00', NULL, NULL, 3, '', '', 0),
  (120, 44, NULL, '', '', '', 0, '', '2015-04-19 14:39:00', NULL, NULL, 1, '', '', 0),
  (121, 44, 'V-03-NEU', '', '', '', 0, '', '2015-04-21 23:45:00', NULL, NULL, 3, '', '', 0),
  (122, 45, NULL, '', '', '', 0, '', '2015-04-21 15:07:00', NULL, NULL, -2, '', '', 0),
  (123, 45, 'V-01-048-1', '', '', '', 0, '', '2015-04-21 15:37:00', NULL, NULL, 3, '', '', 0),
  (124, 45, 'V-01-007-1', '', '', '', 0, '', '2015-04-21 15:42:00', NULL, NULL, 3, '', '', 0),
  (125, 45, 'V-01-037-1', '', '', '', 0, '', '2015-04-21 15:43:00', NULL, NULL, 3, '', '', 0),
  (126, 45, NULL, '', '', '', 0, '', '2015-04-21 15:45:14', NULL, NULL, -2, '', NULL, 0),
  (127, 45, NULL, '', '', '', 0, '', '2015-04-21 15:53:09', NULL, NULL, -2, '', NULL, 0),
  (128, 45, NULL, '', '', '', 0, '', '2015-04-21 15:57:36', NULL, NULL, -2, '', NULL, 0),
  (129, 46, NULL, '', '', '', 0, '', '2015-04-19 14:35:00', NULL, NULL, 1, '', '', 0),
  (130, 46, 'V-02-034-1', '', '', '', 0, '', '2015-04-21 23:33:00', NULL, NULL, 3, '', '', 0),
  (131, 46, 'V-02-045-2', '', '', '', 0, '', '2015-04-21 23:51:00', NULL, NULL, 3, '', '', 0),
  (132, 46, 'V-02-045-2', '', '', '', 0, '', '2015-04-21 23:52:00', NULL, NULL, -2, '', '', 0),
  (133, 46, 'V-02-032-1', '', '', '', 0, '', '2015-04-22 08:12:00', NULL, NULL, 3, '', '', 0),
  (134, 46, 'V-02-045-1', '', '', '', 0, '', '2015-04-22 08:15:00', NULL, NULL, 3, '', '', 0),
  (135, 48, 'V-05-061-1', '', '', '', 0, '', '2015-04-21 23:36:00', NULL, NULL, 3, '', '', 0),
  (136, 52, NULL, '', '', '', 0, '', '2015-04-19 09:08:11', NULL, NULL, -2, '', NULL, 0),
  (137, 59, 'F-01-004', '', '', '', 0, '', '2015-03-12 06:43:00', NULL, NULL, -2, '', '', 0),
  (138, 64, NULL, '', '', '', 0, '', '2015-03-21 04:58:52', NULL, NULL, -2, '', NULL, 0),
  (139, 64, NULL, '', '', '', 0, '', '2015-04-09 14:17:00', NULL, NULL, -2, '', '', 0),
  (140, 64, NULL, '', '', '', 0, '', '2015-04-09 14:17:47', NULL, NULL, -2, '', NULL, 0),
  (141, 64, NULL, '', '', '', 0, '', '2015-04-10 15:12:55', NULL, NULL, -2, '', NULL, 0),
  (142, 64, NULL, '', '', '', 0, '', '2015-04-10 15:13:15', NULL, NULL, -2, '', NULL, 0),
  (143, 64, 'Z-01-115-1', '', '', '', 0, '', '2015-04-20 15:26:00', NULL, NULL, 3, '', '', 0),
  (144, 64, NULL, '', '', '', 0, '', '2015-04-20 15:29:00', NULL, NULL, -2, '', '', 0),
  (145, 64, NULL, '', '', '', 0, '', '2015-04-20 15:32:00', NULL, NULL, -2, '', '', 0),
  (146, 64, 'Z-01-119-1', '', '', '', 0, '', '2015-04-20 15:39:00', NULL, NULL, 3, '', '', 0),
  (147, 64, 'Z-01-033-1', '', '', '', 0, '', '2015-04-21 22:19:44', NULL, NULL, 3, '', NULL, 0),
  (148, 64, 'Z-01-274-1', '', '', '', 0, '', '2015-04-21 22:20:00', NULL, NULL, 3, '', '', 0),
  (149, 64, 'Z-01-040-1', '', '', '', 0, '', '2015-04-21 22:22:00', NULL, NULL, 3, '', '', 0),
  (150, 64, 'Z-01-274-1', '', '', '', 0, '', '2015-04-21 22:23:31', NULL, NULL, -2, '', NULL, 0),
  (151, 64, 'Z-01-262-1', '', '', '', 0, '', '2015-04-21 22:25:48', NULL, NULL, 3, '', NULL, 0),
  (152, 64, 'Z-01-041-1', '', '', '', 0, '', '2015-04-21 22:26:26', NULL, NULL, 3, '', NULL, 0),
  (153, 64, 'Z-01-255-1', '', '', '', 0, '', '2015-04-21 22:29:00', NULL, NULL, -2, '', '', 0),
  (154, 64, NULL, '', '', '', 0, '', '2015-04-21 22:30:20', NULL, NULL, -2, '', NULL, 0),
  (155, 64, 'Z-01-233-1', '', '', '', 0, '', '2015-04-21 22:31:45', NULL, NULL, 3, '', NULL, 0),
  (156, 64, 'Z-01-076-1', '', '', '', 0, '', '2015-04-21 22:33:33', NULL, NULL, 3, '', NULL, 0),
  (157, 64, 'Z-01-097-1', '', '', '', 0, '', '2015-04-21 22:35:47', NULL, NULL, 3, '', NULL, 0),
  (158, 64, 'Z-01-146-1', '', '', '', 0, '', '2015-04-21 22:37:42', NULL, NULL, 3, '', NULL, 0),
  (159, 64, 'Z-01-255-1', '', '', '', 0, '', '2015-04-21 22:39:00', NULL, NULL, 3, '', '', 0),
  (160, 64, 'Z-01-159-1', '', '', '', 0, '', '2015-04-21 22:39:42', NULL, NULL, 3, '', NULL, 0),
  (161, 64, 'Z-01-015-1', '', '', '', 0, '', '2015-04-21 22:39:49', NULL, NULL, 3, '', NULL, 0),
  (162, 64, 'Z-01-097-2', '', '', '', 0, '', '2015-04-21 22:42:49', NULL, NULL, 3, '', NULL, 0),
  (163, 64, 'Z-01-171-1', '', '', '', 0, '', '2015-04-21 22:45:00', NULL, NULL, -2, '', '', 0),
  (164, 64, 'Z-01-171-1', '', '', '', 0, '', '2015-04-21 22:47:15', NULL, NULL, 3, '', NULL, 0),
  (165, 64, 'Z-01-180-1', '', '', '', 0, '', '2015-04-21 22:49:49', NULL, NULL, 3, '', NULL, 0),
  (166, 64, 'Z-01-194-1', '', '', '', 0, '', '2015-04-21 22:51:58', NULL, NULL, 3, '', NULL, 0),
  (167, 64, 'Z-01-194-2', '', '', '', 0, '', '2015-04-22 03:54:05', NULL, NULL, 3, '', NULL, 0),
  (168, 64, 'Z-01-009-1', '', '', '', 0, '', '2015-04-22 04:11:00', NULL, NULL, 3, '', '', 0),
  (169, 64, NULL, '', '', '', 0, '', '2015-04-22 04:13:07', NULL, NULL, -2, '', NULL, 0),
  (170, 64, 'Z-01-016-1', '', '', '', 0, '', '2015-04-22 04:15:58', NULL, NULL, 3, '', NULL, 0),
  (171, 64, 'Z-01-023-1', '', '', '', 0, '', '2015-04-22 04:17:57', NULL, NULL, 3, '', NULL, 0),
  (172, 64, 'Z-01-041-2', '', '', '', 0, '', '2015-04-22 04:19:26', NULL, NULL, 3, '', NULL, 0),
  (173, 64, 'Z-01-064-1', '', '', '', 0, '', '2015-04-22 04:20:56', NULL, NULL, 3, '', NULL, 0),
  (174, 64, 'Z-01-069-1', '', '', '', 0, '', '2015-04-22 04:22:58', NULL, NULL, 3, '', NULL, 0),
  (175, 64, 'Z-01-252-1', '', '', '', 0, '', '2015-04-22 04:25:43', NULL, NULL, 3, '', NULL, 0),
  (176, 64, 'Z-01-110-1', '', '', '', 0, '', '2015-04-22 04:29:19', NULL, NULL, 3, '', NULL, 0),
  (177, 64, 'Z-01-121-1', '', '', '', 0, '', '2015-04-22 04:30:30', NULL, NULL, 3, '', NULL, 0),
  (178, 64, 'Z-01-134-1', '', '', '', 0, '', '2015-04-22 04:32:29', NULL, NULL, 3, '', NULL, 0),
  (179, 64, 'Z-01-201-1', '', '', '', 0, '', '2015-04-22 04:35:30', NULL, NULL, 3, '', NULL, 0),
  (180, 64, 'Z-01-208-1', '', '', '', 0, '', '2015-04-22 04:58:00', NULL, NULL, 3, '', '', 0),
  (181, 64, 'Z-01-214-1', '', '', '', 0, '', '2015-04-22 05:02:00', NULL, NULL, 3, '', '', 0),
  (182, 64, 'Z-01-224-1', '', '', '', 0, '', '2015-04-22 05:06:00', NULL, NULL, 3, '', '', 0),
  (183, 64, 'Z-01-274-2', '', '', '', 0, '', '2015-04-22 05:07:00', NULL, NULL, 3, '', '', 0),
  (184, 64, 'Z-01-252-2', '', '', '', 0, '', '2015-04-22 05:26:00', NULL, NULL, 3, '', '', 0),
  (185, 64, 'Z-01-087-1', '', '', '', 0, '', '2015-04-22 05:32:00', NULL, NULL, 3, '', '', 0),
  (186, 64, 'Z-01-148-1', '', '', '', 0, '', '2015-04-22 05:37:00', NULL, NULL, 3, '', '', 0),
  (187, 64, 'Z-01-208-2', '', '', '', 0, '', '2015-04-22 05:46:00', NULL, NULL, 3, '', '', 0),
  (188, 64, 'Z-01-131-1', '', '', '', 0, '', '2015-04-22 13:56:00', NULL, NULL, 3, '', '', 0),
  (189, 64, 'Z-01-136-1', '', '', '', 0, '', '2015-04-22 14:01:00', NULL, NULL, 3, '', '', 0),
  (190, 64, NULL, '', '', '', 0, '', '2015-05-06 14:33:27', NULL, NULL, -2, '', NULL, 0),
  (191, 64, NULL, '', '', '', 0, '', '2015-07-08 21:57:00', NULL, NULL, 2, '', '', 0),
  (192, 92, 'W-01-128-1', '', '', '', 0, '', '2015-04-21 22:14:30', NULL, NULL, 3, '', NULL, 0),
  (193, 92, 'W-01-428-1', '', '', '', 0, '', '2015-04-21 22:19:12', NULL, NULL, 3, '', NULL, 0),
  (194, 92, 'W-01-443-1', '', '', '', 0, '', '2015-04-21 22:22:10', NULL, NULL, 3, '', NULL, 0),
  (195, 92, 'W-01-224-1', '', '', '', 0, '', '2015-04-21 22:30:59', NULL, NULL, -2, '', NULL, 0),
  (196, 92, 'W-01-302-1', '', '', '', 0, '', '2015-04-21 22:33:26', NULL, NULL, 3, '', NULL, 0),
  (197, 92, 'W-01-312-1', '', '', '', 0, '', '2015-04-21 22:38:53', NULL, NULL, 3, '', NULL, 0),
  (198, 92, 'W-01-093-1', '', '', '', 0, '', '2015-04-21 22:43:03', NULL, NULL, 3, '', NULL, 0),
  (199, 92, 'W-01-099-1', '', '', '', 0, '', '2015-04-21 22:46:19', NULL, NULL, 3, '', NULL, 0),
  (200, 92, 'W-01-041-1', '', '', '', 0, '', '2015-04-21 23:10:00', NULL, NULL, 3, '', '', 0),
  (201, 92, 'W-01-047-1', '', '', '', 0, '', '2015-04-21 23:12:56', NULL, NULL, 3, '', NULL, 0),
  (202, 92, 'W-01-056-1', '', '', '', 0, '', '2015-04-21 23:16:00', NULL, NULL, 3, '', '', 0),
  (203, 92, 'W-01-083-1', '', '', '', 0, '', '2015-04-21 23:20:00', NULL, NULL, 3, '', '', 0),
  (204, 92, 'W-01-122-1', '', '', '', 0, '', '2015-04-21 23:24:22', NULL, NULL, 3, '', NULL, 0),
  (205, 92, 'W-01-206-1', '', '', '', 0, '', '2015-04-21 23:26:59', NULL, NULL, 3, '', NULL, 0),
  (206, 92, 'W-01-355-1', '', '', '', 0, '', '2015-04-21 23:33:00', NULL, NULL, 3, '', '', 0),
  (207, 92, 'W-01-437-1', '', '', '', 0, '', '2015-04-21 23:38:19', NULL, NULL, 3, '', NULL, 0),
  (208, 92, 'W-01-449-1', '', '', '', 0, '', '2015-04-22 02:29:00', NULL, NULL, 3, '', '', 0),
  (209, 92, 'W-01-002-1', '', '', '', 0, '', '2015-04-22 03:11:00', NULL, NULL, 3, '', 'Theresa ist alleine nicht antragsberechtigt', 0),
  (210, 92, 'W-01-008-1', '', '', '', 0, '', '2015-04-22 03:14:00', NULL, NULL, 3, '', '', 0),
  (211, 92, 'W-01-007-1', '', '', '', 0, '', '2015-04-22 03:15:00', NULL, NULL, 3, '', '', 0),
  (212, 92, 'W-01-014-2', '', '', '', 0, '', '2015-04-22 03:16:00', NULL, NULL, 3, '', '', 0),
  (213, 92, 'W-01-020-1', '', '', '', 0, '', '2015-04-22 03:18:00', NULL, NULL, 3, '', '', 0),
  (214, 92, 'W-01-048-1', '', '', '', 0, '', '2015-04-22 03:22:00', NULL, NULL, 3, '', '', 0),
  (215, 92, 'W-01-059-1', '', '', '', 0, '', '2015-04-22 03:24:00', NULL, NULL, 3, '', '', 0),
  (216, 92, 'W-01-095-2', '', '', '', 0, '', '2015-04-22 03:24:00', NULL, NULL, 3, '', '', 0),
  (217, 92, 'W-01-060-2', '', '', '', 0, '', '2015-04-22 03:28:00', NULL, NULL, 3, '', '', 0),
  (218, 92, 'W-01-076-1', '', '', '', 0, '', '2015-04-22 03:31:00', NULL, NULL, 3, '', '', 0),
  (219, 92, 'W-01-082-1', '', '', '', 0, '', '2015-04-22 03:33:00', NULL, NULL, 3, '', '', 0),
  (220, 92, 'W-01-103-1', '', '', '', 0, '', '2015-04-22 03:34:00', NULL, NULL, 3, '', '', 0),
  (221, 92, 'W-01-104-1', '', '', '', 0, '', '2015-04-22 03:38:00', NULL, NULL, 3, '', '', 0),
  (222, 92, NULL, '', '', '', 0, '', '2015-04-22 03:39:00', NULL, NULL, -2, '', '', 0),
  (223, 92, 'W-01-111-1', '', '', '', 0, '', '2015-04-22 03:41:00', NULL, NULL, 3, '', '', 0),
  (224, 92, 'W-01-121-1', '', '', '', 0, '', '2015-04-22 03:42:00', NULL, NULL, 3, '', '', 0),
  (225, 92, 'W-01-130-1', '', '', '', 0, '', '2015-04-22 03:44:00', NULL, NULL, 3, '', '', 0),
  (226, 92, 'W-01-141-1', '', '', '', 0, '', '2015-04-22 03:46:00', NULL, NULL, 3, '', '', 0),
  (227, 92, 'W-01-209-1', '', '', '', 0, '', '2015-04-22 03:48:00', NULL, NULL, 3, '', '', 0),
  (228, 92, 'W-01-247-1', '', '', '', 0, '', '2015-04-22 03:49:00', NULL, NULL, 3, '', '', 0),
  (229, 92, 'W-01-249-1', '', '', '', 0, '', '2015-04-22 03:50:00', NULL, NULL, 3, '', '', 0),
  (230, 92, 'W-01-253-1', '', '', '', 0, '', '2015-04-22 03:52:00', NULL, NULL, 3, '', '', 0),
  (231, 92, 'W-01-280-1', '', '', '', 0, '', '2015-04-22 03:54:00', NULL, NULL, 3, '', '', 0),
  (232, 92, 'W-01-296-1', '', '', '', 0, '', '2015-04-22 03:57:00', NULL, NULL, 3, '', '', 0),
  (233, 92, 'W-01-378-1', '', '', '', 0, '', '2015-04-22 03:59:00', NULL, NULL, 3, '', '', 0),
  (234, 92, 'W-01-420-1', '', '', '', 0, '', '2015-04-22 04:00:00', NULL, NULL, 3, '', '', 0),
  (235, 92, NULL, '', '', '', 0, '', '2015-04-22 04:01:00', NULL, NULL, -2, '', '', 0),
  (236, 92, 'W-01-427-1', '', '', '', 0, '', '2015-04-22 04:02:00', NULL, NULL, 3, '', '', 0),
  (237, 92, 'W-01-453-1', '', '', '', 0, '', '2015-04-22 04:04:00', NULL, NULL, 3, '', '', 0),
  (238, 92, 'W-01-471-1', '', '', '', 0, '', '2015-04-22 04:05:00', NULL, NULL, 3, '', '', 0),
  (239, 92, 'W-01-031-1', '', '', '', 0, '', '2015-04-22 04:18:00', NULL, NULL, 3, '', '', 0),
  (240, 92, 'W-01-060-1', '', '', '', 0, '', '2015-04-22 04:54:01', NULL, NULL, 3, '', NULL, 0),
  (241, 92, 'W-01-034-1', '', '', '', 0, '', '2015-04-22 05:56:00', NULL, NULL, 3, '', '', 0),
  (242, 92, 'W-01-036-2', '', '', '', 0, '', '2015-04-22 05:58:00', NULL, NULL, 3, '', '', 0),
  (243, 92, 'W-01-014-1', '', '', '', 0, '', '2015-04-22 13:20:00', NULL, NULL, 3, '', '', 0),
  (244, 92, 'W-01-030-1', '', '', '', 0, '', '2015-04-22 13:30:03', NULL, NULL, 3, '', NULL, 0),
  (245, 92, 'W-01-036-1', '', '', '', 0, '', '2015-04-22 13:32:20', NULL, NULL, 3, '', NULL, 0),
  (246, 92, 'W-01-047-2', '', '', '', 0, '', '2015-04-22 13:34:10', NULL, NULL, 3, '', NULL, 0),
  (247, 92, 'W-01-053-1', '', '', '', 0, '', '2015-04-22 13:43:53', NULL, NULL, 3, '', NULL, 0),
  (248, 92, 'W-01-095-1', '', '', '', 0, '', '2015-04-22 13:46:53', NULL, NULL, 3, '', NULL, 0),
  (249, 92, 'W-01-142-1', '', '', '', 0, '', '2015-04-22 13:48:31', NULL, NULL, 3, '', NULL, 0),
  (250, 92, 'W-01-426-1', '', '', '', 0, '', '2015-04-22 13:51:00', NULL, NULL, 3, '', '', 0),
  (251, 92, 'W-01-142-2', '', '', '', 0, '', '2015-04-22 15:33:00', NULL, NULL, 3, '', '', 0),
  (252, 92, 'W-01-224-1', '', '', '', 0, '', '2015-04-22 17:11:00', NULL, NULL, 3, '', '', 0),
  (253, 98, NULL, '', '', '', 0, '', '2015-04-19 20:39:00', NULL, NULL, 1, '', '', 0),
  (254, 98, 'V-03-NEU', '', '', '', 0, '', '2015-04-22 05:45:00', NULL, NULL, 3, '', '', 0),
  (255, 99, NULL, '', '', '', 0, '', '2015-04-21 21:07:00', NULL, NULL, -2, '', '', 0),
  (256, 99, 'V-01-048-1', '', '', '', 0, '', '2015-04-21 21:37:00', NULL, NULL, 3, '', '', 0),
  (257, 99, 'V-01-007-1', '', '', '', 0, '', '2015-04-21 21:42:00', NULL, NULL, 3, '', '', 0),
  (258, 99, 'V-01-037-1', '', '', '', 0, '', '2015-04-21 21:43:00', NULL, NULL, 3, '', '', 0),
  (259, 99, NULL, '', '', '', 0, '', '2015-04-21 21:45:14', NULL, NULL, -2, '', NULL, 0),
  (260, 99, NULL, '', '', '', 0, '', '2015-04-21 21:53:09', NULL, NULL, -2, '', NULL, 0),
  (261, 99, NULL, '', '', '', 0, '', '2015-04-21 21:57:36', NULL, NULL, -2, '', NULL, 0),
  (262, 100, NULL, '', '', '', 0, '', '2015-04-19 20:35:00', NULL, NULL, 1, '', '', 0),
  (263, 100, 'V-02-034-1', '', '', '', 0, '', '2015-04-22 05:33:00', NULL, NULL, 3, '', '', 0),
  (264, 100, 'V-02-045-2', '', '', '', 0, '', '2015-04-22 05:51:00', NULL, NULL, 3, '', '', 0),
  (265, 100, 'V-02-045-2', '', '', '', 0, '', '2015-04-22 05:52:00', NULL, NULL, -2, '', '', 0),
  (266, 100, 'V-02-032-1', '', '', '', 0, '', '2015-04-22 14:12:00', NULL, NULL, 3, '', '', 0),
  (267, 100, 'V-02-045-1', '', '', '', 0, '', '2015-04-22 14:15:00', NULL, NULL, 3, '', '', 0),
  (268, 102, 'V-05-061-1', '', '', '', 0, '', '2015-04-22 05:36:00', NULL, NULL, 3, '', '', 0),
  (269, 106, NULL, '', '', '', 0, '', '2015-04-19 15:08:11', NULL, NULL, -2, '', NULL, 0),
  (270, 2, 'Ä3', '', '', '', 0, '', '2015-07-23 01:08:33', NULL, NULL, 3, '', NULL, 0),
  (271, 112, 'A2-145-1', '', '', '', 0, '', '2015-07-29 02:34:28', NULL, NULL, 3, '', NULL, 0),
  (272, 2, 'Ä4', '', '', '', 0, '', '2015-07-30 02:30:53', NULL, NULL, 3, '', NULL, 0),
  (273, 2, 'Ä5', '', '', '', 0, '', '2015-07-30 03:37:45', NULL, NULL, 3, '', NULL, 0),
  (274, 2, 'Ä6', '', '', '<p>Test</p>', 0, '', '2015-08-08 14:45:01', '2015-08-08 14:45:34', NULL, 3, '', NULL, 0);

--
-- Dumping data for table `amendmentSection`
--

INSERT INTO `amendmentSection` (`amendmentId`, `sectionId`, `data`, `dataRaw`, `cache`, `metadata`) VALUES
  (1, 1, 'Lorem ipsum dolor sit amet', 'Lorem ipsum dolor sit amet', '', NULL),
  (1, 2, '<p>Bavaria ipsum dolor sit amet Biazelt Auffisteign Schorsch mim Radl foahn Ohrwaschl Steckerleis wann griagd ma nacha wos z’dringa glacht Mamalad, muass? I bin a woschechta Bayer sowos oamoi und sei und glei wirds no fui lustiga: Jo mei is des schee middn ognudelt, Trachtnhuat Biawambn gscheid: Griasd eich midnand etza nix Gwiass woass ma ned owe. Dahoam gscheckate middn Spuiratz des is a gmahde Wiesn. Des is schee so Obazda san da, Haferl pfenningguat schoo griasd eich midnand.</p>\n<ul>\n<li>Auffi Gamsbart nimma de Sepp Ledahosn Ohrwaschl um Godds wujn Wiesn Deandlgwand Mongdratzal! Jo leck mi Mamalad i daad mechad?</li>\n	<li>Do nackata Wurscht i hob di narrisch gean, Diandldrahn Deandlgwand vui huift vui woaß?</li>\n	<li>Ned Mamalad auffi i bin a woschechta Bayer greaßt eich nachad, umananda gwiss nia need Weiznglasl.</li>\n	<li>Woibbadinga noch da Giasinga Heiwog Biazelt mechad mim Spuiratz, soi zwoa.</li>\n	<li>Oamoi a Maß und no a Maß des basd scho wann griagd ma nacha wos z’dringa do Meidromml, oba a fescha Bua!</li>\n</ul>\n<p>I waar soweid Blosmusi es nomoi. Broadwurschtbudn des is a gmahde Wiesn Kirwa mogsd a Bussal Guglhupf schüds nei. Luja i moan oiwei Baamwach Watschnbaam, wiavui baddscher! Biakriagal a fescha Bua Semmlkneedl iabaroi oba um Godds wujn Ledahosn wui Greichats. Geh um Godds wujn luja heid greaßt eich nachad woaß Breihaus eam! De om auf’n Gipfe auf gehds beim Schichtl mehra Baamwach a bissal wos gehd ollaweil gscheid:</p>\n<blockquote>\n<p>Scheans Schdarmbeaga See i hob di narrisch gean i jo mei is des schee! Nia eam hod vasteh i sog ja nix, i red ja bloß sammawiedaguad, umma eana obandeln! Zwoa jo mei scheans amoi, san und hoggd Milli barfuaßat gscheit. Foidweg vui huift vui singan, mehra Biakriagal om auf’n Gipfe! Ozapfa sodala Charivari greaßt eich nachad Broadwurschtbudn do middn liberalitas Bavariae sowos Leonhardifahrt:</p>\n</blockquote>\n<p>Wui helfgod Wiesn, ognudelt schaugn: Dahoam gelbe Rüam Schneid singan wo hi sauba i moan scho aa no a Maß a Maß und no a Maß nimma. Is umananda a ganze Hoiwe zwoa, Schneid. Vui huift vui Brodzeid kumm geh naa i daad vo de allerweil, gor. Woaß wia Gams, damischa. A ganze Hoiwe Ohrwaschl Greichats iabaroi Prosd Engelgwand nix Reiwadatschi.Weibaleid ognudelt Ledahosn noch da Giasinga Heiwog i daad Almrausch, Ewig und drei Dog nackata wea ko, dea ko. Meidromml Graudwiggal nois dei, nackata. No Diandldrahn nix Gwiass woass ma ned hod boarischer: Samma sammawiedaguad wos, i hoam Brodzeid. Jo mei Sepp Gaudi, is ma Wuascht do Hendl Xaver Prosd eana an a bravs. Sauwedda an Brezn, abfieseln.</p>', '<p>Bavaria ipsum dolor sit amet Biazelt Auffisteign Schorsch mim Radl foahn Ohrwaschl Steckerleis wann griagd ma nacha wos z&rsquo;dringa glacht Mamalad, muass? I bin a woschechta Bayer sowos oamoi und sei und glei wirds no fui lustiga: Jo mei is des schee middn ognudelt, Trachtnhuat Biawambn gscheid: Griasd eich midnand etza nix Gwiass woass ma ned owe. Dahoam gscheckate middn Spuiratz des is a gmahde Wiesn. Des is schee so Obazda san da, Haferl pfenningguat schoo griasd eich midnand.</p>\n\n<ul>\n	<li>Auffi Gamsbart nimma de Sepp Ledahosn Ohrwaschl um Godds wujn Wiesn Deandlgwand Mongdratzal! Jo leck mi Mamalad i daad mechad?</li>\n	<li>Do nackata Wurscht i hob di narrisch gean, Diandldrahn Deandlgwand vui huift vui woa&szlig;?</li>\n	<li>Ned Mamalad auffi i bin a woschechta Bayer grea&szlig;t eich nachad, umananda gwiss nia need Weiznglasl.</li>\n	<li>Woibbadinga noch da Giasinga Heiwog Biazelt mechad mim Spuiratz, soi zwoa.</li>\n	<li><span class="ice-cts ice-ins" data-changedata="" data-cid="2" data-last-change-time="1432410364839" data-time="1432410364839" data-userid="" data-username="">Oamoi a Ma&szlig; und no a Ma&szlig; des basd scho wann griagd ma nacha wos z&rsquo;dringa do Meidromml, oba a fescha Bua!</span></li>\n</ul>\n\n<p>I waar soweid Blosmusi es nomoi. Broadwurschtbudn des is a gmahde Wiesn Kirwa mogsd a Bussal Guglhupf sch&uuml;ds nei. Luja i moan oiwei Baamwach Watschnbaam, wiavui baddscher! Biakriagal a fescha Bua Semmlkneedl iabaroi oba um Godds wujn Ledahosn wui Greichats. Geh um Godds wujn luja heid grea&szlig;t eich nachad woa&szlig; Breihaus eam! De om auf&rsquo;n Gipfe auf gehds beim Schichtl mehra Baamwach a bissal wos gehd ollaweil gscheid:</p>\n\n<blockquote>\n<p>Scheans Schdarmbeaga See i hob di narrisch gean i jo mei is des schee! Nia eam hod vasteh i sog ja nix, i red ja blo&szlig; sammawiedaguad, umma eana obandeln! Zwoa jo mei scheans amoi, san und hoggd Milli barfua&szlig;at gscheit. Foidweg vui huift vui singan, mehra Biakriagal om auf&rsquo;n Gipfe! Ozapfa sodala Charivari grea&szlig;t eich nachad Broadwurschtbudn do middn liberalitas Bavariae sowos Leonhardifahrt:</p>\n</blockquote>\n\n<p>Wui helfgod Wiesn, ognudelt schaugn: Dahoam gelbe R&uuml;am Schneid singan wo hi sauba i moan scho aa no a Ma&szlig; a Ma&szlig; und no a Ma&szlig; nimma. Is umananda a ganze Hoiwe zwoa, Schneid. Vui huift vui Brodzeid kumm geh naa i daad vo de allerweil, gor. Woa&szlig; wia Gams, damischa. A ganze Hoiwe Ohrwaschl Greichats iabaroi Prosd Engelgwand nix Reiwadatschi.Weibaleid ognudelt Ledahosn noch da Giasinga Heiwog i daad Almrausch, Ewig und drei Dog nackata wea ko, dea ko. Meidromml Graudwiggal nois dei, nackata. No Diandldrahn nix Gwiass woass ma ned hod boarischer: Samma sammawiedaguad wos, i hoam Brodzeid. Jo mei Sepp Gaudi, is ma Wuascht do Hendl Xaver Prosd eana an a bravs. Sauwedda an Brezn, abfieseln.</p>', '', NULL),
  (1, 4, '<p>Woibbadinga damischa owe gwihss Sauwedda ded Charivari dei heid gfoids ma sagrisch guad. Maßkruag wo hi mim Radl foahn Landla Leonhardifahrt, Radler. Ohrwaschl und glei wirds no fui lustiga Spotzerl Fünferl, so auf gehds beim Schichtl do legst di nieda ned Biawambn Breihaus. I mechad dee Schwoanshaxn ghupft wia gsprunga measi gschmeidig hawadere midananda vui huift vui Biawambn, des wiad a Mordsgaudi is. Biaschlegl soi oans, zwoa, gsuffa Oachkatzlschwoaf hod Wiesn.</p>\n<p>Oamoi großherzig Mamalad, liberalitas Bavariae hoggd! Nimmds helfgod im Beidl des basd scho i hob di liab. A Prosit der Gmiadlichkeit midanand mim obandln do mim Radl foahn, Jodler. Ned woar Brotzeit Brotzeit gwihss eana Gidarn. Foidweg Spuiratz kimmt, um Godds wujn. Am acht’n Tag schuf Gott des Bia i sog ja nix, i red ja bloß jedza, Biakriagal a bissal wos gehd ollaweil. Ledahosn om auf’n Gipfe Servas des wiad a Mordsgaudi, griasd eich midnand Bladl Fünferl Gams.</p>\n<p>Leonhardifahrt ma da middn. Greichats an naa do. Af Schuabladdla Leonhardifahrt Marei, des um Godds wujn Biakriagal! Hallelujah sog i, luja schüds nei koa des is schee jedza hogg di hera dringma aweng Spezi nia Musi. Wurschtsolod jo mei is des schee gor Ramasuri ozapfa no gfreit mi i hob di liab auffi, Schbozal. Hogg di hera nia need Biakriagal so schee, Schdarmbeaga See.</p>', '<p>Woibbadinga damischa owe gwihss Sauwedda ded Charivari dei heid gfoids ma sagrisch guad. Ma&szlig;kruag wo hi mim Radl foahn Landla Leonhardifahrt, Radler. Ohrwaschl und glei wirds no fui lustiga Spotzerl F&uuml;nferl, so auf gehds beim Schichtl do legst di nieda ned Biawambn Breihaus. I mechad dee Schwoanshaxn ghupft wia gsprunga measi gschmeidig hawadere midananda vui huift vui Biawambn, des wiad a Mordsgaudi is. Biaschlegl soi oans, zwoa, gsuffa Oachkatzlschwoaf hod Wiesn.</p>\n\n<p>Oamoi gro&szlig;herzig Mamalad, liberalitas Bavariae hoggd! Nimmds helfgod im Beidl des basd scho i hob di liab. A Prosit der Gmiadlichkeit midanand mim obandln do mim Radl foahn, Jodler. Ned woar Brotzeit Brotzeit gwihss eana Gidarn. Foidweg Spuiratz kimmt, um Godds wujn. Am acht&rsquo;n Tag schuf Gott des Bia i sog ja nix, i red ja blo&szlig; jedza, Biakriagal a bissal wos gehd ollaweil. Ledahosn om auf&rsquo;n Gipfe Servas des wiad a Mordsgaudi, griasd eich midnand Bladl F&uuml;nferl Gams.</p>\n\n<p>Leonhardifahrt ma da middn. Greichats an naa do. Af Schuabladdla Leonhardifahrt Marei, des um Godds wujn Biakriagal! Hallelujah sog i, luja sch&uuml;ds nei koa des is schee jedza hogg di hera dringma aweng Spezi nia Musi. Wurschtsolod jo mei is des schee gor Ramasuri ozapfa no gfreit mi i hob di liab auffi, Schbozal. Hogg di hera nia need Biakriagal so schee, Schdarmbeaga See.</p>', '', NULL),
  (2, 1, 'Textformatierungen', 'Textformatierungen', '', NULL),
  (2, 2, '<p>Normaler Text, nicht mehr fett und kursiv<br>\nZeilenumbruch <span class="underline">unterstrichen<br>\nUnd noch eine neue Zeile gq Q.</span></p>\n<p><span class="strike">Durchgestrichen und <em>kursiv</em></span></p>\n<ol><li>Listenpunkt</li>\n	<li>Listenpunkt (<em>kursiv</em>)<br>\n	Zeilenumbruch</li>\n	<li>Nummer 3</li>\n	<li>Seltsame Zeichen: &amp; % $ # _ { } ~ ^ \\ \\today</li>\n</ol><p>Normaler Text wieder.</p>\n<p>Absatz 2</p>\n<ul>\n<li>Einfache Punkte</li>\n	<li>Nummer 2</li>\n</ul>\n<p>Link Bla</p>\n<blockquote>\n<p>Zitat 223<br>\nZeilenumbruch</p>\n<p>Neuer Paragraph</p>\n</blockquote>\n<p>Ende</p>', '<p>Normaler Text<ins class="ice-ins ice-cts" data-changedata="" data-cid="2" data-last-change-time="1436184812653" data-time="1436184809398" data-userid="" data-username="">, nicht mehr</ins> fett und kursiv<br />\nZeilenumbruch <span class="underline">unterstrich<ins class="ice-ins ice-cts" data-changedata="" data-cid="17" data-last-change-time="1436184821900" data-time="1436184821900" data-userid="" data-username=""></ins>en<br />\n<ins class="ice-ins ice-cts" data-changedata="" data-cid="19" data-last-change-time="1436184827341" data-time="1436184823592" data-userid="" data-username="">Und noch eine neue Zeile.</ins></span></p>\n\n<p><span class="strike">Durchgestrichen und <em>kursiv</em></span></p>\n\n<ol>\n	<li>Listenpunkt</li>\n	<li>Listenpunkt (<em>kursiv</em>)<br />\n	Zeilenumbruch</li>\n	<li>Nummer 3</li>\n	<li>Seltsame Zeichen: &amp; % $ # _ { } ~ ^ \\ \\today</li>\n</ol>\n\n<p>Normaler Text wieder.</p>\n\n<p>Absatz 2</p>\n\n<ul>\n	<li>Einfache Punkte</li>\n	<li>Nummer 2</li>\n</ul>\n\n<p>Link Bla</p>\n\n<blockquote>\n<p>Zitat 223<br />\nZeilenumbruch</p>\n\n<p>Neuer Paragraph</p>\n</blockquote>\n\n<p>Ende</p>', '', NULL),
  (2, 4, '<p>Textformatierungs-Test</p>', '<p>Textformatierungs-Test</p>', '', NULL),
  (3, 1, 'O’zapft is!', 'O’zapft is!', '', NULL),
  (3, 2, '<p>Bavaria ipsum dolor sit amet Biazelt Auffisteign Schorsch mim Radl foahn Ohrwaschl Steckerleis wann griagd ma nacha wos z’dringa glacht Mamalad, muass? I bin a woschechta Bayer sowos oamoi und sei und glei wirds no fui lustiga: Jo mei is des schee middn ognudelt, Trachtnhuat Biawambn gscheid: Griasd eich midnand etza nix Gwiass woass ma ned owe. Dahoam gscheckate middn Spuiratz des is a gmahde Wiesn. Des is schee so Obazda san da, Haferl pfenningguat schoo griasd eich midnand.</p>\n<ul>\n<li>Auffi Gamsbart nimma de Sepp Ledahosn Ohrwaschl um Godds wujn Wiesn Deandlgwand Mongdratzal! Jo leck mi Mamalad i daad mechad?</li>\n	<li>Neuer Punkt</li>\n	<li>Do nackata Wurscht i hob di narrisch gean, Diandldrahn Deandlgwand vui huift vui woaß?</li>\n	<li>Ned Mamalad auffi i bin a woschechta Bayer greaßt eich nachad, umananda gwiss nia need Weiznglasl.</li>\n	\n</ul>\n<p>I waar soweid Blosmusi es nomoi. Broadwurschtbudn des is a gmahde Wiesn Kirwa mogsd a Bussal Guglhupf schüds nei. Luja i moan oiwei Baamwach Watschnbaam, wiavui baddscher! Biakriagal a fescha Bua Semmlkneedl iabaroi oba um Godds wujn Ledahosn wui Greichats. Geh um Godds wujn luja heid greaßt eich nachad woaß Breihaus eam! De om auf’n Gipfe auf gehds beim Schichtl mehra Baamwach a bissal wos gehd ollaweil gscheid:</p>\n<blockquote>\n<p>Scheans Schdarmbeaga See i hob di narrisch gean i jo mei is des schee! Nia eam hod vasteh i sog ja nix, i red ja bloß sammawiedaguad, umma eana obandeln! Zwoa jo mei scheans amoi, san und hoggd Milli barfuaßat gscheit. Foidweg vui huift vui singan, mehra Biakriagal om auf’n Gipfe! Ozapfa sodala Charivari greaßt eich nachad Broadwurschtbudn do middn liberalitas Bavariae sowos Leonhardifahrt:</p>\n</blockquote>\n<p>Wui helfgod Wiesn, ognudelt schaugn: Dahoam gelbe Rüam Schneid singan wo hi sauba i moan scho aa no a Maß a Maß und no a Maß nimma. Is umananda a ganze Hoiwe zwoa, Schneid. Vui huift vui Brodzeid kumm geh naa i daad vo de allerweil, gor. Woaß wia Gams, damischa. A ganze Hoiwe Ohrwaschl Greichats iabaroi Prosd Engelgwand nix Reiwadatschi. Woibbadinga damischa owe gwihss Sauwedda Weibaleid ognudelt Ledahosn noch da Giasinga Heiwog i daad Almrausch, Ewig und drei Dog nackata wea ko, dea ko. Meidromml Graudwiggal nois dei, nackata. No Diandldrahn nix Gwiass woass ma ned hod boarischer: Samma sammawiedaguad wos, i hoam Brodzeid. Jo mei Sepp Gaudi, is ma Wuascht do Hendl Xaver Prosd eana an a bravs.</p>', '<p>Bavaria ipsum dolor sit amet Biazelt Auffisteign Schorsch mim Radl foahn Ohrwaschl Steckerleis wann griagd ma nacha wos z&rsquo;dringa glacht Mamalad, muass? I bin a woschechta Bayer sowos oamoi und sei und glei wirds no fui lustiga: Jo mei is des schee middn ognudelt, Trachtnhuat Biawambn gscheid: Griasd eich midnand etza nix Gwiass woass ma ned owe. Dahoam gscheckate middn Spuiratz des is a gmahde Wiesn. Des is schee so Obazda san da, Haferl pfenningguat schoo griasd eich midnand.</p>\n\n<ul>\n	<li>Auffi Gamsbart nimma de Sepp Ledahosn Ohrwaschl um Godds wujn Wiesn Deandlgwand Mongdratzal! Jo leck<ins class="ice-ins ice-cts" data-changedata="" data-cid="2" data-last-change-time="1436269713822" data-time="1436269713822" data-userid="" data-username="">﻿</ins> mi Mamalad i daad mechad?</li>\n	<li><ins class="ice-ins ice-cts" data-changedata="" data-cid="3" data-last-change-time="1436269716823" data-time="1436269715340" data-userid="" data-username="">﻿Neuer Punkt﻿</ins></li>\n	<li>Do nackata Wurscht i hob di narrisch gean, Diandldrahn Deandlgwand vui huift vui woa&szlig;?</li>\n	<li>Ned Mamalad auffi i bin a woschechta Bayer grea&szlig;t eich nachad, umananda gwiss nia need Weiznglasl.</li>\n	<li><ins class="ice-ins ice-cts" data-changedata="" data-cid="17" data-last-change-time="1436269718348" data-time="1436269718250" data-userid="" data-username="">﻿</ins><del class="ice-del ice-cts" data-changedata="" data-cid="16" data-last-change-time="1436269718102" data-time="1436269718102" data-userid="" data-username="">Woibbadinga noch da Giasinga Heiwog Biazelt mechad mim Spuiratz, soi zwoa.</del></li>\n</ul>\n\n<p>I waar soweid Blosmusi es nomoi. Broadwurschtbudn des is a gmahde Wiesn Kirwa mogsd a Bussal Guglhupf sch&uuml;ds nei. Luja i moan oiwei Baamwach Watschnbaam, wiavui baddscher! Biakriagal a fescha Bua Semmlkneedl iabaroi oba um Godds wujn Ledahosn wui Greichats. Geh um Godds wujn luja heid grea&szlig;t eich nachad woa&szlig; Breihaus eam! De om auf&rsquo;n Gipfe auf gehds beim Schichtl mehra Baamwach a bissal wos gehd ollaweil gscheid:</p>\n\n<blockquote>\n<p>Scheans Schdarmbeaga See i hob di narrisch gean i jo mei is des schee! Nia eam hod vasteh i sog ja nix, i red ja blo&szlig; sammawiedaguad, umma eana obandeln! Zwoa jo mei scheans amoi, san und hoggd Milli barfua&szlig;at gscheit. Foidweg vui huift vui singan, mehra Biakriagal om auf&rsquo;n Gipfe! Ozapfa sodala Charivari grea&szlig;t eich nachad Broadwurschtbudn do middn liberalitas Bavariae sowos Leonhardifahrt:</p>\n</blockquote>\n\n<p>Wui helfgod Wiesn, ognudelt schaugn: Dahoam gelbe R&uuml;am Schneid singan wo hi sauba i moan scho aa no a Ma&szlig; a Ma&szlig; und no a Ma&szlig; nimma. Is umananda a ganze Hoiwe zwoa, Schneid. Vui huift vui Brodzeid kumm geh naa i daad vo de allerweil, gor. Woa&szlig; wia Gams, damischa. <ins class="ice-ins ice-cts" data-changedata="" data-cid="20" data-last-change-time="1436269727931" data-time="1436269727931" data-userid="" data-username="">﻿</ins>A ganze Hoiwe Ohrwaschl Greichats iabaroi Prosd Engelgwand nix Reiwadatschi.<ins class="ice-ins ice-cts" data-changedata="" data-cid="21" data-last-change-time="1436269735589" data-time="1436269734806" data-userid="" data-username=""> Woibbadinga damischa owe gwihss Sauwedda ﻿</ins>Weibaleid ognudelt Ledahosn noch da Giasinga Heiwog i daad Almrausch, Ewig und drei Dog nackata wea ko, dea ko. Meidromml Graudwiggal nois dei, nackata. No Diandldrahn nix Gwiass woass ma ned hod boarischer: Samma sammawiedaguad wos, i hoam Brodzeid. Jo mei Sepp Gaudi, is ma Wuascht do Hendl Xaver Prosd eana an a bravs.<del class="ice-del ice-cts" data-changedata="" data-cid="24" data-last-change-time="1436269740482" data-time="1436269740217" data-userid="" data-username=""> </del><del class="ice-del ice-cts" data-changedata="" data-cid="26" data-last-change-time="1436269741200" data-time="1436269741200" data-userid="" data-username="">Sauwedda an Brezn, abfieseln.</del></p>', '', NULL),
  (3, 4, '<p>New line at beginning</p>\n<p>Woibbadinga damischa owe gwihss Sauwedda ded Charivari dei heid gfoids ma sagrisch guad. Maßkruag wo hi mim Radl foahn Landla Leonhardifahrt, Radler. Ohrwaschl und glei wirds no fui lustiga Spotzerl Fünferl, so auf gehds beim Schichtl do legst di nieda ned Biawambn Breihaus. I mechad dee Schwoanshaxn ghupft wia gsprunga measi gschmeidig hawadere midananda vui huift vui Biawambn, des wiad a Mordsgaudi is. Biaschlegl soi oans, zwoa, gsuffa Oachkatzlschwoaf hod Wiesn.</p>\n<p>Neuer Absatz</p>\n<p>Oamoi großherzig Mamalad, liberalitas Bavariae hoggd! Nimmds helfgod im Beidl des basd scho i hob di liab. A Prosit der Gmiadlichkeit midanand mim obandln do mim Radl foahn, Jodler. Ned woar Brotzeit Brotzeit gwihss eana Gidarn. Foidweg Spuiratz kimmt, um Godds wujn. Am acht’n Tag schuf Gott des Bia i sog ja nix, i red ja bloß jedza, Biakriagal a bissal wos gehd ollaweil. Ledahosn om auf’n Gipfe Servas des wiad a Mordsgaudi, griasd eich midnand Bladl Fünferl Gams.</p>', '<p>New line at beginning</p>\n<p>Woibbadinga damischa owe gwihss Sauwedda<ins class="ice-ins ice-cts" data-changedata="" data-cid="2" data-last-change-time="1436269732235" data-time="1436269731932" data-userid="" data-username="">﻿</ins> ded Charivari dei heid gfoids ma sagrisch guad. Ma&szlig;kruag wo hi mim Radl foahn Landla Leonhardifahrt, Radler. Ohrwaschl und glei wirds no fui lustiga Spotzerl F&uuml;nferl, so auf gehds beim Schichtl do legst di nieda ned Biawambn Breihaus. I mechad dee Schwoanshaxn ghupft wia gsprunga measi gschmeidig hawadere midananda vui huift vui Biawambn, des wiad a Mordsgaudi is. Biaschlegl soi oans, zwoa, gsuffa Oachkatzlschwoaf hod Wiesn.</p>\n\n<p><ins class="ice-ins ice-cts" data-changedata="" data-cid="4" data-last-change-time="1436269753356" data-time="1436269751954" data-userid="" data-username="">﻿Neuer Absatz﻿</ins></p>\n\n<p>Oamoi gro&szlig;herzig Mamalad, liberalitas Bavariae hoggd! Nimmds helfgod im Beidl des basd scho i hob di liab. A Prosit der Gmiadlichkeit midanand mim obandln do mim Radl foahn, Jodler. Ned woar Brotzeit Brotzeit gwihss eana Gidarn. Foidweg Spuiratz kimmt, um Godds wujn. Am acht&rsquo;n Tag schuf Gott des Bia i sog ja nix, i red ja blo&szlig; jedza, Biakriagal a bissal wos gehd ollaweil. Ledahosn om auf&rsquo;n Gipfe Servas des wiad a Mordsgaudi, griasd eich midnand Bladl F&uuml;nferl Gams.</p>\n\n<p><del class="ice-del ice-cts" data-changedata="" data-cid="18" data-last-change-time="1436269755978" data-time="1436269755978" data-userid="" data-username="">Leonhardifahrt ma da middn. Greichats an naa do. Af Schuabladdla Leonhardifahrt Marei, des um Godds wujn Biakriagal! Hallelujah sog i, luja sch&uuml;ds nei koa des is schee jedza hogg di hera dringma aweng Spezi nia Musi. Wurschtsolod jo mei is des schee gor Ramasuri ozapfa no gfreit mi i hob di liab auffi, Schbozal. Hogg di hera nia need Biakriagal so schee, Schdarmbeaga See.</del></p>', '', NULL),
  (270, 1, 'O’zapft is!', 'O’zapft is!', '', NULL),
  (270, 2, '<p>Bavaria ipsum dolor sit amet Biazelt Auffisteign Schorsch mim Radl foahn Ohrwaschl Steckerleis wann griagd ma nacha wos z’dringa glacht Mamalad, muass? I bin a woschechta Bayer sowos oamoi und sei und glei wirds no fui lustiga: Jo mei is des schee middn ognudelt, Trachtnhuat Biawambn gscheid: Griasd eich midnand etza nix Gwiass woass ma ned owe. Dahoam gscheckate middn Spuiratz des is a gmahde Wiesn. Des is schee so Obazda san da, Haferl pfenningguat schoo griasd eich midnand.</p>\n<ul>\n<li>Auffi Gamsbart nimma de Sepp Ledahosn Ohrwaschl um Godds wujn Wiesn Deandlgwand Mongdratzal! Jo leck mi Mamalad i daad mechad?Abcdsfd#</li>\n	<li>Neue Zeile</li>\n	<li>Do nackata Wurscht i hob di narrisch gean, Diandldrahn Deandlgwand vui huift vui woaß?</li>\n	<li>Ned Mamalad auffi i bin a woschechta Bayer greaßt eich nachad, umananda gwiss nia need Weiznglasl.</li>\n	<li>Woibbadinga noch da Giasinga Heiwog Biazelt mechad mim Spuiratz, soi zwoa.</li>\n</ul>\n<p>I waar soweid Blosmusi es nomoi. Broadwurschtbudn des is a gmahde Wiesn Kirwa mogsd a Bussal Guglhupf schüds nei. Luja i moan oiwei Baamwach Watschnbaam, wiavui baddscher! Biakriagal a fescha Bua Semmlkneedl iabaroi oba um Godds wujn Ledahosn wui Greichats. Geh um Godds wujn luja heid greaßt eich nachad woaß Breihaus eam! De om auf’n Gipfe auf gehds beim Schichtl mehra Baamwach a bissal wos gehd ollaweil gscheid:</p>\n<blockquote>\n<p>Scheans Schdarmbeaga See i hob di narrisch gean i jo mei is des schee! Nia eam hod vasteh i sog ja nix, i red ja bloß sammawiedaguad, umma eana obandeln! Zwoa jo mei scheans amoi, san und hoggd Milli barfuaßat gscheit. Foidweg vui huift vui singan, mehra Biakriagal om auf’n Gipfe! Ozapfa sodala Charivari greaßt eich nachad Broadwurschtbudn do middn liberalitas Bavariae sowos Leonhardifahrt:</p>\n</blockquote>\n<p>Wui helfgod Wiesn, ognudelt schaugn: Dahoam gelbe Rüam Schneid singan wo hi sauba i moan scho aa no a Maß a Maß und no a Maß nimma. Is umananda a ganze Hoiwe zwoa, Schneid. Vui huift vui Brodzeid kumm geh naa i daad vo de allerweil, gor. Woaß wia Gams, damischa. A ganze Hoiwe Ohrwaschl Greichats iabaroi Prosd Engelgwand nix Reiwadatschi.Weibaleid ognudelt Ledahosn noch da Giasinga Heiwog i daad Almrausch, Ewig und drei Dog nackata wea ko, dea ko. Meidromml Graudwiggal nois dei, nackata. No Diandldrahn nix Gwiass woass ma ned hod boarischer: Samma sammawiedaguad wos, i hoam Brodzeid. Jo mei Sepp Gaudi, is ma Wuascht do Hendl Xaver Prosd eana an a bravs. Sauwedda an Brezn, abfieseln.</p>', '<p>Bavaria ipsum dolor sit amet Biazelt Auffisteign Schorsch mim Radl foahn Ohrwaschl Steckerleis wann griagd ma nacha wos z&rsquo;dringa glacht Mamalad, muass? I bin a woschechta Bayer sowos oamoi und sei und glei wirds no fui lustiga: Jo mei is des schee middn ognudelt, Trachtnhuat Biawambn gscheid: Griasd eich midnand etza nix Gwiass woass ma ned owe. Dahoam gscheckate middn Spuiratz des is a gmahde Wiesn. Des is schee so Obazda san da, Haferl pfenningguat schoo griasd eich midnand.</p>\n\n<ul>\n	<li>Auffi Gamsbart nimma de Sepp Ledahosn Ohrwaschl um Godds wujn Wiesn Deandlgwand Mongdratzal! Jo leck mi Mamalad i daad mechad?A<ins class="ice-ins ice-cts" data-changedata="" data-cid="4" data-last-change-time="1437656893499" data-time="1437656889573" data-userid="" data-username="">bcdsfd#</ins></li>\n	<li><ins class="ice-ins ice-cts" data-changedata="" data-cid="4" data-last-change-time="1437656893499" data-time="1437656889573" data-userid="" data-username="">Neue Zeile﻿</ins><ins class="ice-ins ice-cts" data-changedata="" data-cid="2" data-last-change-time="1437656889326" data-time="1437656889199" data-userid="" data-username="">﻿</ins></li>\n	<li>Do nackata Wurscht i hob di narrisch gean, Diandldrahn Deandlgwand vui huift vui woa&szlig;?</li>\n	<li>Ned Mamalad auffi i bin a woschechta Bayer grea&szlig;t eich nachad, umananda gwiss nia need Weiznglasl.</li>\n	<li>Woibbadinga noch da Giasinga Heiwog Biazelt mechad mim Spuiratz, soi zwoa.</li>\n</ul>\n\n<p>I waar soweid Blosmusi es nomoi. Broadwurschtbudn des is a gmahde Wiesn Kirwa mogsd a Bussal Guglhupf sch&uuml;ds nei. Luja i moan oiwei Baamwach Watschnbaam, wiavui baddscher! Biakriagal a fescha Bua Semmlkneedl iabaroi oba um Godds wujn Ledahosn wui Greichats. Geh um Godds wujn luja heid grea&szlig;t eich nachad woa&szlig; Breihaus eam! De om auf&rsquo;n Gipfe auf gehds beim Schichtl mehra Baamwach a bissal wos gehd ollaweil gscheid:</p>\n\n<blockquote>\n<p>Scheans Schdarmbeaga See i hob di narrisch gean i jo mei is des schee! Nia eam hod vasteh i sog ja nix, i red ja blo&szlig; sammawiedaguad, umma eana obandeln! Zwoa jo mei scheans amoi, san und hoggd Milli barfua&szlig;at gscheit. Foidweg vui huift vui singan, mehra Biakriagal om auf&rsquo;n Gipfe! Ozapfa sodala Charivari grea&szlig;t eich nachad Broadwurschtbudn do middn liberalitas Bavariae sowos Leonhardifahrt:</p>\n</blockquote>\n\n<p>Wui helfgod Wiesn, ognudelt schaugn: Dahoam gelbe R&uuml;am Schneid singan wo hi sauba i moan scho aa no a Ma&szlig; a Ma&szlig; und no a Ma&szlig; nimma. Is umananda a ganze Hoiwe zwoa, Schneid. Vui huift vui Brodzeid kumm geh naa i daad vo de allerweil, gor. Woa&szlig; wia Gams, damischa. A ganze Hoiwe Ohrwaschl Greichats iabaroi Prosd Engelgwand nix Reiwadatschi.Weibaleid ognudelt Ledahosn noch da Giasinga Heiwog i daad Almrausch, Ewig und drei Dog nackata wea ko, dea ko. Meidromml Graudwiggal nois dei, nackata. No Diandldrahn nix Gwiass woass ma ned hod boarischer: Samma sammawiedaguad wos, i hoam Brodzeid. Jo mei Sepp Gaudi, is ma Wuascht do Hendl Xaver Prosd eana an a bravs. Sauwedda an Brezn, abfieseln.</p>', '', NULL),
  (270, 4,
   '<p>Woibbadinga damischa owe gwihss Sauwedda ded Charivari dei heid gfoids ma sagrisch guad. Maßkruag wo hi mim Radl foahn Landla Leonhardifahrt, Radler. Ohrwaschl und glei wirds no fui lustiga Spotzerl Fünferl, so auf gehds beim Schichtl do legst di nieda ned Biawambn Breihaus. I mechad dee Schwoanshaxn ghupft wia gsprunga measi gschmeidig hawadere midananda vui huift vui Biawambn, des wiad a Mordsgaudi is. Biaschlegl soi oans, zwoa, gsuffa Oachkatzlschwoaf hod Wiesn.</p>\n<p>Oamoi großherzig Mamalad, liberalitas Bavariae hoggd! Nimmds helfgod im Beidl des basd scho i hob di liab. A Prosit der Gmiadlichkeit midanand mim obandln do mim Radl foahn, Jodler. Ned woar Brotzeit Brotzeit gwihss eana Gidarn. Foidweg Spuiratz kimmt, um Godds wujn. Am acht’n Tag schuf Gott des Bia i sog ja nix, i red ja bloß jedza, Biakriagal a bissal wos gehd ollaweil. Ledahosn om auf’n Gipfe Servas des wiad a Mordsgaudi, griasd eich midnand Bladl Fünferl Gams.</p>\n<p>Leonhardifahrt ma da middn. Greichats an naa do. Af Schuabladdla Leonhardifahrt Marei, des um Godds wujn Biakriagal! Hallelujah sog i, luja schüds nei koa des is schee jedza hogg di hera dringma aweng Spezi nia Musi. Wurschtsolod jo mei is des schee gor Ramasuri ozapfa no gfreit mi i hob di liab auffi, Schbozal. Hogg di hera nia need Biakriagal so schee, Schdarmbeaga See.</p>',
   '<p>Woibbadinga damischa owe gwihss Sauwedda ded Charivari dei heid gfoids ma sagrisch guad. Ma&szlig;kruag wo hi mim Radl foahn Landla Leonhardifahrt, Radler. Ohrwaschl und glei wirds no fui lustiga Spotzerl F&uuml;nferl, so auf gehds beim Schichtl do legst di nieda ned Biawambn Breihaus. I mechad dee Schwoanshaxn ghupft wia gsprunga measi gschmeidig hawadere midananda vui huift vui Biawambn, des wiad a Mordsgaudi is. Biaschlegl soi oans, zwoa, gsuffa Oachkatzlschwoaf hod Wiesn.</p>\n\n<p>Oamoi gro&szlig;herzig Mamalad, liberalitas Bavariae hoggd! Nimmds helfgod im Beidl des basd scho i hob di liab. A Prosit der Gmiadlichkeit midanand mim obandln do mim Radl foahn, Jodler. Ned woar Brotzeit Brotzeit gwihss eana Gidarn. Foidweg Spuiratz kimmt, um Godds wujn. Am acht&rsquo;n Tag schuf Gott des Bia i sog ja nix, i red ja blo&szlig; jedza, Biakriagal a bissal wos gehd ollaweil. Ledahosn om auf&rsquo;n Gipfe Servas des wiad a Mordsgaudi, griasd eich midnand Bladl F&uuml;nferl Gams.</p>\n\n<p>Leonhardifahrt ma da middn. Greichats an naa do. Af Schuabladdla Leonhardifahrt Marei, des um Godds wujn Biakriagal! Hallelujah sog i, luja sch&uuml;ds nei koa des is schee jedza hogg di hera dringma aweng Spezi nia Musi. Wurschtsolod jo mei is des schee gor Ramasuri ozapfa no gfreit mi i hob di liab auffi, Schbozal. Hogg di hera nia need Biakriagal so schee, Schdarmbeaga See.</p>',
   '', NULL),
  (271, 20, 'Freiheit Grün Gestalten - emanzipatorisch und partizipativ, verantwortungsbewusst und solidarisch',
   'Freiheit Grün Gestalten - emanzipatorisch und partizipativ, verantwortungsbewusst und solidarisch', '', NULL),
  (271, 21,
   '<p><strong>Demokratie und Freiheit </strong><br>\nDemokratie und Freiheit gehören untrennbar zusammen. Wir haben einen partizipativen Freiheitsbegriff. Demokratie ist der Rahmen für die Freiheit sich zu beteiligen, mitzugestalten und zu entscheiden. Erweiterte demokratische Mitwirkungsmöglichkeiten von BürgerInnen in einer vitalen Demokratie bedeuten einen Zugewinn an Freiheit. Demokratie lebt von den Beiträgen und dem ständigen Abwägungsprozess einer lebendigen Zivilgesellschaft. Immer wieder wird es demokratische Entscheidungen geben, die uns nicht gefallen. Freiheit ist aber immer und vor allem die Freiheit der Andersdenkenden. Wir setzen uns für mehr direkte Demokratie und gegen die negativen Auswirkungen wirtschaftlicher Macht und intransparenter Entscheidungsprozesse auf Freiheit ein. So kann eine aktive und selbstbestimmte BürgerInnengesellschaft eigene Entscheidungen treffen. Eine Politische Ökonomie kann demokratisch und grundrechtsorientiert betrieben werden. Diese Möglichkeit bieten die<br>\ngemischten Wirtschaften in Europa und diese Möglichkeit wollen wir<br>\nsichern und ausbauen. Geheimverträge wie ACTA und TTIP schränken diese<br>\nFähigkeit ein. Die Rechte der ArbeitnehmerInnen und VerbraucherInnen<br>\nwerden nicht gestärkt, sondern abgebaut. Nicht einmal die Einhaltung<br>\nder ILO-Abkommen wird gefordert. Internationale Abkommen sollen die<br>\nMöglichkeit bieten, Grundrechte zu stärken, nicht diese Fähigkeit in den Vertragsstaaten künftig verunmöglichen.</p>',
   '<p><br />\r\n<strong>Demokratie und Freiheit&nbsp;</strong><br />\r\nDemokratie und Freiheit geh&ouml;ren untrennbar zusammen. Wir haben einen partizipativen Freiheitsbegriff. Demokratie ist der Rahmen f&uuml;r die Freiheit sich zu beteiligen, mitzugestalten und zu entscheiden. Erweiterte demokratische Mitwirkungsm&ouml;glichkeiten von B&uuml;rgerInnen in einer vitalen Demokratie bedeuten einen Zugewinn an Freiheit. Demokratie lebt von den Beitr&auml;gen und dem st&auml;ndigen Abw&auml;gungsprozess einer lebendigen Zivilgesellschaft. Immer wieder wird es demokratische Entscheidungen geben, die uns nicht gefallen. Freiheit ist aber immer und vor allem die Freiheit der Andersdenkenden. Wir setzen uns f&uuml;r mehr direkte Demokratie und gegen die negativen Auswirkungen wirtschaftlicher Macht und intransparenter Entscheidungsprozesse auf Freiheit ein. So kann eine aktive <del class="ice-del ice-cts" data-changedata="" data-cid="2" data-last-change-time="1438149783629" data-time="1438149783629" data-userid="" data-username="">und selbstbestimmte B&uuml;rgerInnengesellschaft eigene Entscheidungen treffen. Auch werden wir demokratische Strukturen und Entscheidungsmechanismen verteidigen. Gerade in Zeiten der Globalisierung ist ein besseres Europa die Antwort auf die Sicherung von Freiheit. Die EU kann das Primat der Politik sichern, wenn sie den aus dem Ruder gelaufenen Wirtschaftsliberalismus einhegt und nicht &uuml;ber Geheimvertr&auml;ge wie ACTA oder TTIP voranbringen will. Die Freiheitsrechte der B&uuml;rgerinnen und B&uuml;rger werden aber dann tangiert, wenn der sie sch&uuml;tzende Rechtsrahmen durch internationale Abkommen unterminiert wird.&nbsp;</del><ins class="ice-ins ice-cts" data-changedata="" data-cid="3" data-last-change-time="1438149812370" data-time="1438149791011" data-userid="" data-username=""> und selbstbestimmte B&uuml;rgerInnengesellschaft eigene Entscheidungen<br class="ice-del ice-cts" data-changedata="" data-cid="3" data-last-change-time="1438149812370" data-time="1438149791011" data-userid="" data-username="" />\r\ntreffen. Eine Politische &Ouml;konomie kann demokratisch und<br class="ice-del ice-cts" data-changedata="" data-cid="3" data-last-change-time="1438149812370" data-time="1438149791011" data-userid="" data-username="" />\r\ngrundrechtsorientiert betrieben werden. Diese M&ouml;glichkeit bieten die<br />\r\ngemischten Wirtschaften in Europa und diese M&ouml;glichkeit wollen wir<br />\r\nsichern und ausbauen. Geheimvertr&auml;ge wie ACTA und TTIP schr&auml;nken diese<br />\r\nF&auml;higkeit ein. Die Rechte der ArbeitnehmerInnen und VerbraucherInnen<br />\r\nwerden nicht gest&auml;rkt, sondern abgebaut. Nicht einmal die Einhaltung<br />\r\nder ILO-Abkommen wird gefordert. Internationale Abkommen sollen die<br />\r\nM&ouml;glichkeit bieten, Grundrechte zu st&auml;rken, nicht diese F&auml;higkeit in<br class="ice-del ice-cts" data-changedata="" data-cid="3" data-last-change-time="1438149812370" data-time="1438149791011" data-userid="" data-username="" />\r\nden Vertragsstaaten k&uuml;nftig verunm&ouml;glichen.</ins></p>',
   'a:2:{s:18:"getFirstLineNumber";i:1;s:23:"getDiffLinesWithNumbers";a:12:{i:0;a:4:{s:4:"text";s:105:"Entscheidungen treffen. <del>Auch werden wir demokratische Strukturen und Entscheidungsmechanismen </del>";s:8:"lineFrom";i:145;s:6:"lineTo";i:145;s:7:"newLine";b:0;}i:1;a:4:{s:4:"text";s:104:"<del>verteidigen. Gerade in Zeiten der Globalisierung ist ein besseres Europa die Antwort auf die </del>";s:8:"lineFrom";i:146;s:6:"lineTo";i:146;s:7:"newLine";b:0;}i:2;a:4:{s:4:"text";s:106:"<del>Sicherung von Freiheit. Die EU kann das Primat der Politik sichern, wenn sie den aus dem Ruder </del>";s:8:"lineFrom";i:147;s:6:"lineTo";i:147;s:7:"newLine";b:0;}i:3;a:4:{s:4:"text";s:105:"<del>gelaufenen Wirtschaftsliberalismus einhegt und nicht über Geheimverträge wie ACTA oder TTIP </del>";s:8:"lineFrom";i:148;s:6:"lineTo";i:148;s:7:"newLine";b:0;}i:4;a:4:{s:4:"text";s:106:"<del>voranbringen will. Die Freiheitsrechte der Bürgerinnen und Bürger werden aber dann tangiert, </del>";s:8:"lineFrom";i:149;s:6:"lineTo";i:149;s:7:"newLine";b:0;}i:5;a:4:{s:4:"text";s:99:"<del>wenn der sie schützende Rechtsrahmen durch internationale Abkommen unterminiert wird. </del>";s:8:"lineFrom";i:150;s:6:"lineTo";i:150;s:7:"newLine";b:0;}i:6;a:4:{s:4:"text";s:110:"<ins>INEBREAK###gemischten Wirtschaften in Europa und diese Möglichkeit wollen wir###FORCELINEBREAK### </ins>";s:8:"lineFrom";i:150;s:6:"lineTo";i:150;s:7:"newLine";b:1;}i:7;a:4:{s:4:"text";s:104:"<ins>sichern und ausbauen. Geheimverträge wie ACTA und TTIP schränken diese###FORCELINEBREAK### </ins>";s:8:"lineFrom";i:150;s:6:"lineTo";i:150;s:7:"newLine";b:1;}i:8;a:4:{s:4:"text";s:101:"<ins>Fähigkeit ein. Die Rechte der ArbeitnehmerInnen und VerbraucherInnen###FORCELINEBREAK### </ins>";s:8:"lineFrom";i:150;s:6:"lineTo";i:150;s:7:"newLine";b:1;}i:9;a:4:{s:4:"text";s:101:"<ins>werden nicht gestärkt, sondern abgebaut. Nicht einmal die Einhaltung###FORCELINEBREAK### </ins>";s:8:"lineFrom";i:150;s:6:"lineTo";i:150;s:7:"newLine";b:1;}i:10;a:4:{s:4:"text";s:99:"<ins>der ILO-Abkommen wird gefordert. Internationale Abkommen sollen die###FORCELINEBREAK### </ins>";s:8:"lineFrom";i:150;s:6:"lineTo";i:150;s:7:"newLine";b:1;}i:11;a:4:{s:4:"text";s:128:"<ins>Möglichkeit bieten, Grundrechte zu stärken, nicht diese Fähigkeit in den Vertragsstaaten künftig verunmöglichen.</ins>";s:8:"lineFrom";i:150;s:6:"lineTo";i:150;s:7:"newLine";b:1;}}}',
   NULL),
  (272, 1, 'O’zapft is!', 'O’zapft is!', '', NULL),
  (272, 2,
   '<p>Bavaria ipsum dolor sit amet Biazelt Auffisteign Schorsch mim Radl foahn Ohrwaschl Steckerleis wann griagd ma nacha wos z’dringa glacht Mamalad, muass? I bin a woschechta Bayer sowos oamoi und sei und glei wirds no fui lustiga: Jo mei is des schee middn ognudelt, Trachtnhuat Biawambn gscheid: Griasd eich midnand etza nix Gwiass woass ma ned owe. Dahoam gscheckate middn Spuiratz des is a gmahde Wiesn. Des is schee so Obazda san da, Haferl pfenningguat schoo griasd eich midnand.</p>\n<ul>\n<li>Auffi Gamsbart nimma de Sepp Ledahosn Ohrwaschl um Godds wujn Wiesn Deandlgwand Mongdratzal! Jo leck mi Mamalad i daad mechad?</li>\n	<li>Do nackata Wurscht i hob di narrisch gean, Diandldrahn Deandlgwand vui huift vui woaß?</li>\n	<li>Ned Mamalad auffi i bin a woschechta Bayer greaßt eich nachad, umananda gwiss nia need Weiznglasl.</li>\n	<li>Woibbadinga noch da Giasinga Heiwog Biazelt mechad mim Spuiratz, soi zwoa.</li>\n</ul>\n<p>I waar soweid Blosmusi es nomoi. Broadwurschtbudn des is a gmahde Wiesn Kirwa mogsd a Bussal Guglhupf schüds nei. Luja i moan oiwei Baamwach Watschnbaam, wiavui baddscher! Biakriagal a fescha Bua Semmlkneedl iabaroi oba um Godds wujn Ledahosn wui Greichats. Geh um Godds wujn luja heid greaßt eich nachad woaß Breihaus eam! De om auf’n Gipfe auf gehds beim Schichtl mehra Baamwach a bissal wos gehd ollaweil gscheid:</p>\n<blockquote>\n<p>Scheans Schdarmbeaga See i hob di narrisch gean i jo mei is des schee! Nia eam hod vasteh i sog ja nix, i red ja bloß sammawiedaguad, umma eana obandeln! Zwoa jo mei scheans amoi, san und hoggd Milli barfuaßat gscheit. Foidweg vui huift vui singan, mehra Biakriagal om auf’n Gipfe! Ozapfa sodala Charivari greaßt eich nachad Broadwurschtbudn do middn liberalitas Bavariae sowos Leonhardifahrt:</p>\n</blockquote>\n<p>Wui helfgod Wiesn, ognudelt schaugn: Something Dahoam gelbe Rüam Schneid singan wo hi sauba i moan scho aa no a Maß a Maß und no a Maß nimma. Is umananda a ganze Hoiwe zwoa, Schneid. Vui huift vui Brodzeid kumm geh naa i daad vo de allerweil, gor. Woaß wia Gams, damischa. A ganze Hoiwe Ohrwaschl Greichats iabaroi Prosd Engelgwand nix Reiwadatschi.Weibaleid ognudelt Ledahosn noch da Giasinga Heiwog i daad Almrausch, Ewig und drei Dog nackata wea ko, dea ko. Meidromml Graudwiggal nois dei, nackata. No Diandldrahn nix Gwiass woass ma ned hod boarischer: Samma sammawiedaguad wos, i hoam Brodzeid. Jo mei Sepp Gaudi, is ma Wuascht do Hendl Xaver Prosd eana an a bravs. Sauwedda an Brezn, abfieseln.</p>',
   '<p>Bavaria ipsum dolor sit amet Biazelt Auffisteign Schorsch mim Radl foahn Ohrwaschl Steckerleis wann griagd ma nacha wos z&rsquo;dringa glacht Mamalad, muass? I bin a woschechta Bayer sowos oamoi und sei und glei wirds no fui lustiga: Jo mei is des schee middn ognudelt, Trachtnhuat Biawambn gscheid: Griasd eich midnand etza nix Gwiass woass ma ned owe. Dahoam gscheckate middn Spuiratz des is a gmahde Wiesn. Des is schee so Obazda san da, Haferl pfenningguat schoo griasd eich midnand.</p>\r\n\r\n<ul>\r\n	<li>Auffi Gamsbart nimma de Sepp Ledahosn Ohrwaschl um Godds wujn Wiesn Deandlgwand Mongdratzal! Jo leck mi Mamalad i daad mechad?</li>\r\n	<li>Do nackata Wurscht i hob di narrisch gean, Diandldrahn Deandlgwand vui huift vui woa&szlig;?</li>\r\n	<li>Ned Mamalad auffi i bin a woschechta Bayer grea&szlig;t eich nachad, umananda gwiss nia need Weiznglasl.</li>\r\n	<li>Woibbadinga noch da Giasinga Heiwog Biazelt mechad mim Spuiratz, soi zwoa.</li>\r\n</ul>\r\n\r\n<p>I waar soweid Blosmusi es nomoi. Broadwurschtbudn des is a gmahde Wiesn Kirwa mogsd a Bussal Guglhupf sch&uuml;ds nei. Luja i moan oiwei Baamwach Watschnbaam, wiavui baddscher! Biakriagal a fescha Bua Semmlkneedl iabaroi oba um Godds wujn Ledahosn wui Greichats. Geh um Godds wujn luja heid grea&szlig;t eich nachad woa&szlig; Breihaus eam! De om auf&rsquo;n Gipfe auf gehds beim Schichtl mehra Baamwach a bissal wos gehd ollaweil gscheid:</p>\r\n\r\n<blockquote>\r\n<p>Scheans Schdarmbeaga See i hob di narrisch gean i jo mei is des schee! Nia eam hod vasteh i sog ja nix, i red ja blo&szlig; sammawiedaguad, umma eana obandeln! Zwoa jo mei scheans amoi, san und hoggd Milli barfua&szlig;at gscheit. Foidweg vui huift vui singan, mehra Biakriagal om auf&rsquo;n Gipfe! Ozapfa sodala Charivari grea&szlig;t eich nachad Broadwurschtbudn do middn liberalitas Bavariae sowos Leonhardifahrt:</p>\r\n</blockquote>\r\n\r\n<p>Wui helfgod Wiesn, ognudelt schaugn: S<ins class="ice-ins ice-cts" data-changedata="" data-cid="4" data-last-change-time="1438252243260" data-time="1438252239711" data-userid="" data-username="">omething </ins><ins class="ice-ins ice-cts" data-changedata="" data-cid="2" data-last-change-time="1438252239611" data-time="1438252239453" data-userid="" data-username="">﻿</ins>Dahoam gelbe R&uuml;am Schneid singan wo hi sauba i moan scho aa no a Ma&szlig; a Ma&szlig; und no a Ma&szlig; nimma. Is umananda a ganze Hoiwe zwoa, Schneid. Vui huift vui Brodzeid kumm geh naa i daad vo de allerweil, gor. Woa&szlig; wia Gams, damischa. A ganze Hoiwe Ohrwaschl Greichats iabaroi Prosd Engelgwand nix Reiwadatschi.Weibaleid ognudelt Ledahosn noch da Giasinga Heiwog i daad Almrausch, Ewig und drei Dog nackata wea ko, dea ko. Meidromml Graudwiggal nois dei, nackata. No Diandldrahn nix Gwiass woass ma ned hod boarischer: Samma sammawiedaguad wos, i hoam Brodzeid. Jo mei Sepp Gaudi, is ma Wuascht do Hendl Xaver Prosd eana an a bravs. Sauwedda an Brezn, abfieseln.</p>\r\n',
   '', NULL),
  (272, 4,
   '<p>Woibbadinga damischa owe gwihss Sauwedda ded Charivari dei heid gfoids ma sagrisch guad. Maßkruag wo hi mim Radl foahn Landla Leonhardifahrt, Radler. Ohrwaschl und glei wirds no fui lustiga Spotzerl Fünferl, so auf gehds beim Schichtl do legst di nieda ned Biawambn Breihaus. I mechad dee Schwoanshaxn ghupft wia gsprunga measi gschmeidig hawadere midananda vui huift vui Biawambn, des wiad a Mordsgaudi is. Biaschlegl soi oans, zwoa, gsuffa Oachkatzlschwoaf hod Wiesn.</p>\n<p>Oamoi großherzig Mamalad, liberalitas Bavariae hoggd! Nimmds helfgod im Beidl des basd scho i hob di liab. A Prosit der Gmiadlichkeit midanand mim obandln do mim Radl foahn, Jodler. Ned woar Brotzeit Brotzeit gwihss eana Gidarn. Foidweg Spuiratz kimmt, um Godds wujn. Am acht’n Tag schuf Gott des Bia i sog ja nix, i red ja bloß jedza, Biakriagal a bissal wos gehd ollaweil. Ledahosn om auf’n Gipfe Servas des wiad a Mordsgaudi, griasd eich midnand Bladl Fünferl Gams.</p>\n<p>Leonhardifahrt ma da middn. Greichats an naa do. Af Schuabladdla Leonhardifahrt Marei, des um Godds wujn Biakriagal! Hallelujah sog i, luja schüds nei koa des is schee jedza hogg di hera dringma aweng Spezi nia Musi. Wurschtsolod jo mei is des schee gor Ramasuri ozapfa no gfreit mi i hob di liab auffi, Schbozal. Hogg di hera nia need Biakriagal so schee, Schdarmbeaga See.</p>',
   '<p>Woibbadinga damischa owe gwihss Sauwedda ded Charivari dei heid gfoids ma sagrisch guad. Ma&szlig;kruag wo hi mim Radl foahn Landla Leonhardifahrt, Radler. Ohrwaschl und glei wirds no fui lustiga Spotzerl F&uuml;nferl, so auf gehds beim Schichtl do legst di nieda ned Biawambn Breihaus. I mechad dee Schwoanshaxn ghupft wia gsprunga measi gschmeidig hawadere midananda vui huift vui Biawambn, des wiad a Mordsgaudi is. Biaschlegl soi oans, zwoa, gsuffa Oachkatzlschwoaf hod Wiesn.</p>\r\n\r\n<p>Oamoi gro&szlig;herzig Mamalad, liberalitas Bavariae hoggd! Nimmds helfgod im Beidl des basd scho i hob di liab. A Prosit der Gmiadlichkeit midanand mim obandln do mim Radl foahn, Jodler. Ned woar Brotzeit Brotzeit gwihss eana Gidarn. Foidweg Spuiratz kimmt, um Godds wujn. Am acht&rsquo;n Tag schuf Gott des Bia i sog ja nix, i red ja blo&szlig; jedza, Biakriagal a bissal wos gehd ollaweil. Ledahosn om auf&rsquo;n Gipfe Servas des wiad a Mordsgaudi, griasd eich midnand Bladl F&uuml;nferl Gams.</p>\r\n\r\n<p>Leonhardifahrt ma da middn. Greichats an naa do. Af Schuabladdla Leonhardifahrt Marei, des um Godds wujn Biakriagal! Hallelujah sog i, luja sch&uuml;ds nei koa des is schee jedza hogg di hera dringma aweng Spezi nia Musi. Wurschtsolod jo mei is des schee gor Ramasuri ozapfa no gfreit mi i hob di liab auffi, Schbozal. Hogg di hera nia need Biakriagal so schee, Schdarmbeaga See.</p>\r\n',
   '', NULL),
  (273, 1, 'O’zapft is!', 'O’zapft is!', '', NULL),
  (273, 2,
   '<p>Bavaria ipsum dolor sit amet Biazelt Auffisteign Schorsch mim Radl foahn Ohrwaschl Steckerleis wann griagd ma nacha wos z’dringa glacht Mamalad, muass? I bin a woschechta Bayer sowos oamoi und sei und glei wirds no fui lustiga: Jo mei is des schee middn ognudelt, Trachtnhuat Biawambn gscheid: Griasd eich midnand etza nix Gwiass woass ma ned owe. Dahoam gscheckate middn Spuiratz des is a gmahde Wiesn. Des is schee so Obazda san da, Haferl pfenningguat schoo griasd eich midnand.</p>\n<ul>\n<li>Auffi Gamsbart nimma de Sepp Ledahosn Ohrwaschl um Godds wujn Wiesn Deandlgwand Mongdratzal! Jo leck mi Mamalad i daad mechad?</li>\n	<li>Do nackata Wurscht i hob di narrisch gean, Diandldrahn Deandlgwand vui huift vui woaß?</li>\n	<li>Ned Mamalad auffi i bin a woschechta Bayer greaßt eich nachad, umananda gwiss nia need Weiznglasl.</li>\n	<li>Woibbadinga noch da Giasinga Heiwog Biazelt mechad mim Spuiratz, soi zwoa.</li>\n</ul>\n<p>I waar soweid Blosmusi es nomoi. Broadwurschtbudn des is a gmahde Wiesn Kirwa mogsd a Bussal Guglhupf schüds nei. Luja i moan oiwei Baamwach Watschnbaam, wiavui baddscher! Biakriagal a fescha Bua Semmlkneedl iabaroi oba um Godds wujn Ledahosn wui Greichats. Geh um Godds wujn luja heid greaßt eich nachad woaß Breihaus eam! De om auf’n Gipfe auf gehds beim Schichtl mehra Baamwach a bissal wos gehd ollaweil gscheid:</p>\n<blockquote>\n<p>Scheans Schdarmbeaga See i hob di narrisch gean i jo mei is des schee! Nia eam hod vasteh i sog ja nix, i red ja bloß sammawiedaguad, umma eana obandeln! Zwoa jo mei scheans amoi, san und hoggd Milli barfuaßat gscheit. Foidweg vui huift vui singan, mehra Biakriagal om auf’n Gipfe! Ozapfa sodala Charivari greaßt eich nachad Broadwurschtbudn do middn liberalitas Bavariae sowos Leonhardifahrt:</p>\n</blockquote>\n<p>Wui helfgod Wiesn, ognudelt schaugn: Dahoam und irgendwo wo hi sauba i moan scho aa no a Maß a Maß und no a Maß nimma. Is umananda a ganze Hoiwe zwoa, Schneid. Vui huift vui Brodzeid kumm geh naa i daad vo de allerweil, gor. Woaß wia Gams, damischa. A ganze Hoiwe Ohrwaschl Greichats iabaroi Prosd Reiwadatschi.Weibaleid ognudelt Ledahosn noch da abcdefgh Giasinga Heiwog i daad Almrausch, Ewig und drei Dog nackata wea ko, dea ko. Meidromml Graudwiggal nois dei, nackata. No Diandldrahn nix Gwiass woass ma ned hod boarischer: Samma sammawiedaguad wos, i hoam Brodzeid. Jo mei Sepp Gaudi, is ma Wuascht do Hendl Xaver Prosd eana an a bravs. Sauwedda an Brezn, abfieseln.</p>',
   '<p>Bavaria ipsum dolor sit amet Biazelt Auffisteign Schorsch mim Radl foahn Ohrwaschl Steckerleis wann griagd ma nacha wos z&rsquo;dringa glacht Mamalad, muass? I bin a woschechta Bayer sowos oamoi und sei und glei wirds no fui lustiga: Jo mei is des schee middn ognudelt, Trachtnhuat Biawambn gscheid: Griasd eich midnand etza nix Gwiass woass ma ned owe. Dahoam gscheckate middn Spuiratz des is a gmahde Wiesn. Des is schee so Obazda san da, Haferl pfenningguat schoo griasd eich midnand.</p>\r\n\r\n<ul>\r\n	<li>Auffi Gamsbart nimma de Sepp Ledahosn Ohrwaschl um Godds wujn Wiesn Deandlgwand Mongdratzal! Jo leck mi Mamalad i daad mechad?</li>\r\n	<li>Do nackata Wurscht i hob di narrisch gean, Diandldrahn Deandlgwand vui huift vui woa&szlig;?</li>\r\n	<li>Ned Mamalad auffi i bin a woschechta Bayer grea&szlig;t eich nachad, umananda gwiss nia need Weiznglasl.</li>\r\n	<li>Woibbadinga noch da Giasinga Heiwog Biazelt mechad mim Spuiratz, soi zwoa.</li>\r\n</ul>\r\n\r\n<p>I waar soweid Blosmusi es nomoi. Broadwurschtbudn des is a gmahde Wiesn Kirwa mogsd a Bussal Guglhupf sch&uuml;ds nei. Luja i moan oiwei Baamwach Watschnbaam, wiavui baddscher! Biakriagal a fescha Bua Semmlkneedl iabaroi oba um Godds wujn Ledahosn wui Greichats. Geh um Godds wujn luja heid grea&szlig;t eich nachad woa&szlig; Breihaus eam! De om auf&rsquo;n Gipfe auf gehds beim Schichtl mehra Baamwach a bissal wos gehd ollaweil gscheid:</p>\r\n\r\n<blockquote>\r\n<p>Scheans Schdarmbeaga See i hob di narrisch gean i jo mei is des schee! Nia eam hod vasteh i sog ja nix, i red ja blo&szlig; sammawiedaguad, umma eana obandeln! Zwoa jo mei scheans amoi, san und hoggd Milli barfua&szlig;at gscheit. Foidweg vui huift vui singan, mehra Biakriagal om auf&rsquo;n Gipfe! Ozapfa sodala Charivari grea&szlig;t eich nachad Broadwurschtbudn do middn liberalitas Bavariae sowos Leonhardifahrt:</p>\r\n</blockquote>\r\n\r\n<p>Wui helfgod Wiesn, ognudelt schaugn: Dahoam <ins class="ice-ins ice-cts" data-changedata="" data-cid="2" data-last-change-time="1438256210760" data-time="1438256208275" data-userid="" data-username="">und irgendwo </ins><del class="ice-del ice-cts" data-changedata="" data-cid="21" data-last-change-time="1438256223619" data-time="1438256223619" data-userid="" data-username="">gelbe R&uuml;am Schneid singan</del> wo hi sauba i moan scho aa no a Ma&szlig; a Ma&szlig; und no a Ma&szlig; nimma. Is umananda a ganze Hoiwe zwoa, Schneid. Vui huift vui Brodzeid kumm geh naa i daad vo de allerweil, gor. Woa&szlig; wia Gams, damischa. A ganze Hoiwe Ohrwaschl Greichats iabaroi Prosd <del class="ice-del ice-cts" data-changedata="" data-cid="23" data-last-change-time="1438256243200" data-time="1438256243200" data-userid="" data-username="">Engelgwand nix</del> Reiwadatschi<ins class="ice-ins ice-cts" data-changedata="" data-cid="22" data-last-change-time="1438256242518" data-time="1438256242518" data-userid="" data-username="">﻿</ins>.Weibaleid ognudelt Ledahosn noch da<ins class="ice-ins ice-cts" data-changedata="" data-cid="25" data-last-change-time="1438256257743" data-time="1438256254375" data-userid="" data-username=""> abcdefgh﻿</ins> Giasinga Heiwog i daad Almrausch, Ewig und drei Dog nackata wea ko, dea ko. Meidromml Graudwiggal nois dei, nackata. No Diandldrahn nix Gwiass woass ma ned hod boarischer: Samma sammawiedaguad wos, i hoam Brodzeid. Jo mei Sepp Gaudi, is ma Wuascht do Hendl Xaver Prosd eana an a bravs. Sauwedda an Brezn, abfieseln.</p>\r\n',
   '', NULL);
INSERT INTO `amendmentSection` (`amendmentId`, `sectionId`, `data`, `dataRaw`, `cache`, `metadata`) VALUES
  (273, 4,
   '<p>Woibbadinga damischa owe gwihss Sauwedda ded Charivari dei heid gfoids ma sagrisch guad. Maßkruag wo hi mim Radl foahn Landla Leonhardifahrt, Radler. Ohrwaschl und glei wirds no fui lustiga Spotzerl Fünferl, so auf gehds beim Schichtl do legst di nieda ned Biawambn Breihaus. I mechad dee Schwoanshaxn ghupft wia gsprunga measi gschmeidig hawadere midananda vui huift vui Biawambn, des wiad a Mordsgaudi is. Biaschlegl soi oans, zwoa, gsuffa Oachkatzlschwoaf hod Wiesn.</p>\n<p>Oamoi großherzig Mamalad, liberalitas Bavariae hoggd! Nimmds helfgod im Beidl des basd scho i hob di liab. A Prosit der Gmiadlichkeit midanand mim obandln do mim Radl foahn, Jodler. Ned woar Brotzeit Brotzeit gwihss eana Gidarn. Foidweg Spuiratz kimmt, um Godds wujn. Am acht’n Tag schuf Gott des Bia i sog ja nix, i red ja bloß jedza, Biakriagal a bissal wos gehd ollaweil. Ledahosn om auf’n Gipfe Servas des wiad a Mordsgaudi, griasd eich midnand Bladl Fünferl Gams.</p>\n<p>Leonhardifahrt ma da middn. Greichats an naa do. Af Schuabladdla Leonhardifahrt Marei, des um Godds wujn Biakriagal! Hallelujah sog i, luja schüds nei koa des is schee jedza hogg di hera dringma aweng Spezi nia Musi. Wurschtsolod jo mei is des schee gor Ramasuri ozapfa no gfreit mi i hob di liab auffi, Schbozal. Hogg di hera nia need Biakriagal so schee, Schdarmbeaga See.</p>',
   '<p>Woibbadinga damischa owe gwihss Sauwedda ded Charivari dei heid gfoids ma sagrisch guad. Ma&szlig;kruag wo hi mim Radl foahn Landla Leonhardifahrt, Radler. Ohrwaschl und glei wirds no fui lustiga Spotzerl F&uuml;nferl, so auf gehds beim Schichtl do legst di nieda ned Biawambn Breihaus. I mechad dee Schwoanshaxn ghupft wia gsprunga measi gschmeidig hawadere midananda vui huift vui Biawambn, des wiad a Mordsgaudi is. Biaschlegl soi oans, zwoa, gsuffa Oachkatzlschwoaf hod Wiesn.</p>\r\n\r\n<p>Oamoi gro&szlig;herzig Mamalad, liberalitas Bavariae hoggd! Nimmds helfgod im Beidl des basd scho i hob di liab. A Prosit der Gmiadlichkeit midanand mim obandln do mim Radl foahn, Jodler. Ned woar Brotzeit Brotzeit gwihss eana Gidarn. Foidweg Spuiratz kimmt, um Godds wujn. Am acht&rsquo;n Tag schuf Gott des Bia i sog ja nix, i red ja blo&szlig; jedza, Biakriagal a bissal wos gehd ollaweil. Ledahosn om auf&rsquo;n Gipfe Servas des wiad a Mordsgaudi, griasd eich midnand Bladl F&uuml;nferl Gams.</p>\r\n\r\n<p>Leonhardifahrt ma da middn. Greichats an naa do. Af Schuabladdla Leonhardifahrt Marei, des um Godds wujn Biakriagal! Hallelujah sog i, luja sch&uuml;ds nei koa des is schee jedza hogg di hera dringma aweng Spezi nia Musi. Wurschtsolod jo mei is des schee gor Ramasuri ozapfa no gfreit mi i hob di liab auffi, Schbozal. Hogg di hera nia need Biakriagal so schee, Schdarmbeaga See.</p>\r\n',
   '', NULL),
  (274, 1, 'O’zapft is! (Überschneidend)', 'O’zapft is!', '', NULL),
  (274, 2,
   '<p>Bavaria ipsum dolor sit amet Biazelt Auffisteign Schorsch mim Radl foahn Ohrwaschl Steckerleis wann griagd ma nacha wos z’dringa glacht Mamalad, muass? I bin a woschechta Bayer sowos oamoi und sei und glei wirds no fui lustiga: Jo mei is des schee middn ognudelt, Trachtnhuat Biawambn gscheid: Griasd eich midnand etza nix Gwiass woass ma ned owe. Dahoam gscheckate middn Spuiratz des is a gmahde Wiesn. Des is schee so Obazda san da, Haferl pfenningguat schoo griasd eich midnand.</p>\n<ul>\n<li>Auffi Gamsbart nimma de Sepp Ledahosn Ohrwaschl um Godds wujn Wiesn Deandlgwand Mongdratzal! Jo leck mi Mamalad i daad mechad?</li>\n	<li>Do nackata Wurscht i hob di narrisch gean, Diandldrahn Deandlgwand vui huift vui woaß?</li>\n	<li>Ned Mamalad auffi i bin a woschechta Bayer greaßt eich nachad, umananda gwiss nia need Weiznglasl.</li>\n	<li>Woibbadinga noch da Giasinga Heiwog Biazelt mechad mim Spuiratz, soi zwoa.</li>\n</ul>\n<p>I waar soweid Blosmusi es nomoi. Broadwurschtbudn des is a gmahde Wiesn Kirwa mogsd a Bussal Guglhupf schüds nei. Luja i moan oiwei Baamwach Watschnbaam, wiavui baddscher! Biakriagal a fescha Bua Semmlkneedl iabaroi oba um Godds wujn Ledahosn wui Greichats. Geh um Godds wujn luja heid greaßt eich nachad woaß Breihaus eam! De om auf’n Gipfe auf gehds beim Schichtl mehra Baamwach a bissal wos gehd ollaweil gscheid:</p>\n<blockquote>\n<p>Scheans Schdarmbeaga See i hob di narrisch gean i jo mei is des schee! Nia eam hod vasteh i sog ja nix, i red ja bloß sammawiedaguad, umma eana obandeln! Zwoa jo mei scheans amoi, san und hoggd Milli barfuaßat gscheit. Foidweg vui huift vui singan, mehra Biakriagal om auf’n Gipfe! Ozapfa sodala Charivari greaßt eich nachad Broadwurschtbudn do middn liberalitas Bavariae sowos Leonhardifahrt:</p>\n</blockquote>\n<p>Bla , ognudelt schaugn: Dahoam gelbe Rüam Schneid singan wo hi sauba i moan scho aa no a Maß a Maß und no a Maß nimma. Is umananda a ganze Hoiwe zwoa, Schneid. Vui huift vui Brodzeid kumm geh naa i daad vo de allerweil, gor. Woaß wia Gams, damischa. A ganze Hoiwe Ohrwaschl Greichats iabaroi Prosd Engelgwand nix Reiwadatschi.Weibaleid ognudelt Ledahosn Brezen noch da Giasinga Heiwog i daad Almrausch, Ewig und drei Dog nackata wea ko, dea ko. Meidromml Graudwiggal nois dei, nackata. No Diandldrahn nix Gwiass woass ma ned hod boarischer: Samma sammawiedaguad wos, i hoam Brodzeid. Jo mei Sepp Gaudi, is ma Wuascht do Hendl Alternatives Ende.</p>',
   '<p>Bavaria ipsum dolor sit amet Biazelt Auffisteign Schorsch mim Radl foahn Ohrwaschl Steckerleis wann griagd ma nacha wos z&rsquo;dringa glacht Mamalad, muass? I bin a woschechta Bayer sowos oamoi und sei und glei wirds no fui lustiga: Jo mei is des schee middn ognudelt, Trachtnhuat Biawambn gscheid: Griasd eich midnand etza nix Gwiass woass ma ned owe. Dahoam gscheckate middn Spuiratz des is a gmahde Wiesn. Des is schee so Obazda san da, Haferl pfenningguat schoo griasd eich midnand.</p>\r\n\r\n<ul>\r\n	<li>Auffi Gamsbart nimma de Sepp Ledahosn Ohrwaschl um Godds wujn Wiesn Deandlgwand Mongdratzal! Jo leck mi Mamalad i daad mechad?</li>\r\n	<li>Do nackata Wurscht i hob di narrisch gean, Diandldrahn Deandlgwand vui huift vui woa&szlig;?</li>\r\n	<li>Ned Mamalad auffi i bin a woschechta Bayer grea&szlig;t eich nachad, umananda gwiss nia need Weiznglasl.</li>\r\n	<li>Woibbadinga noch da Giasinga Heiwog Biazelt mechad mim Spuiratz, soi zwoa.</li>\r\n</ul>\r\n\r\n<p>I waar soweid Blosmusi es nomoi. Broadwurschtbudn des is a gmahde Wiesn Kirwa mogsd a Bussal Guglhupf sch&uuml;ds nei. Luja i moan oiwei Baamwach Watschnbaam, wiavui baddscher! Biakriagal a fescha Bua Semmlkneedl iabaroi oba um Godds wujn Ledahosn wui Greichats. Geh um Godds wujn luja heid grea&szlig;t eich nachad woa&szlig; Breihaus eam! De om auf&rsquo;n Gipfe auf gehds beim Schichtl mehra Baamwach a bissal wos gehd ollaweil gscheid:</p>\r\n\r\n<blockquote>\r\n<p>Scheans Schdarmbeaga See i hob di narrisch gean i jo mei is des schee! Nia eam hod vasteh i sog ja nix, i red ja blo&szlig; sammawiedaguad, umma eana obandeln! Zwoa jo mei scheans amoi, san und hoggd Milli barfua&szlig;at gscheit. Foidweg vui huift vui singan, mehra Biakriagal om auf&rsquo;n Gipfe! Ozapfa sodala Charivari grea&szlig;t eich nachad Broadwurschtbudn do middn liberalitas Bavariae sowos Leonhardifahrt:</p>\r\n</blockquote>\r\n\r\n<p><ins class="ice-ins ice-cts" data-changedata="" data-cid="6" data-last-change-time="1439045119118" data-time="1439045118335" data-userid="" data-username="">Bla ﻿</ins><del class="ice-del ice-cts" data-changedata="" data-cid="5" data-last-change-time="1439045117284" data-time="1439045117284" data-userid="" data-username="">Wui helfgod Wiesn</del>, ognudelt schaugn: Dahoam gelbe R&uuml;am Schneid singan wo hi sauba i moan scho aa no a Ma&szlig; a Ma&szlig; und no a Ma&szlig; nimma. Is umananda a ganze Hoiwe zwoa, Schneid. Vui huift vui Brodzeid kumm geh naa i daad vo de allerweil, gor. Woa&szlig; wia Gams, damischa. A ganze Hoiwe Ohrwaschl Greichats iabaroi Prosd Engelgwand nix Reiwadatschi.Weibaleid ognudelt Ledahosn B<ins class="ice-ins ice-cts" data-changedata="" data-cid="14" data-last-change-time="1439045126702" data-time="1439045125710" data-userid="" data-username="">rezen ﻿</ins><ins class="ice-ins ice-cts" data-changedata="" data-cid="12" data-last-change-time="1439045125582" data-time="1439045125391" data-userid="" data-username="">﻿</ins>noch da Giasinga Heiwog i daad Almrausch, Ewig und drei Dog nackata wea ko, dea ko. Meidromml Graudwiggal nois dei, nackata. No Diandldrahn nix Gwiass woass ma ned hod boarischer: Samma sammawiedaguad wos, i hoam Brodzeid. Jo mei Sepp Gaudi, is ma Wuascht do Hendl <del class="ice-cts ice-del" data-changedata="" data-cid="2" data-last-change-time="1439045045219" data-time="1439045045219" data-userid="" data-username="">Xaver Prosd eana an a bravs. Sauwedda an Brezn, abfieseln.</del><ins class="ice-cts ice-ins" data-changedata="" data-cid="3" data-last-change-time="1439045049165" data-time="1439045046920" data-userid="" data-username=""> Alternatives Ende.</ins></p>\r\n',
   '', NULL),
  (274, 4,
   '<p> Schooe owe gwihss Sauwedda ded Charivari dei heid gfoids ma sagrisch guad. Maßkruag wo hi mim Radl foahn Landla Leonhardifahrt, Radler. Ohrwaschl und glei wirds no fui lustiga Spotzerl Fünferl, so auf gehds beim Schichtl do legst di nieda ned Biawambn Breihaus. I mechad dee Schwoanshaxn ghupft wia gsprunga measi gschmeidig hawadere midananda vui huift vui Biawambn, des wiad a Mordsgaudi is. Biaschlegl soi oans, zwoa, gsuffa Oachkatzlschwoaf hod Wiesn.</p>\n<p>Oamoi großherzig Mamalad, liberalitas Bavariae hoggd! Nimmds helfgod im Beidl des basd scho i hob di liab. A Prosit der Gmiadlichkeit midanand mim obandln do mim Radl foahn, Jodler. Ned woar Brotzeit Brotzeit gwihss eana Gidarn. Foidweg Spuiratz kimmt, um Godds wujn. Am acht’n Tag schuf Gott des Bia i sog ja nix, i red ja bloß jedza, Biakriagal a bissal wos gehd ollaweil. Ledahosn om auf’n Gipfe Servas des wiad a Mordsgaudi, griasd eich midnand Bladl Fünferl Gams.</p>\n<p>Leonhardifahrt ma da middn. Greichats an naa do. Af Schuabladdla Leonhardifahrt Marei, des um Godds wujn Biakriagal! Hallelujah sog i, luja schüds nei koa des is schee jedza hogg di hera dringma aweng Spezi nia Musi. Wurschtsolod jo mei is des schee gor Ramasuri ozapfa no gfreit mi i hob di liab auffi, Schbozal. Hogg di hera nia need Biakriagal so schee, Schdarmbeaga See.</p>',
   '<p><del class="ice-cts ice-del" data-changedata="" data-cid="2" data-last-change-time="1439045086224" data-time="1439045086224" data-userid="" data-username="">Woibbadinga damischa</del>&nbsp;S<ins class="ice-cts ice-ins" data-changedata="" data-cid="7" data-last-change-time="1439045089944" data-time="1439045089544" data-userid="" data-username="">chooe ﻿</ins><ins class="ice-cts ice-ins" data-changedata="" data-cid="5" data-last-change-time="1439045089374" data-time="1439045089326" data-userid="" data-username="">﻿</ins>owe gwihss Sauwedda ded Charivari dei heid gfoids ma sagrisch guad. Ma&szlig;kruag wo hi mim Radl foahn Landla Leonhardifahrt, Radler. Ohrwaschl und glei wirds no fui lustiga Spotzerl F&uuml;nferl, so auf gehds beim Schichtl do legst di nieda ned Biawambn Breihaus. I mechad dee Schwoanshaxn ghupft wia gsprunga measi gschmeidig hawadere midananda vui huift vui Biawambn, des wiad a Mordsgaudi is. Biaschlegl soi oans, zwoa, gsuffa Oachkatzlschwoaf hod Wiesn.</p>\r\n\r\n<p>Oamoi gro&szlig;herzig Mamalad, liberalitas Bavariae hoggd! Nimmds helfgod im Beidl des basd scho i hob di liab. A Prosit der Gmiadlichkeit midanand mim obandln do mim Radl foahn, Jodler. Ned woar Brotzeit Brotzeit gwihss eana Gidarn. Foidweg Spuiratz kimmt, um Godds wujn. Am acht&rsquo;n Tag schuf Gott des Bia i sog ja nix, i red ja blo&szlig; jedza, Biakriagal a bissal wos gehd ollaweil. Ledahosn om auf&rsquo;n Gipfe Servas des wiad a Mordsgaudi, griasd eich midnand Bladl F&uuml;nferl Gams.</p>\r\n\r\n<p>Leonhardifahrt ma da middn. Greichats an naa do. Af Schuabladdla Leonhardifahrt Marei, des um Godds wujn Biakriagal! Hallelujah sog i, luja sch&uuml;ds nei koa des is schee jedza hogg di hera dringma aweng Spezi nia Musi. Wurschtsolod jo mei is des schee gor Ramasuri ozapfa no gfreit mi i hob di liab auffi, Schbozal. Hogg di hera nia need Biakriagal so schee, Schdarmbeaga See.</p>\r\n',
   '', NULL);

--
-- Dumping data for table `amendmentSupporter`
--

INSERT INTO `amendmentSupporter` (`id`, `amendmentId`, `position`, `userId`, `role`, `comment`, `personType`, `name`, `organization`, `resolutionDate`, `contactEmail`, `contactPhone`)
VALUES
  (1, 1, 0, NULL, 'initiates', NULL, 0, 'Tester', '', NULL, 'tester@example.org', NULL),
  (2, 2, 0, 2, 'initiates', NULL, 1, 'Testuser', 'Antragsgrün', '2015-07-17', 'testuser@example.org', ''),
  (3, 3, 0, 1, 'initiates', NULL, 0, 'Testadmin', '', NULL, 'testadmin@example.org', ''),
  (4, 4, 0, NULL, 'initiates', NULL, 0, 'Test', '', NULL, NULL, NULL),
  (5, 5, 0, NULL, 'initiates', NULL, 1, 'Bundesvorstand', '', NULL, NULL, NULL),
  (6, 6, 0, NULL, 'initiates', NULL, 0, 'Test', 'Test', NULL, NULL, NULL),
  (7, 7, 0, NULL, 'initiates', NULL, 0, 'Test - 1', '', NULL, NULL, NULL),
  (8, 8, 0, NULL, 'initiates', NULL, 0, 'Tobias Hößl', '', NULL, NULL, NULL),
  (9, 9, 0, NULL, 'initiates', NULL, 0, 'Tobias Hößl', '', NULL, NULL, NULL),
  (10, 10, 0, NULL, 'initiates', NULL, 0, 'Daniel Gollasch', 'LV Berlin', NULL, NULL, NULL),
  (11, 10, 1, NULL, 'supports', NULL, 0, 'Antje Kapek, LV Berlin', NULL, NULL, NULL, NULL),
  (12, 10, 2, NULL, 'supports', NULL, 0, 'Axel Vogel, LV Brandenburg', NULL, NULL, NULL, NULL),
  (13, 11, 0, NULL, 'initiates', NULL, 0, 'Daniel Gollasch', 'LV Berlin', NULL, NULL, NULL),
  (14, 12, 0, NULL, 'initiates', NULL, 0, 'Daniel Gollasch', 'LV BerlinBundesverband', NULL, NULL, NULL),
  (15, 12, 1, NULL, 'supports', NULL, 0, 'Antje Kapek, LV Berlin', NULL, NULL, NULL, NULL),
  (16, 12, 2, NULL, 'supports', NULL, 0, 'Axel Vogel, LV Brandenburg', NULL, NULL, NULL, NULL),
  (17, 13, 0, NULL, 'initiates', NULL, 0, 'Daniel Gollasch', 'LV Berlin', NULL, NULL, NULL),
  (18, 13, 1, NULL, 'supports', NULL, 0, 'Antje Kapek, LV Berlin', NULL, NULL, NULL, NULL),
  (19, 13, 2, NULL, 'supports', NULL, 0, 'Axel Vogel, LV Brandenburg', NULL, NULL, NULL, NULL),
  (20, 14, 0, NULL, 'initiates', NULL, 0, 'Sandra Hildebrandt, KV Berlin-kreisfrei', '', NULL, NULL, NULL),
  (21, 14, 0, NULL, 'supports', NULL, 0, 'Ines Eichmüller, KV Nürnberg-Stadt', NULL, NULL, NULL, NULL),
  (22, 14, 1, NULL, 'supports', NULL, 0, 'Verena Schäffer, KV Ennepe-Ruhr', NULL, NULL, NULL, NULL),
  (23, 15, 0, NULL, 'initiates', NULL, 0, 'Sandra Hildebrandt ', 'KV Berlin Kreisfrei', NULL, NULL, NULL),
  (24, 15, 1, NULL, 'supports', NULL, 0, 'Ines Eichmüller (KV Nürnberg-Land)', '', NULL, NULL, NULL),
  (25, 15, 2, NULL, 'supports', NULL, 0, 'Verena Schäffer (KV Ennepe-Ruhr)', '', NULL, NULL, NULL),
  (26, 16, 0, NULL, 'initiates', NULL, 0, 'Sandra Hildebrandt, KV Berlin-kreisfrei', '', NULL, NULL, NULL),
  (27, 16, 0, NULL, 'supports', NULL, 0, 'Ines Eichmüller (KV Nürnberg-Stadt)', '', NULL, NULL, NULL),
  (28, 16, 1, NULL, 'supports', NULL, 0, 'Verena Schäffer (KV Ennepe-Ruhr)', '', NULL, NULL, NULL),
  (29, 17, 0, NULL, 'initiates', NULL, 0, 'Sandra Hildebrandt ', 'KV Berlin Kreisfrei', NULL, NULL, NULL),
  (30, 17, 0, NULL, 'supports', NULL, 0, 'Ines Eichmüller (KV Nürnberg-Stadt)', NULL, NULL, NULL, NULL),
  (31, 17, 1, NULL, 'supports', NULL, 0, 'Verena Schäffer (KV Ennepe-Ruhr)', NULL, NULL, NULL, NULL),
  (32, 18, 0, NULL, 'initiates', NULL, 0, 'Sandra Hildebrandt ', 'KV Berlin Kreisfrei', NULL, NULL, NULL),
  (33, 18, 0, NULL, 'supports', NULL, 0, 'Ines Eichmüller (KV Nürnberg-Stadt)', NULL, NULL, NULL, NULL),
  (34, 18, 1, NULL, 'supports', NULL, 0, '), Verena Schäffer (KV Ennepe-Ruhr)', NULL, NULL, NULL, NULL),
  (35, 19, 0, NULL, 'initiates', NULL, 0, 'Sandra Hildebrandt, KV Berlin-kreisfrei', '', NULL, NULL, NULL),
  (36, 19, 0, NULL, 'supports', NULL, 0, 'Ines Eichmüller, KV Nürnberg-Stadt', NULL, NULL, NULL, NULL),
  (37, 19, 1, NULL, 'supports', NULL, 0, 'Verena Schäffer, KV Ennepe-Ruhr', NULL, NULL, NULL, NULL),
  (38, 20, 0, NULL, 'initiates', NULL, 0, 'Sandra Hildebrandt ', 'KV Berlin Kreisfrei', NULL, NULL, NULL),
  (39, 20, 1, NULL, 'supports', NULL, 0, 'Ines Eichmüller (KV Nürnberg-Stadt)', NULL, NULL, NULL, NULL),
  (40, 20, 2, NULL, 'supports', NULL, 0, 'Verena Schäffer (KV Ennepe-Ruhr)', NULL, NULL, NULL, NULL),
  (41, 21, 0, NULL, 'initiates', NULL, 0, 'Sandra Hildebrandt, KV Berlin-kreisfrei', '', NULL, NULL, NULL),
  (42, 22, 0, NULL, 'initiates', NULL, 0, 'Sandra Hildebrandt', 'KV Berlin-Kreisfrei', NULL, NULL, NULL),
  (43, 23, 0, NULL, 'initiates', NULL, 0, 'Sandra Hildebrandt, KV Berlin-kreisfrei', '', NULL, NULL, NULL),
  (44, 23, 0, NULL, 'supports', NULL, 0, 'Ines Eichmüller, KV Nürnberg-Stadt', NULL, NULL, NULL, NULL),
  (45, 23, 1, NULL, 'supports', NULL, 0, 'Verena Schäffer, KV Ennepe-Ruhr', NULL, NULL, NULL, NULL),
  (46, 24, 0, NULL, 'initiates', NULL, 0, 'Sandra Hildebrandt, KV Berlin-kreisfrei', '', NULL, NULL, NULL),
  (47, 24, 0, NULL, 'supports', NULL, 0, 'Verena Schäffer, KV Ennepe-Ruhr', NULL, NULL, NULL, NULL),
  (48, 24, 1, NULL, 'supports', NULL, 0, 'Ines Eichmüller, KV Nürnberg-Stadt', NULL, NULL, NULL, NULL),
  (49, 25, 0, NULL, 'initiates', NULL, 0, 'Sandra Hildebrandt, KV Berlin-kreisfrei', '', NULL, NULL, NULL),
  (50, 25, 0, NULL, 'supports', NULL, 0, 'Verena Schäffer, KV Ennepe-Ruhr', NULL, NULL, NULL, NULL),
  (51, 25, 1, NULL, 'supports', NULL, 0, 'Ines Eichmüller, KV Nürnberg-Stadt', NULL, NULL, NULL, NULL),
  (52, 26, 0, NULL, 'initiates', NULL, 0, 'Sandra Hildebrandt ', 'KV Berlin Kreisfrei', NULL, NULL, NULL),
  (53, 26, 1, NULL, 'supports', NULL, 0, 'Ines Eichmüller (KV Nürnberg-Stadt)', '', NULL, NULL, NULL),
  (54, 26, 2, NULL, 'supports', NULL, 0, 'Verena Schäffer (KV Ennepe-Ruhr)', '', NULL, NULL, NULL),
  (55, 27, 0, NULL, 'initiates', NULL, 0, 'Sandra Hildebrandt, KV Berlin-kreisfrei', '', NULL, NULL, NULL),
  (56, 27, 0, NULL, 'supports', NULL, 0, 'Ines Eichmüller, KV Nürnberg-Stadt', NULL, NULL, NULL, NULL),
  (57, 27, 1, NULL, 'supports', NULL, 0, 'Verena Schäffer, KV Ennepe-Ruhr', NULL, NULL, NULL, NULL),
  (58, 28, 0, NULL, 'initiates', NULL, 0, 'Sven Lehmann', 'LV NRW', NULL, NULL, NULL),
  (59, 28, 0, NULL, 'supports', NULL, 0, 'Rasmus Andresen (LV Schleswig-Holstein)', NULL, NULL, NULL, NULL),
  (60, 28, 1, NULL, 'supports', NULL, 0, 'Verena Schäffer (LV NRW)', NULL, NULL, NULL, NULL),
  (61, 29, 0, NULL, 'initiates', NULL, 0, 'Sven Lehmann', 'LV NRW', NULL, NULL, NULL),
  (62, 29, 0, NULL, 'supports', NULL, 0, 'Rasmus Andresen (LV Schleswig-Holstein)', NULL, NULL, NULL, NULL),
  (63, 29, 1, NULL, 'supports', NULL, 0, 'Verena Schäffer (LV NRW)', NULL, NULL, NULL, NULL),
  (64, 30, 0, NULL, 'initiates', NULL, 0, 'Sven Lehmann', 'LV NRW', NULL, NULL, NULL),
  (65, 30, 1, NULL, 'supports', NULL, 0, 'Rasmus Andresen (LV Schleswig-Holstein)', NULL, NULL, NULL, NULL),
  (66, 30, 2, NULL, 'supports', NULL, 0, 'Verena Schäffer (LV NRW)', NULL, NULL, NULL, NULL),
  (67, 31, 0, NULL, 'initiates', NULL, 0, 'Sven Lehmann', 'LV NRW', NULL, NULL, NULL),
  (68, 31, 0, NULL, 'supports', NULL, 0, 'Rasmus Andresen (LV Schleswig-Holstein)', NULL, NULL, NULL, NULL),
  (69, 31, 1, NULL, 'supports', NULL, 0, 'Verena Schäffer (LV NRW)', NULL, NULL, NULL, NULL),
  (70, 32, 0, NULL, 'initiates', NULL, 0, 'Sven Lehmann', 'LV NRW', NULL, NULL, NULL),
  (71, 32, 0, NULL, 'supports', NULL, 0, 'Rasmus Andresen (LV Schleswig-Holstein)', NULL, NULL, NULL, NULL),
  (72, 32, 1, NULL, 'supports', NULL, 0, 'Verena Schäffer (LV NRW)', NULL, NULL, NULL, NULL),
  (73, 33, 0, NULL, 'initiates', NULL, 0, 'Sven Lehmann', 'LV NRW', NULL, NULL, NULL),
  (74, 33, 0, NULL, 'supports', NULL, 0, 'Rasmus Andresen (LV Schleswig-Holstein)', NULL, NULL, NULL, NULL),
  (75, 33, 1, NULL, 'supports', NULL, 0, 'Verena Schäffer (LV NRW)', NULL, NULL, NULL, NULL),
  (76, 34, 0, NULL, 'initiates', NULL, 1, 'Ben Seel (LV BaWü), Bundesvorstand Grüne Jugend', '', NULL, NULL, NULL),
  (77, 34, 0, NULL, 'supports', NULL, 1, 'Erik Marquardt (Grüne Jugend)', NULL, NULL, NULL, NULL),
  (78, 34, 1, NULL, 'supports', NULL, 0, 'Moritz Heuberger (LV BaWü)', NULL, NULL, NULL, NULL),
  (79, 35, 0, NULL, 'initiates', NULL, 1, 'GRÜNE JUGEND Bundesvorstand', '', NULL, NULL, NULL),
  (80, 36, 0, NULL, 'initiates', NULL, 1, 'GRÜNE JUGEND Bundesvorstand', '', NULL, NULL, NULL),
  (81, 37, 0, NULL, 'initiates', NULL, 1, 'GRÜNE JUGEND Bundesvorstand', '', NULL, NULL, NULL),
  (82, 37, 0, NULL, 'supports', NULL, 0, 'Ben Seel', NULL, NULL, NULL, NULL),
  (83, 38, 0, NULL, 'initiates', NULL, 1, 'GRÜNE JUGEND Bundesvorstand', '', NULL, NULL, NULL),
  (84, 39, 0, NULL, 'initiates', NULL, 1, 'GRÜNE JUGEND Bundesvorstand', '', NULL, NULL, NULL),
  (85, 40, 0, NULL, 'initiates', NULL, 1, 'GRÜNE JUGEND Bundesvorstand', '', NULL, NULL, NULL),
  (86, 41, 0, NULL, 'initiates', NULL, 1, 'GRÜNE JUGEND Bundesvorstand', '', NULL, NULL, NULL),
  (87, 42, 0, NULL, 'initiates', NULL, 1, 'GRÜNE JUGEND Bundesvorstand', '', NULL, NULL, NULL),
  (88, 43, 0, NULL, 'initiates', NULL, 1, 'GRÜNE JUGEND Bundesvorstand', '', NULL, NULL, NULL),
  (89, 44, 0, NULL, 'initiates', NULL, 1, 'GRÜNE JUGEND Bundesvorstand', '', NULL, NULL, NULL),
  (90, 45, 0, NULL, 'initiates', NULL, 1, 'GRÜNE JUGEND Bundesvorstand', '', NULL, NULL, NULL),
  (91, 46, 0, NULL, 'initiates', NULL, 1, 'GRÜNE JUGEND Bundesvorstand', '', NULL, NULL, NULL),
  (92, 46, 0, NULL, 'supports', NULL, 0, 'Ben Seel', NULL, NULL, NULL, NULL),
  (93, 47, 0, NULL, 'initiates', NULL, 1, 'GRÜNE JUGEND Bundesvorstand', '', NULL, NULL, NULL),
  (94, 48, 0, NULL, 'initiates', NULL, 1, 'GRÜNE JUGEND Bundesvorstand', '', NULL, NULL, NULL),
  (95, 48, 1, NULL, 'supports', NULL, 0, 'Ben Seel', NULL, NULL, NULL, NULL),
  (96, 49, 0, NULL, 'initiates', NULL, 1, 'GRÜNE JUGEND Bundesvorstand', '', NULL, NULL, NULL),
  (97, 50, 0, NULL, 'initiates', NULL, 1, 'GRÜNE JUGEND Bundesvorstand', '', NULL, NULL, NULL),
  (98, 51, 0, NULL, 'initiates', NULL, 1, 'GRÜNE JUGEND Bundesvorstand', '', NULL, NULL, NULL),
  (99, 52, 0, NULL, 'initiates', NULL, 1, 'Grüne Jugend Bundesvorstand', '', NULL, NULL, NULL),
  (100, 53, 0, NULL, 'initiates', NULL, 1, 'Grüne Jugend Bundesvorstand', '', NULL, NULL, NULL),
  (101, 54, 0, NULL, 'initiates', NULL, 1, 'Grüne Jugend Bundesvorstand', '', NULL, NULL, NULL),
  (102, 55, 0, NULL, 'initiates', NULL, 0, 'Franziska Brantner', 'LV Baden-Württemberg', NULL, NULL, NULL),
  (103, 55, 1, NULL, 'supports', NULL, 0, 'Sven Lehmann (KV Köln)', '', NULL, NULL, NULL),
  (104, 55, 2, NULL, 'supports', NULL, 0, 'Omid Nouripour (KV Frankfurt)', '', NULL, NULL, NULL),
  (105, 56, 0, NULL, 'initiates', NULL, 0, 'Franziska Brantner', 'LV Baden-Württemberg)', NULL, NULL, NULL),
  (106, 56, 1, NULL, 'supports', NULL, 0, 'Sven Lehmann (KV Köln)', NULL, NULL, NULL, NULL),
  (107, 56, 2, NULL, 'supports', NULL, 0, 'Omid Nouripour (KV Frankfurt)', NULL, NULL, NULL, NULL),
  (108, 57, 0, NULL, 'initiates', NULL, 0, 'Daniel Gollasch', 'LV Berlin', NULL, NULL, NULL),
  (109, 57, 0, NULL, 'supports', NULL, 0, 'Antje Kapek, LV Berlin', NULL, NULL, NULL, NULL),
  (110, 57, 1, NULL, 'supports', NULL, 0, 'Axel Vogel, LV Brandenburg', NULL, NULL, NULL, NULL),
  (111, 58, 0, NULL, 'initiates', NULL, 0, 'BueninEm', NULL, NULL, NULL, NULL),
  (112, 59, 0, NULL, 'initiates', NULL, 0, 'Gerhard Schick', 'KV Mannheim', NULL, NULL, NULL),
  (113, 59, 0, NULL, 'supports', NULL, 0, 'Ska Keller (KV Spree-Neiße)', NULL, NULL, NULL, NULL),
  (114, 59, 1, NULL, 'supports', NULL, 0, 'Rasmus Andresen (KV Flensburg)', NULL, NULL, NULL, NULL),
  (115, 60, 0, NULL, 'initiates', NULL, 0, 'Gerhard Schick', 'KV Mannheim', NULL, NULL, NULL),
  (116, 60, 0, NULL, 'supports', NULL, 0, 'Ska Keller (KV Spree-Neiße)', NULL, NULL, NULL, NULL),
  (117, 60, 1, NULL, 'supports', NULL, 0, 'Rasmus Andresen (KV Flensburg)', NULL, NULL, NULL, NULL),
  (118, 61, 0, NULL, 'initiates', NULL, 0, 'Gerhard Schick', 'KV Mannheim', NULL, NULL, NULL),
  (119, 61, 0, NULL, 'supports', NULL, 0, 'Ska Keller (KV Spree-Neiße)', NULL, NULL, NULL, NULL),
  (120, 61, 1, NULL, 'supports', NULL, 0, 'Rasmus Andresen (KV Flensburg)', NULL, NULL, NULL, NULL),
  (121, 62, 0, NULL, 'initiates', NULL, 0, 'Gerhard Schick', 'KV Mannheim', NULL, NULL, NULL),
  (122, 62, 0, NULL, 'supports', NULL, 0, 'Anja Hajduk (KV Hamburg-Nord)', NULL, NULL, NULL, NULL),
  (123, 62, 1, NULL, 'supports', NULL, 0, 'Annalena Baerbock (KV Potsdam)', NULL, NULL, NULL, NULL),
  (124, 63, 0, NULL, 'initiates', NULL, 0, 'Gerhard Schick', 'KV Mannheim', NULL, NULL, NULL),
  (125, 63, 0, NULL, 'supports', NULL, 0, 'Anja Hajduk (KV Hamburg-Nord)', NULL, NULL, NULL, NULL),
  (126, 63, 1, NULL, 'supports', NULL, 0, 'Annalena Baerbock (KV Potsdam)', NULL, NULL, NULL, NULL),
  (127, 64, 0, NULL, 'initiates', NULL, 0, 'Gerhard Schick', 'KV Mannheim', NULL, NULL, NULL),
  (128, 64, 0, NULL, 'supports', NULL, 0, 'Anja Hajduk (KV Hamburg-Nord)', NULL, NULL, NULL, NULL),
  (129, 64, 1, NULL, 'supports', NULL, 0, 'Annalena Baerbock (KV Potsdam)', NULL, NULL, NULL, NULL),
  (130, 65, 0, NULL, 'initiates', NULL, 0, 'Gerhard Schick', 'KV Mannheim', NULL, NULL, NULL),
  (131, 65, 0, NULL, 'supports', NULL, 0, 'Anja Hajduk (KV Hamburg-Nord)', NULL, NULL, NULL, NULL),
  (132, 65, 1, NULL, 'supports', NULL, 0, 'Annalena Baerbock (KV Potsdam)', NULL, NULL, NULL, NULL),
  (133, 66, 0, NULL, 'initiates', NULL, 0, 'Gerhard Schick', 'KV Mannheim', NULL, NULL, NULL),
  (134, 66, 0, NULL, 'supports', NULL, 0, 'Anja Hajduk (KV Hamburg-Nord)', NULL, NULL, NULL, NULL),
  (135, 66, 1, NULL, 'supports', NULL, 0, 'Annalena Baerbock (KV Potsdam)', NULL, NULL, NULL, NULL),
  (136, 67, 0, NULL, 'initiates', NULL, 0, 'Anja Hajduk', 'KV Hamburg-Nord', NULL, NULL, NULL),
  (137, 67, 1, NULL, 'supports', NULL, 0, 'Annalena Baerbock, KV Potsdam', NULL, NULL, NULL, NULL),
  (138, 67, 2, NULL, 'supports', NULL, 0, 'Katharina Fegebank, KV Hamburg-Nord', NULL, NULL, NULL, NULL),
  (139, 68, 0, NULL, 'initiates', NULL, 0, 'Anja Hajduk', 'KV Hamburg-Nord', NULL, NULL, NULL),
  (140, 68, 0, NULL, 'supports', NULL, 0, 'Annalena Baerbock, KV Potsdam', NULL, NULL, NULL, NULL),
  (141, 68, 1, NULL, 'supports', NULL, 0, 'Katharina Fegebank, KV Hamburg-Nord', NULL, NULL, NULL, NULL),
  (142, 69, 0, NULL, 'initiates', NULL, 0, 'Anja Hajduk', 'KV Hamburg-Nord', NULL, NULL, NULL),
  (143, 69, 0, NULL, 'supports', NULL, 0, 'Katharina Fegebank', 'KV Hamburg-Nord', NULL, NULL, NULL),
  (144, 69, 1, NULL, 'supports', NULL, 0, 'Annalena Barbock', 'KV Potsdam', NULL, NULL, NULL),
  (145, 70, 0, NULL, 'initiates', NULL, 0, 'Anja Hajduk', 'KV Hamburg-Nord', NULL, NULL, NULL),
  (146, 70, 0, NULL, 'supports', NULL, 0, 'Annalena Barbock', 'KV Potsdam', NULL, NULL, NULL),
  (147, 70, 1, NULL, 'supports', NULL, 0, 'Katharina Fegebank', 'KV Hamburg-Nord', NULL, NULL, NULL),
  (148, 71, 0, NULL, 'initiates', NULL, 0, 'Anja Hajduk', 'KV Hamburg-Nord', NULL, NULL, NULL),
  (149, 71, 0, NULL, 'supports', NULL, 0, 'Katharina Fegebank, KV Hamburg-Nord', NULL, NULL, NULL, NULL),
  (150, 71, 1, NULL, 'supports', NULL, 0, 'Annalena Baerbock, KV Potsdam', NULL, NULL, NULL, NULL),
  (151, 72, 0, NULL, 'initiates', NULL, 0, 'Anja Hajduk', 'KV Hamburg-Nord', NULL, NULL, NULL),
  (152, 72, 0, NULL, 'supports', NULL, 0, 'Annalena Baerbock, KV Potsdam', NULL, NULL, NULL, NULL),
  (153, 72, 1, NULL, 'supports', NULL, 0, 'Katharina Fegebank, KV Hamburg-Nord', NULL, NULL, NULL, NULL),
  (154, 73, 0, NULL, 'initiates', NULL, 0, 'Anja Hajduk', 'KV Hamburg-Nord', NULL, NULL, NULL),
  (155, 73, 1, NULL, 'supports', NULL, 0, 'Annalena Baerbock, KV Potsdam', NULL, NULL, NULL, NULL),
  (156, 73, 2, NULL, 'supports', NULL, 0, 'Katharina Fegebank, KV Hamburg-Nord', NULL, NULL, NULL, NULL),
  (157, 74, 0, NULL, 'initiates', NULL, 0, 'Anja Hajduk', 'KV Hamburg-Nord', NULL, NULL, NULL),
  (158, 74, 0, NULL, 'supports', NULL, 0, 'Annalena Baerbock, KV Potsdam', NULL, NULL, NULL, NULL),
  (159, 74, 1, NULL, 'supports', NULL, 0, 'Katharina Fegebank, KV Hamburg-Nord', NULL, NULL, NULL, NULL),
  (160, 75, 0, NULL, 'initiates', NULL, 0, 'Anja Hajduk', 'KV Hamburg-Nord', NULL, NULL, NULL),
  (161, 75, 1, NULL, 'supports', NULL, 0, 'Annalena Baerbock, KV Potsdam', NULL, NULL, NULL, NULL),
  (162, 75, 2, NULL, 'supports', NULL, 0, 'Katharina Fegebank, KV Hamburg-Nord', NULL, NULL, NULL, NULL),
  (163, 76, 0, NULL, 'initiates', NULL, 1, 'Grüne Jugend Bundesvorstand', '', NULL, NULL, NULL),
  (164, 77, 0, NULL, 'initiates', NULL, 1, 'Grüne Jugend Bundesvorstand', '', NULL, NULL, NULL),
  (165, 78, 0, NULL, 'initiates', NULL, 1, 'Grüne Jugend Bundesvorstand', '', NULL, NULL, NULL),
  (166, 79, 0, NULL, 'initiates', NULL, 1, 'Grüne Jugend Bundesvorstand', '', NULL, NULL, NULL),
  (167, 80, 0, NULL, 'initiates', NULL, 1, 'Grüne Jugend Bundesvorstand', '', NULL, NULL, NULL),
  (168, 81, 0, NULL, 'initiates', NULL, 1, 'Grüne Jugend Bundesvorstand', '', NULL, NULL, NULL),
  (169, 82, 0, NULL, 'initiates', NULL, 1, 'Grüne Jugend Bundesvorstand', '', NULL, NULL, NULL),
  (170, 83, 0, NULL, 'initiates', NULL, 1, 'Grüne Jugend Bundesvorstand', '', NULL, NULL, NULL),
  (171, 84, 0, NULL, 'initiates', NULL, 1, 'Grüne Jugend Bundesvorstand', '', NULL, NULL, NULL),
  (172, 85, 0, NULL, 'initiates', NULL, 1, 'Grüne Jugend Bundesvorstand', '', NULL, NULL, NULL),
  (173, 86, 0, NULL, 'initiates', NULL, 1, 'Grüne Jugend Bundesvorstand', '', NULL, NULL, NULL),
  (174, 87, 0, NULL, 'initiates', NULL, 1, 'Grüne Jugend Bundesvorstand', '', NULL, NULL, NULL),
  (175, 88, 0, NULL, 'initiates', NULL, 1, 'Grüne Jugend Bundesvorstand', '', NULL, NULL, NULL),
  (176, 89, 0, NULL, 'initiates', NULL, 1, 'Grüne Jugend Bundesvorstand', '', NULL, NULL, NULL),
  (177, 90, 0, NULL, 'initiates', NULL, 1, 'Grüne Jugend Bundesvorstand', '', NULL, NULL, NULL),
  (178, 91, 1, NULL, 'initiates', NULL, 1, 'Grüne Jugend Bundesvorstand', '', NULL, NULL, NULL),
  (179, 92, 0, NULL, 'initiates', NULL, 1, 'Grüne Jugend Bundesvorstand', '', NULL, NULL, NULL),
  (180, 93, 0, NULL, 'initiates', NULL, 1, 'Grüne Jugend Bundesvorstand', '', NULL, NULL, NULL),
  (181, 94, 0, NULL, 'initiates', NULL, 1, 'Grüne Jugend Bundesvorstand', '', NULL, NULL, NULL),
  (182, 95, 0, NULL, 'initiates', NULL, 1, 'Grüne Jugend Bundesvorstand', '', NULL, NULL, NULL),
  (183, 96, 0, NULL, 'initiates', NULL, 1, 'Grüne Jugend Bundesvorstand', '', NULL, NULL, NULL),
  (184, 97, 0, NULL, 'initiates', NULL, 1, 'Grüne Jugend Bundesvorstand', '', NULL, NULL, NULL),
  (185, 98, 0, NULL, 'initiates', NULL, 1, 'Grüne Jugend Bundesvorstand', '', NULL, NULL, NULL),
  (186, 99, 0, NULL, 'initiates', NULL, 1, 'Grüne Jugend Bundesvorstand', '', NULL, NULL, NULL),
  (187, 100, 0, NULL, 'initiates', NULL, 1, 'Grüne Jugend Bundesvorstand', '', NULL, NULL, NULL),
  (188, 101, 0, NULL, 'initiates', NULL, 1, 'Grüne Jugend Bundesvorstand', '', NULL, NULL, NULL),
  (189, 102, 0, NULL, 'initiates', NULL, 1, 'Grüne Jugend Bundesvorstand', '', NULL, NULL, NULL),
  (190, 103, 0, NULL, 'initiates', NULL, 1, 'Grüne Jugend Bundesvorstand', '', NULL, NULL, NULL),
  (191, 104, 0, NULL, 'initiates', NULL, 1, 'Grüne Jugend Bundesvorstand', '', NULL, NULL, NULL),
  (192, 105, 0, NULL, 'initiates', NULL, 1, 'Grüne Jugend Bundesvorstand', '', NULL, NULL, NULL),
  (193, 106, 0, NULL, 'initiates', NULL, 1, 'Grüne Jugend Bundesvorstand', '', NULL, NULL, NULL),
  (194, 107, 0, NULL, 'initiates', NULL, 0, 'Ska Keller', 'KV Spree-Neiße', NULL, NULL, NULL),
  (195, 107, 0, NULL, 'supports', NULL, 0, 'Rasmus Andresen', NULL, NULL, NULL, NULL),
  (196, 107, 1, NULL, 'supports', NULL, 0, 'Erik Marquardt', NULL, NULL, NULL, NULL),
  (197, 108, 0, NULL, 'initiates', NULL, 1, 'Grüne Jugend Bundesvorstand', '', NULL, NULL, NULL),
  (198, 109, 0, NULL, 'initiates', NULL, 1, 'Grüne Jugend Bundesvorstand', '', NULL, NULL, NULL),
  (199, 110, 0, NULL, 'initiates', NULL, 0, 'BAG Europa (beschossen 22.4.15)', '', NULL, NULL, NULL),
  (200, 111, 0, NULL, 'initiates', NULL, 0, 'BAG Europa (Beschluss vom 22.4.15)', '', NULL, NULL, NULL),
  (201, 112, 0, NULL, 'initiates', NULL, 0, 'BAG Europa (Beschluss vom 22.4.15)', '', NULL, NULL, NULL),
  (202, 113, 0, NULL, 'initiates', NULL, 0, 'BAG Europa (Beschluss vom 24.4.15)', '', NULL, NULL, NULL),
  (203, 114, 0, NULL, 'initiates', NULL, 0, 'BAG Europa (Beschlusss vom 22.4.15)', '', NULL, NULL, NULL),
  (204, 115, 0, NULL, 'initiates', NULL, 0, 'BAG Europa (Beschluss vom 22.4.15)', '', NULL, NULL, NULL),
  (205, 116, 0, NULL, 'initiates', NULL, 0, 'BAG Europa (Beschluss vom 22.4.15)', '', NULL, NULL, NULL),
  (206, 117, 0, NULL, 'initiates', NULL, 0, 'BAG Europa (Beschluss vom 22.4.15)', '', NULL, NULL, NULL),
  (207, 118, 0, NULL, 'initiates', NULL, 0, 'BAG Europa (Beschluss vom 22.4.15', '', NULL, NULL, NULL),
  (208, 119, 0, NULL, 'initiates', NULL, 0, 'Gerhard Schick', 'LV Baden-Württemberg', NULL, NULL, NULL),
  (209, 119, 1, NULL, 'supports', NULL, 0, 'Anja Hajduk (KV Hamburg-Nord)', '', NULL, NULL, NULL),
  (210, 119, 2, NULL, 'supports', NULL, 0, 'Annalena Baerbock (KV Potsdam)', '', NULL, NULL, NULL),
  (211, 120, 0, NULL, 'initiates', NULL, 0, 'KostMich', '', NULL, NULL, NULL),
  (212, 121, 0, NULL, 'initiates', NULL, 1, 'GRÜNE JUGEND Bundesvorstand', '', NULL, NULL, NULL),
  (213, 122, 0, NULL, 'initiates', NULL, 0, 'Martin Häusling', 'KV Schwalm-Eder', NULL, NULL, NULL),
  (214, 122, 1, NULL, 'supports', NULL, 0, 'Ska Keller, KV Spree-Neiße', NULL, NULL, NULL, NULL),
  (215, 122, 2, NULL, 'supports', NULL, 0, 'Sven Lehmann, KV Köln', NULL, NULL, NULL, NULL),
  (216, 123, 0, NULL, 'initiates', NULL, 0, 'Martin Häusling', 'KV Schwalm-Eder', NULL, NULL, NULL),
  (217, 123, 1, NULL, 'supports', NULL, 0, 'Sven Lehmann, KV Köln', NULL, NULL, NULL, NULL),
  (218, 123, 2, NULL, 'supports', NULL, 0, 'Daniel Wesener, KV Friedrichshain-Kreuzberg', NULL, NULL, NULL, NULL),
  (219, 124, 0, NULL, 'initiates', NULL, 0, 'Martin Häusling', 'KV Schwalm-Eder', NULL, NULL, NULL),
  (220, 124, 1, NULL, 'supports', NULL, 0, 'Ska Keller, KV Spree-Neiße', NULL, NULL, NULL, NULL),
  (221, 124, 2, NULL, 'supports', NULL, 0, 'Sven Lehmann, KV Köln', NULL, NULL, NULL, NULL),
  (222, 125, 0, NULL, 'initiates', NULL, 0, 'Martin Häusling', 'KV Schwalm-Eder', NULL, NULL, NULL),
  (223, 125, 1, NULL, 'supports', NULL, 0, 'Ska Keller, KV Spree-Neiße', NULL, NULL, NULL, NULL),
  (224, 125, 0, NULL, 'supports', NULL, 0, 'Sven Lehmann, KV Köln', '', NULL, NULL, NULL),
  (225, 126, 0, NULL, 'initiates', NULL, 0, 'Martin Häusling', 'KV Schwalm-Eder', NULL, NULL, NULL),
  (226, 127, 0, NULL, 'initiates', NULL, 0, 'Martin Häusling', 'KV Schwalm-Eder', NULL, NULL, NULL),
  (227, 127, 0, NULL, 'supports', NULL, 0, 'Ska Keller, KV Spree-Neiße', NULL, NULL, NULL, NULL),
  (228, 127, 1, NULL, 'supports', NULL, 0, 'Sven Lehmann, KV Köln', NULL, NULL, NULL, NULL),
  (229, 128, 0, NULL, 'initiates', NULL, 0, 'Martin Häusling', 'KV Schwalm-Eder', NULL, NULL, NULL),
  (230, 128, 0, NULL, 'supports', NULL, 0, 'Ska Keller, KV Spree-Neiße', NULL, NULL, NULL, NULL),
  (231, 128, 1, NULL, 'supports', NULL, 0, 'Sven Lehmann, KV Köln', NULL, NULL, NULL, NULL),
  (232, 129, 0, NULL, 'initiates', NULL, 0, 'KostMich', '', NULL, NULL, NULL),
  (233, 130, 0, NULL, 'initiates', NULL, 1, 'GRÜNE JUGEND Bundesvorstand', '', NULL, NULL, NULL),
  (234, 131, 0, NULL, 'initiates', NULL, 1, 'GRÜNE JUGEND Bundesvorstand', '', NULL, NULL, NULL),
  (235, 132, 0, NULL, 'initiates', NULL, 1, 'GRÜNE JUGEND Bundesvorstand', '', NULL, NULL, NULL),
  (236, 133, 0, NULL, 'initiates', NULL, 0, 'Jutta Paulus', 'LV Rheinland-Pfalz', NULL, NULL, NULL),
  (237, 133, 0, NULL, 'supports', NULL, 1, 'Theresa Kalmer, Grüne Jugend', '', NULL, NULL, NULL),
  (238, 133, 1, NULL, 'supports', NULL, 0, 'André Schulze, KV Berlin-Neukölln', '', NULL, NULL, NULL),
  (239, 134, 0, NULL, 'initiates', NULL, 0, 'Jutta Paulus', 'LV Rheinland-Pfalz', NULL, NULL, NULL),
  (240, 134, 1, NULL, 'supports', NULL, 1, 'Theresa Kalmer, Grüne Jugend', NULL, NULL, NULL, NULL),
  (241, 134, 2, NULL, 'supports', NULL, 0, 'André Schulze, KV Berlin-Neukölln', NULL, NULL, NULL, NULL),
  (242, 135, 0, NULL, 'initiates', NULL, 1, 'GRÜNE JUGEND Bundesvorstand', '', NULL, NULL, NULL),
  (243, 136, 0, NULL, 'initiates', NULL, 0, 'Programmkommission', 'Bundesverband', NULL, NULL, NULL),
  (244, 137, 0, NULL, 'initiates', NULL, 0, 'Test', '', NULL, NULL, NULL),
  (245, 138, 0, NULL, 'initiates', NULL, 1, 'Bundesvorstand', '', NULL, NULL, NULL),
  (246, 139, 0, NULL, 'initiates', NULL, 0, 'Test', 'Test', NULL, NULL, NULL),
  (247, 140, 0, NULL, 'initiates', NULL, 0, 'Test - 1', '', NULL, NULL, NULL),
  (248, 141, 0, NULL, 'initiates', NULL, 0, 'Tobias Hößl', '', NULL, NULL, NULL),
  (249, 142, 0, NULL, 'initiates', NULL, 0, 'Tobias Hößl', '', NULL, NULL, NULL),
  (250, 143, 0, NULL, 'initiates', NULL, 0, 'Daniel Gollasch', 'LV Berlin', NULL, NULL, NULL),
  (251, 143, 1, NULL, 'supports', NULL, 0, 'Antje Kapek, LV Berlin', NULL, NULL, NULL, NULL),
  (252, 143, 2, NULL, 'supports', NULL, 0, 'Axel Vogel, LV Brandenburg', NULL, NULL, NULL, NULL),
  (253, 144, 0, NULL, 'initiates', NULL, 0, 'Daniel Gollasch', 'LV Berlin', NULL, NULL, NULL),
  (254, 145, 0, NULL, 'initiates', NULL, 0, 'Daniel Gollasch', 'LV BerlinBundesverband', NULL, NULL, NULL),
  (255, 145, 1, NULL, 'supports', NULL, 0, 'Antje Kapek, LV Berlin', NULL, NULL, NULL, NULL),
  (256, 145, 2, NULL, 'supports', NULL, 0, 'Axel Vogel, LV Brandenburg', NULL, NULL, NULL, NULL),
  (257, 146, 0, NULL, 'initiates', NULL, 0, 'Daniel Gollasch', 'LV Berlin', NULL, NULL, NULL),
  (258, 146, 1, NULL, 'supports', NULL, 0, 'Antje Kapek, LV Berlin', NULL, NULL, NULL, NULL),
  (259, 146, 2, NULL, 'supports', NULL, 0, 'Axel Vogel, LV Brandenburg', NULL, NULL, NULL, NULL),
  (260, 147, 0, NULL, 'initiates', NULL, 0, 'Sandra Hildebrandt, KV Berlin-kreisfrei', '', NULL, NULL, NULL),
  (261, 147, 0, NULL, 'supports', NULL, 0, 'Ines Eichmüller, KV Nürnberg-Stadt', NULL, NULL, NULL, NULL),
  (262, 147, 1, NULL, 'supports', NULL, 0, 'Verena Schäffer, KV Ennepe-Ruhr', NULL, NULL, NULL, NULL),
  (263, 148, 0, NULL, 'initiates', NULL, 0, 'Sandra Hildebrandt ', 'KV Berlin Kreisfrei', NULL, NULL, NULL),
  (264, 148, 1, NULL, 'supports', NULL, 0, 'Ines Eichmüller (KV Nürnberg-Land)', '', NULL, NULL, NULL),
  (265, 148, 2, NULL, 'supports', NULL, 0, 'Verena Schäffer (KV Ennepe-Ruhr)', '', NULL, NULL, NULL),
  (266, 149, 0, NULL, 'initiates', NULL, 0, 'Sandra Hildebrandt, KV Berlin-kreisfrei', '', NULL, NULL, NULL),
  (267, 149, 0, NULL, 'supports', NULL, 0, 'Ines Eichmüller (KV Nürnberg-Stadt)', '', NULL, NULL, NULL),
  (268, 149, 1, NULL, 'supports', NULL, 0, 'Verena Schäffer (KV Ennepe-Ruhr)', '', NULL, NULL, NULL),
  (269, 150, 0, NULL, 'initiates', NULL, 0, 'Sandra Hildebrandt ', 'KV Berlin Kreisfrei', NULL, NULL, NULL),
  (270, 150, 0, NULL, 'supports', NULL, 0, 'Ines Eichmüller (KV Nürnberg-Stadt)', NULL, NULL, NULL, NULL),
  (271, 150, 1, NULL, 'supports', NULL, 0, 'Verena Schäffer (KV Ennepe-Ruhr)', NULL, NULL, NULL, NULL),
  (272, 151, 0, NULL, 'initiates', NULL, 0, 'Sandra Hildebrandt ', 'KV Berlin Kreisfrei', NULL, NULL, NULL),
  (273, 151, 0, NULL, 'supports', NULL, 0, 'Ines Eichmüller (KV Nürnberg-Stadt)', NULL, NULL, NULL, NULL),
  (274, 151, 1, NULL, 'supports', NULL, 0, '), Verena Schäffer (KV Ennepe-Ruhr)', NULL, NULL, NULL, NULL),
  (275, 152, 0, NULL, 'initiates', NULL, 0, 'Sandra Hildebrandt, KV Berlin-kreisfrei', '', NULL, NULL, NULL),
  (276, 152, 0, NULL, 'supports', NULL, 0, 'Ines Eichmüller, KV Nürnberg-Stadt', NULL, NULL, NULL, NULL),
  (277, 152, 1, NULL, 'supports', NULL, 0, 'Verena Schäffer, KV Ennepe-Ruhr', NULL, NULL, NULL, NULL),
  (278, 153, 0, NULL, 'initiates', NULL, 0, 'Sandra Hildebrandt ', 'KV Berlin Kreisfrei', NULL, NULL, NULL),
  (279, 153, 1, NULL, 'supports', NULL, 0, 'Ines Eichmüller (KV Nürnberg-Stadt)', NULL, NULL, NULL, NULL),
  (280, 153, 2, NULL, 'supports', NULL, 0, 'Verena Schäffer (KV Ennepe-Ruhr)', NULL, NULL, NULL, NULL),
  (281, 154, 0, NULL, 'initiates', NULL, 0, 'Sandra Hildebrandt, KV Berlin-kreisfrei', '', NULL, NULL, NULL),
  (282, 155, 0, NULL, 'initiates', NULL, 0, 'Sandra Hildebrandt', 'KV Berlin-Kreisfrei', NULL, NULL, NULL),
  (283, 156, 0, NULL, 'initiates', NULL, 0, 'Sandra Hildebrandt, KV Berlin-kreisfrei', '', NULL, NULL, NULL),
  (284, 156, 0, NULL, 'supports', NULL, 0, 'Ines Eichmüller, KV Nürnberg-Stadt', NULL, NULL, NULL, NULL),
  (285, 156, 1, NULL, 'supports', NULL, 0, 'Verena Schäffer, KV Ennepe-Ruhr', NULL, NULL, NULL, NULL),
  (286, 157, 0, NULL, 'initiates', NULL, 0, 'Sandra Hildebrandt, KV Berlin-kreisfrei', '', NULL, NULL, NULL),
  (287, 157, 0, NULL, 'supports', NULL, 0, 'Verena Schäffer, KV Ennepe-Ruhr', NULL, NULL, NULL, NULL),
  (288, 157, 1, NULL, 'supports', NULL, 0, 'Ines Eichmüller, KV Nürnberg-Stadt', NULL, NULL, NULL, NULL),
  (289, 158, 0, NULL, 'initiates', NULL, 0, 'Sandra Hildebrandt, KV Berlin-kreisfrei', '', NULL, NULL, NULL),
  (290, 158, 0, NULL, 'supports', NULL, 0, 'Verena Schäffer, KV Ennepe-Ruhr', NULL, NULL, NULL, NULL),
  (291, 158, 1, NULL, 'supports', NULL, 0, 'Ines Eichmüller, KV Nürnberg-Stadt', NULL, NULL, NULL, NULL),
  (292, 159, 0, NULL, 'initiates', NULL, 0, 'Sandra Hildebrandt ', 'KV Berlin Kreisfrei', NULL, NULL, NULL),
  (293, 159, 1, NULL, 'supports', NULL, 0, 'Ines Eichmüller (KV Nürnberg-Stadt)', '', NULL, NULL, NULL),
  (294, 159, 2, NULL, 'supports', NULL, 0, 'Verena Schäffer (KV Ennepe-Ruhr)', '', NULL, NULL, NULL),
  (295, 160, 0, NULL, 'initiates', NULL, 0, 'Sandra Hildebrandt, KV Berlin-kreisfrei', '', NULL, NULL, NULL),
  (296, 160, 0, NULL, 'supports', NULL, 0, 'Ines Eichmüller, KV Nürnberg-Stadt', NULL, NULL, NULL, NULL),
  (297, 160, 1, NULL, 'supports', NULL, 0, 'Verena Schäffer, KV Ennepe-Ruhr', NULL, NULL, NULL, NULL),
  (298, 161, 0, NULL, 'initiates', NULL, 0, 'Sven Lehmann', 'LV NRW', NULL, NULL, NULL),
  (299, 161, 0, NULL, 'supports', NULL, 0, 'Rasmus Andresen (LV Schleswig-Holstein)', NULL, NULL, NULL, NULL),
  (300, 161, 1, NULL, 'supports', NULL, 0, 'Verena Schäffer (LV NRW)', NULL, NULL, NULL, NULL),
  (301, 162, 0, NULL, 'initiates', NULL, 0, 'Sven Lehmann', 'LV NRW', NULL, NULL, NULL),
  (302, 162, 0, NULL, 'supports', NULL, 0, 'Rasmus Andresen (LV Schleswig-Holstein)', NULL, NULL, NULL, NULL),
  (303, 162, 1, NULL, 'supports', NULL, 0, 'Verena Schäffer (LV NRW)', NULL, NULL, NULL, NULL),
  (304, 163, 0, NULL, 'initiates', NULL, 0, 'Sven Lehmann', 'LV NRW', NULL, NULL, NULL),
  (305, 163, 1, NULL, 'supports', NULL, 0, 'Rasmus Andresen (LV Schleswig-Holstein)', NULL, NULL, NULL, NULL),
  (306, 163, 2, NULL, 'supports', NULL, 0, 'Verena Schäffer (LV NRW)', NULL, NULL, NULL, NULL),
  (307, 164, 0, NULL, 'initiates', NULL, 0, 'Sven Lehmann', 'LV NRW', NULL, NULL, NULL),
  (308, 164, 0, NULL, 'supports', NULL, 0, 'Rasmus Andresen (LV Schleswig-Holstein)', NULL, NULL, NULL, NULL),
  (309, 164, 1, NULL, 'supports', NULL, 0, 'Verena Schäffer (LV NRW)', NULL, NULL, NULL, NULL),
  (310, 165, 0, NULL, 'initiates', NULL, 0, 'Sven Lehmann', 'LV NRW', NULL, NULL, NULL),
  (311, 165, 0, NULL, 'supports', NULL, 0, 'Rasmus Andresen (LV Schleswig-Holstein)', NULL, NULL, NULL, NULL),
  (312, 165, 1, NULL, 'supports', NULL, 0, 'Verena Schäffer (LV NRW)', NULL, NULL, NULL, NULL),
  (313, 166, 0, NULL, 'initiates', NULL, 0, 'Sven Lehmann', 'LV NRW', NULL, NULL, NULL),
  (314, 166, 0, NULL, 'supports', NULL, 0, 'Rasmus Andresen (LV Schleswig-Holstein)', NULL, NULL, NULL, NULL),
  (315, 166, 1, NULL, 'supports', NULL, 0, 'Verena Schäffer (LV NRW)', NULL, NULL, NULL, NULL),
  (316, 167, 0, NULL, 'initiates', NULL, 1, 'Ben Seel (LV BaWü), Bundesvorstand Grüne Jugend', '', NULL, NULL, NULL),
  (317, 167, 0, NULL, 'supports', NULL, 1, 'Erik Marquardt (Grüne Jugend)', NULL, NULL, NULL, NULL),
  (318, 167, 1, NULL, 'supports', NULL, 0, 'Moritz Heuberger (LV BaWü)', NULL, NULL, NULL, NULL),
  (319, 168, 0, NULL, 'initiates', NULL, 1, 'GRÜNE JUGEND Bundesvorstand', '', NULL, NULL, NULL),
  (320, 169, 0, NULL, 'initiates', NULL, 1, 'GRÜNE JUGEND Bundesvorstand', '', NULL, NULL, NULL),
  (321, 170, 0, NULL, 'initiates', NULL, 1, 'GRÜNE JUGEND Bundesvorstand', '', NULL, NULL, NULL),
  (322, 170, 0, NULL, 'supports', NULL, 0, 'Ben Seel', NULL, NULL, NULL, NULL),
  (323, 171, 0, NULL, 'initiates', NULL, 1, 'GRÜNE JUGEND Bundesvorstand', '', NULL, NULL, NULL),
  (324, 172, 0, NULL, 'initiates', NULL, 1, 'GRÜNE JUGEND Bundesvorstand', '', NULL, NULL, NULL),
  (325, 173, 0, NULL, 'initiates', NULL, 1, 'GRÜNE JUGEND Bundesvorstand', '', NULL, NULL, NULL),
  (326, 174, 0, NULL, 'initiates', NULL, 1, 'GRÜNE JUGEND Bundesvorstand', '', NULL, NULL, NULL),
  (327, 175, 0, NULL, 'initiates', NULL, 1, 'GRÜNE JUGEND Bundesvorstand', '', NULL, NULL, NULL),
  (328, 176, 0, NULL, 'initiates', NULL, 1, 'GRÜNE JUGEND Bundesvorstand', '', NULL, NULL, NULL),
  (329, 177, 0, NULL, 'initiates', NULL, 1, 'GRÜNE JUGEND Bundesvorstand', '', NULL, NULL, NULL),
  (330, 178, 0, NULL, 'initiates', NULL, 1, 'GRÜNE JUGEND Bundesvorstand', '', NULL, NULL, NULL),
  (331, 179, 0, NULL, 'initiates', NULL, 1, 'GRÜNE JUGEND Bundesvorstand', '', NULL, NULL, NULL),
  (332, 179, 0, NULL, 'supports', NULL, 0, 'Ben Seel', NULL, NULL, NULL, NULL),
  (333, 180, 0, NULL, 'initiates', NULL, 1, 'GRÜNE JUGEND Bundesvorstand', '', NULL, NULL, NULL),
  (334, 181, 0, NULL, 'initiates', NULL, 1, 'GRÜNE JUGEND Bundesvorstand', '', NULL, NULL, NULL),
  (335, 181, 1, NULL, 'supports', NULL, 0, 'Ben Seel', NULL, NULL, NULL, NULL),
  (336, 182, 0, NULL, 'initiates', NULL, 1, 'GRÜNE JUGEND Bundesvorstand', '', NULL, NULL, NULL),
  (337, 183, 0, NULL, 'initiates', NULL, 1, 'GRÜNE JUGEND Bundesvorstand', '', NULL, NULL, NULL),
  (338, 184, 0, NULL, 'initiates', NULL, 1, 'GRÜNE JUGEND Bundesvorstand', '', NULL, NULL, NULL),
  (339, 185, 0, NULL, 'initiates', NULL, 1, 'Grüne Jugend Bundesvorstand', '', NULL, NULL, NULL),
  (340, 186, 0, NULL, 'initiates', NULL, 1, 'Grüne Jugend Bundesvorstand', '', NULL, NULL, NULL),
  (341, 187, 0, NULL, 'initiates', NULL, 1, 'Grüne Jugend Bundesvorstand', '', NULL, NULL, NULL),
  (342, 188, 0, NULL, 'initiates', NULL, 0, 'Franziska Brantner', 'LV Baden-Württemberg', NULL, NULL, NULL),
  (343, 188, 1, NULL, 'supports', NULL, 0, 'Sven Lehmann (KV Köln)', '', NULL, NULL, NULL),
  (344, 188, 2, NULL, 'supports', NULL, 0, 'Omid Nouripour (KV Frankfurt)', '', NULL, NULL, NULL),
  (345, 189, 0, NULL, 'initiates', NULL, 0, 'Franziska Brantner', 'LV Baden-Württemberg)', NULL, NULL, NULL),
  (346, 189, 1, NULL, 'supports', NULL, 0, 'Sven Lehmann (KV Köln)', NULL, NULL, NULL, NULL),
  (347, 189, 2, NULL, 'supports', NULL, 0, 'Omid Nouripour (KV Frankfurt)', NULL, NULL, NULL, NULL),
  (348, 190, 0, NULL, 'initiates', NULL, 0, 'Daniel Gollasch', 'LV Berlin', NULL, NULL, NULL),
  (349, 190, 0, NULL, 'supports', NULL, 0, 'Antje Kapek, LV Berlin', NULL, NULL, NULL, NULL),
  (350, 190, 1, NULL, 'supports', NULL, 0, 'Axel Vogel, LV Brandenburg', NULL, NULL, NULL, NULL),
  (351, 191, 0, NULL, 'initiates', NULL, 0, 'BueninEm', NULL, NULL, NULL, NULL),
  (352, 192, 0, NULL, 'initiates', NULL, 0, 'Gerhard Schick', 'KV Mannheim', NULL, NULL, NULL),
  (353, 192, 0, NULL, 'supports', NULL, 0, 'Ska Keller (KV Spree-Neiße)', NULL, NULL, NULL, NULL),
  (354, 192, 1, NULL, 'supports', NULL, 0, 'Rasmus Andresen (KV Flensburg)', NULL, NULL, NULL, NULL),
  (355, 193, 0, NULL, 'initiates', NULL, 0, 'Gerhard Schick', 'KV Mannheim', NULL, NULL, NULL),
  (356, 193, 0, NULL, 'supports', NULL, 0, 'Ska Keller (KV Spree-Neiße)', NULL, NULL, NULL, NULL),
  (357, 193, 1, NULL, 'supports', NULL, 0, 'Rasmus Andresen (KV Flensburg)', NULL, NULL, NULL, NULL),
  (358, 194, 0, NULL, 'initiates', NULL, 0, 'Gerhard Schick', 'KV Mannheim', NULL, NULL, NULL),
  (359, 194, 0, NULL, 'supports', NULL, 0, 'Ska Keller (KV Spree-Neiße)', NULL, NULL, NULL, NULL),
  (360, 194, 1, NULL, 'supports', NULL, 0, 'Rasmus Andresen (KV Flensburg)', NULL, NULL, NULL, NULL),
  (361, 195, 0, NULL, 'initiates', NULL, 0, 'Gerhard Schick', 'KV Mannheim', NULL, NULL, NULL),
  (362, 195, 0, NULL, 'supports', NULL, 0, 'Anja Hajduk (KV Hamburg-Nord)', NULL, NULL, NULL, NULL),
  (363, 195, 1, NULL, 'supports', NULL, 0, 'Annalena Baerbock (KV Potsdam)', NULL, NULL, NULL, NULL),
  (364, 196, 0, NULL, 'initiates', NULL, 0, 'Gerhard Schick', 'KV Mannheim', NULL, NULL, NULL),
  (365, 196, 0, NULL, 'supports', NULL, 0, 'Anja Hajduk (KV Hamburg-Nord)', NULL, NULL, NULL, NULL),
  (366, 196, 1, NULL, 'supports', NULL, 0, 'Annalena Baerbock (KV Potsdam)', NULL, NULL, NULL, NULL),
  (367, 197, 0, NULL, 'initiates', NULL, 0, 'Gerhard Schick', 'KV Mannheim', NULL, NULL, NULL),
  (368, 197, 0, NULL, 'supports', NULL, 0, 'Anja Hajduk (KV Hamburg-Nord)', NULL, NULL, NULL, NULL),
  (369, 197, 1, NULL, 'supports', NULL, 0, 'Annalena Baerbock (KV Potsdam)', NULL, NULL, NULL, NULL),
  (370, 198, 0, NULL, 'initiates', NULL, 0, 'Gerhard Schick', 'KV Mannheim', NULL, NULL, NULL),
  (371, 198, 0, NULL, 'supports', NULL, 0, 'Anja Hajduk (KV Hamburg-Nord)', NULL, NULL, NULL, NULL),
  (372, 198, 1, NULL, 'supports', NULL, 0, 'Annalena Baerbock (KV Potsdam)', NULL, NULL, NULL, NULL),
  (373, 199, 0, NULL, 'initiates', NULL, 0, 'Gerhard Schick', 'KV Mannheim', NULL, NULL, NULL),
  (374, 199, 0, NULL, 'supports', NULL, 0, 'Anja Hajduk (KV Hamburg-Nord)', NULL, NULL, NULL, NULL),
  (375, 199, 1, NULL, 'supports', NULL, 0, 'Annalena Baerbock (KV Potsdam)', NULL, NULL, NULL, NULL),
  (376, 200, 0, NULL, 'initiates', NULL, 0, 'Anja Hajduk', 'KV Hamburg-Nord', NULL, NULL, NULL),
  (377, 200, 1, NULL, 'supports', NULL, 0, 'Annalena Baerbock, KV Potsdam', NULL, NULL, NULL, NULL),
  (378, 200, 2, NULL, 'supports', NULL, 0, 'Katharina Fegebank, KV Hamburg-Nord', NULL, NULL, NULL, NULL),
  (379, 201, 0, NULL, 'initiates', NULL, 0, 'Anja Hajduk', 'KV Hamburg-Nord', NULL, NULL, NULL),
  (380, 201, 0, NULL, 'supports', NULL, 0, 'Annalena Baerbock, KV Potsdam', NULL, NULL, NULL, NULL),
  (381, 201, 1, NULL, 'supports', NULL, 0, 'Katharina Fegebank, KV Hamburg-Nord', NULL, NULL, NULL, NULL),
  (382, 202, 0, NULL, 'initiates', NULL, 0, 'Anja Hajduk', 'KV Hamburg-Nord', NULL, NULL, NULL),
  (383, 202, 0, NULL, 'supports', NULL, 0, 'Katharina Fegebank', 'KV Hamburg-Nord', NULL, NULL, NULL),
  (384, 202, 1, NULL, 'supports', NULL, 0, 'Annalena Barbock', 'KV Potsdam', NULL, NULL, NULL),
  (385, 203, 0, NULL, 'initiates', NULL, 0, 'Anja Hajduk', 'KV Hamburg-Nord', NULL, NULL, NULL),
  (386, 203, 0, NULL, 'supports', NULL, 0, 'Annalena Barbock', 'KV Potsdam', NULL, NULL, NULL),
  (387, 203, 1, NULL, 'supports', NULL, 0, 'Katharina Fegebank', 'KV Hamburg-Nord', NULL, NULL, NULL),
  (388, 204, 0, NULL, 'initiates', NULL, 0, 'Anja Hajduk', 'KV Hamburg-Nord', NULL, NULL, NULL),
  (389, 204, 0, NULL, 'supports', NULL, 0, 'Katharina Fegebank, KV Hamburg-Nord', NULL, NULL, NULL, NULL),
  (390, 204, 1, NULL, 'supports', NULL, 0, 'Annalena Baerbock, KV Potsdam', NULL, NULL, NULL, NULL),
  (391, 205, 0, NULL, 'initiates', NULL, 0, 'Anja Hajduk', 'KV Hamburg-Nord', NULL, NULL, NULL),
  (392, 205, 0, NULL, 'supports', NULL, 0, 'Annalena Baerbock, KV Potsdam', NULL, NULL, NULL, NULL),
  (393, 205, 1, NULL, 'supports', NULL, 0, 'Katharina Fegebank, KV Hamburg-Nord', NULL, NULL, NULL, NULL),
  (394, 206, 0, NULL, 'initiates', NULL, 0, 'Anja Hajduk', 'KV Hamburg-Nord', NULL, NULL, NULL),
  (395, 206, 1, NULL, 'supports', NULL, 0, 'Annalena Baerbock, KV Potsdam', NULL, NULL, NULL, NULL),
  (396, 206, 2, NULL, 'supports', NULL, 0, 'Katharina Fegebank, KV Hamburg-Nord', NULL, NULL, NULL, NULL),
  (397, 207, 0, NULL, 'initiates', NULL, 0, 'Anja Hajduk', 'KV Hamburg-Nord', NULL, NULL, NULL),
  (398, 207, 0, NULL, 'supports', NULL, 0, 'Annalena Baerbock, KV Potsdam', NULL, NULL, NULL, NULL),
  (399, 207, 1, NULL, 'supports', NULL, 0, 'Katharina Fegebank, KV Hamburg-Nord', NULL, NULL, NULL, NULL),
  (400, 208, 0, NULL, 'initiates', NULL, 0, 'Anja Hajduk', 'KV Hamburg-Nord', NULL, NULL, NULL),
  (401, 208, 1, NULL, 'supports', NULL, 0, 'Annalena Baerbock, KV Potsdam', NULL, NULL, NULL, NULL),
  (402, 208, 2, NULL, 'supports', NULL, 0, 'Katharina Fegebank, KV Hamburg-Nord', NULL, NULL, NULL, NULL),
  (403, 209, 0, NULL, 'initiates', NULL, 1, 'Grüne Jugend Bundesvorstand', '', NULL, NULL, NULL),
  (404, 210, 0, NULL, 'initiates', NULL, 1, 'Grüne Jugend Bundesvorstand', '', NULL, NULL, NULL),
  (405, 211, 0, NULL, 'initiates', NULL, 1, 'Grüne Jugend Bundesvorstand', '', NULL, NULL, NULL),
  (406, 212, 0, NULL, 'initiates', NULL, 1, 'Grüne Jugend Bundesvorstand', '', NULL, NULL, NULL),
  (407, 213, 0, NULL, 'initiates', NULL, 1, 'Grüne Jugend Bundesvorstand', '', NULL, NULL, NULL),
  (408, 214, 0, NULL, 'initiates', NULL, 1, 'Grüne Jugend Bundesvorstand', '', NULL, NULL, NULL),
  (409, 215, 0, NULL, 'initiates', NULL, 1, 'Grüne Jugend Bundesvorstand', '', NULL, NULL, NULL),
  (410, 216, 0, NULL, 'initiates', NULL, 1, 'Grüne Jugend Bundesvorstand', '', NULL, NULL, NULL),
  (411, 217, 0, NULL, 'initiates', NULL, 1, 'Grüne Jugend Bundesvorstand', '', NULL, NULL, NULL),
  (412, 218, 0, NULL, 'initiates', NULL, 1, 'Grüne Jugend Bundesvorstand', '', NULL, NULL, NULL),
  (413, 219, 0, NULL, 'initiates', NULL, 1, 'Grüne Jugend Bundesvorstand', '', NULL, NULL, NULL),
  (414, 220, 0, NULL, 'initiates', NULL, 1, 'Grüne Jugend Bundesvorstand', '', NULL, NULL, NULL),
  (415, 221, 0, NULL, 'initiates', NULL, 1, 'Grüne Jugend Bundesvorstand', '', NULL, NULL, NULL),
  (416, 222, 0, NULL, 'initiates', NULL, 1, 'Grüne Jugend Bundesvorstand', '', NULL, NULL, NULL),
  (417, 223, 0, NULL, 'initiates', NULL, 1, 'Grüne Jugend Bundesvorstand', '', NULL, NULL, NULL),
  (418, 224, 1, NULL, 'initiates', NULL, 1, 'Grüne Jugend Bundesvorstand', '', NULL, NULL, NULL),
  (419, 225, 0, NULL, 'initiates', NULL, 1, 'Grüne Jugend Bundesvorstand', '', NULL, NULL, NULL),
  (420, 226, 0, NULL, 'initiates', NULL, 1, 'Grüne Jugend Bundesvorstand', '', NULL, NULL, NULL),
  (421, 227, 0, NULL, 'initiates', NULL, 1, 'Grüne Jugend Bundesvorstand', '', NULL, NULL, NULL),
  (422, 228, 0, NULL, 'initiates', NULL, 1, 'Grüne Jugend Bundesvorstand', '', NULL, NULL, NULL),
  (423, 229, 0, NULL, 'initiates', NULL, 1, 'Grüne Jugend Bundesvorstand', '', NULL, NULL, NULL),
  (424, 230, 0, NULL, 'initiates', NULL, 1, 'Grüne Jugend Bundesvorstand', '', NULL, NULL, NULL),
  (425, 231, 0, NULL, 'initiates', NULL, 1, 'Grüne Jugend Bundesvorstand', '', NULL, NULL, NULL),
  (426, 232, 0, NULL, 'initiates', NULL, 1, 'Grüne Jugend Bundesvorstand', '', NULL, NULL, NULL),
  (427, 233, 0, NULL, 'initiates', NULL, 1, 'Grüne Jugend Bundesvorstand', '', NULL, NULL, NULL),
  (428, 234, 0, NULL, 'initiates', NULL, 1, 'Grüne Jugend Bundesvorstand', '', NULL, NULL, NULL),
  (429, 235, 0, NULL, 'initiates', NULL, 1, 'Grüne Jugend Bundesvorstand', '', NULL, NULL, NULL),
  (430, 236, 0, NULL, 'initiates', NULL, 1, 'Grüne Jugend Bundesvorstand', '', NULL, NULL, NULL),
  (431, 237, 0, NULL, 'initiates', NULL, 1, 'Grüne Jugend Bundesvorstand', '', NULL, NULL, NULL),
  (432, 238, 0, NULL, 'initiates', NULL, 1, 'Grüne Jugend Bundesvorstand', '', NULL, NULL, NULL),
  (433, 239, 0, NULL, 'initiates', NULL, 1, 'Grüne Jugend Bundesvorstand', '', NULL, NULL, NULL),
  (434, 240, 0, NULL, 'initiates', NULL, 0, 'Ska Keller', 'KV Spree-Neiße', NULL, NULL, NULL),
  (435, 240, 0, NULL, 'supports', NULL, 0, 'Rasmus Andresen', NULL, NULL, NULL, NULL),
  (436, 240, 1, NULL, 'supports', NULL, 0, 'Erik Marquardt', NULL, NULL, NULL, NULL),
  (437, 241, 0, NULL, 'initiates', NULL, 1, 'Grüne Jugend Bundesvorstand', '', NULL, NULL, NULL),
  (438, 242, 0, NULL, 'initiates', NULL, 1, 'Grüne Jugend Bundesvorstand', '', NULL, NULL, NULL),
  (439, 243, 0, NULL, 'initiates', NULL, 0, 'BAG Europa (beschossen 22.4.15)', '', NULL, NULL, NULL),
  (440, 244, 0, NULL, 'initiates', NULL, 0, 'BAG Europa (Beschluss vom 22.4.15)', '', NULL, NULL, NULL),
  (441, 245, 0, NULL, 'initiates', NULL, 0, 'BAG Europa (Beschluss vom 22.4.15)', '', NULL, NULL, NULL),
  (442, 246, 0, NULL, 'initiates', NULL, 0, 'BAG Europa (Beschluss vom 24.4.15)', '', NULL, NULL, NULL),
  (443, 247, 0, NULL, 'initiates', NULL, 0, 'BAG Europa (Beschlusss vom 22.4.15)', '', NULL, NULL, NULL),
  (444, 248, 0, NULL, 'initiates', NULL, 0, 'BAG Europa (Beschluss vom 22.4.15)', '', NULL, NULL, NULL),
  (445, 249, 0, NULL, 'initiates', NULL, 0, 'BAG Europa (Beschluss vom 22.4.15)', '', NULL, NULL, NULL),
  (446, 250, 0, NULL, 'initiates', NULL, 0, 'BAG Europa (Beschluss vom 22.4.15)', '', NULL, NULL, NULL),
  (447, 251, 0, NULL, 'initiates', NULL, 0, 'BAG Europa (Beschluss vom 22.4.15', '', NULL, NULL, NULL),
  (448, 252, 0, NULL, 'initiates', NULL, 0, 'Gerhard Schick', 'LV Baden-Württemberg', NULL, NULL, NULL),
  (449, 252, 1, NULL, 'supports', NULL, 0, 'Anja Hajduk (KV Hamburg-Nord)', '', NULL, NULL, NULL),
  (450, 252, 2, NULL, 'supports', NULL, 0, 'Annalena Baerbock (KV Potsdam)', '', NULL, NULL, NULL),
  (451, 253, 0, NULL, 'initiates', NULL, 0, 'KostMich', '', NULL, NULL, NULL),
  (452, 254, 0, NULL, 'initiates', NULL, 1, 'GRÜNE JUGEND Bundesvorstand', '', NULL, NULL, NULL),
  (453, 255, 0, NULL, 'initiates', NULL, 0, 'Martin Häusling', 'KV Schwalm-Eder', NULL, NULL, NULL),
  (454, 255, 1, NULL, 'supports', NULL, 0, 'Ska Keller, KV Spree-Neiße', NULL, NULL, NULL, NULL),
  (455, 255, 2, NULL, 'supports', NULL, 0, 'Sven Lehmann, KV Köln', NULL, NULL, NULL, NULL),
  (456, 256, 0, NULL, 'initiates', NULL, 0, 'Martin Häusling', 'KV Schwalm-Eder', NULL, NULL, NULL),
  (457, 256, 1, NULL, 'supports', NULL, 0, 'Sven Lehmann, KV Köln', NULL, NULL, NULL, NULL),
  (458, 256, 2, NULL, 'supports', NULL, 0, 'Daniel Wesener, KV Friedrichshain-Kreuzberg', NULL, NULL, NULL, NULL),
  (459, 257, 0, NULL, 'initiates', NULL, 0, 'Martin Häusling', 'KV Schwalm-Eder', NULL, NULL, NULL),
  (460, 257, 1, NULL, 'supports', NULL, 0, 'Ska Keller, KV Spree-Neiße', NULL, NULL, NULL, NULL),
  (461, 257, 2, NULL, 'supports', NULL, 0, 'Sven Lehmann, KV Köln', NULL, NULL, NULL, NULL),
  (462, 258, 0, NULL, 'initiates', NULL, 0, 'Martin Häusling', 'KV Schwalm-Eder', NULL, NULL, NULL),
  (463, 258, 1, NULL, 'supports', NULL, 0, 'Ska Keller, KV Spree-Neiße', NULL, NULL, NULL, NULL),
  (464, 258, 0, NULL, 'supports', NULL, 0, 'Sven Lehmann, KV Köln', '', NULL, NULL, NULL),
  (465, 259, 0, NULL, 'initiates', NULL, 0, 'Martin Häusling', 'KV Schwalm-Eder', NULL, NULL, NULL),
  (466, 260, 0, NULL, 'initiates', NULL, 0, 'Martin Häusling', 'KV Schwalm-Eder', NULL, NULL, NULL),
  (467, 260, 0, NULL, 'supports', NULL, 0, 'Ska Keller, KV Spree-Neiße', NULL, NULL, NULL, NULL),
  (468, 260, 1, NULL, 'supports', NULL, 0, 'Sven Lehmann, KV Köln', NULL, NULL, NULL, NULL),
  (469, 261, 0, NULL, 'initiates', NULL, 0, 'Martin Häusling', 'KV Schwalm-Eder', NULL, NULL, NULL),
  (470, 261, 0, NULL, 'supports', NULL, 0, 'Ska Keller, KV Spree-Neiße', NULL, NULL, NULL, NULL),
  (471, 261, 1, NULL, 'supports', NULL, 0, 'Sven Lehmann, KV Köln', NULL, NULL, NULL, NULL),
  (472, 262, 0, NULL, 'initiates', NULL, 0, 'KostMich', '', NULL, NULL, NULL),
  (473, 263, 0, NULL, 'initiates', NULL, 1, 'GRÜNE JUGEND Bundesvorstand', '', NULL, NULL, NULL),
  (474, 264, 0, NULL, 'initiates', NULL, 1, 'GRÜNE JUGEND Bundesvorstand', '', NULL, NULL, NULL),
  (475, 265, 0, NULL, 'initiates', NULL, 1, 'GRÜNE JUGEND Bundesvorstand', '', NULL, NULL, NULL),
  (476, 266, 0, NULL, 'initiates', NULL, 0, 'Jutta Paulus', 'LV Rheinland-Pfalz', NULL, NULL, NULL),
  (477, 266, 0, NULL, 'supports', NULL, 1, 'Theresa Kalmer, Grüne Jugend', '', NULL, NULL, NULL),
  (478, 266, 1, NULL, 'supports', NULL, 0, 'André Schulze, KV Berlin-Neukölln', '', NULL, NULL, NULL),
  (479, 267, 0, NULL, 'initiates', NULL, 0, 'Jutta Paulus', 'LV Rheinland-Pfalz', NULL, NULL, NULL),
  (480, 267, 1, NULL, 'supports', NULL, 1, 'Theresa Kalmer, Grüne Jugend', NULL, NULL, NULL, NULL),
  (481, 267, 2, NULL, 'supports', NULL, 0, 'André Schulze, KV Berlin-Neukölln', NULL, NULL, NULL, NULL),
  (482, 268, 0, NULL, 'initiates', NULL, 1, 'GRÜNE JUGEND Bundesvorstand', '', NULL, NULL, NULL),
  (483, 269, 0, NULL, 'initiates', NULL, 0, 'Programmkommission', 'Bundesverband', NULL, NULL, NULL),
  (484, 270, 0, NULL, 'initiates', NULL, 0, 'Tester', '', NULL, 'test@example.org', ''),
  (485, 271, 0, NULL, 'initiates', NULL, 1, 'Bundesvorstand', '', '2015-07-25', 'tobias@hoessl.eu', ''),
  (486, 272, 0, NULL, 'initiates', NULL, 0, 'Tobias Hößl', '', NULL, 'tobias@hoessl.eu', '015156024223'),
  (487, 273, 0, NULL, 'initiates', NULL, 0, 'Tobias Hößl', '', NULL, 'tobias@hoessl.eu', '015156024223'),
  (489, 274, 0, NULL, 'initiates', NULL, 0, 'Tester', '', NULL, 'tes2tuser@example.org', '');

--
-- Dumping data for table `consultation`
--

INSERT INTO `consultation` (`id`, `siteId`, `urlPath`, `type`, `wordingBase`, `title`, `titleShort`, `eventDateFrom`, `eventDateTo`, `amendmentNumbering`, `adminEmail`, `settings`)
VALUES
  (1, 1, 'std-parteitag', 0, 'de-parteitag', 'Test2', 'Test2', NULL, NULL, 0, 'tobias@hoessl.eu', NULL),
  (2, 2, 'vorstandswahlen', 1, 'de-bewerbung', 'Vorstandswahlen', 'Vorstandswahlen', NULL, NULL, 0, 'testadmin@example.org',
   '{"maintainanceMode":false,"motionNeedsEmail":false,"motionNeedsPhone":false,"motionHasPhone":false,"commentNeedsEmail":false,"iniatorsMayEdit":false,"adminsMayEdit":true,"initiatorConfirmEmails":false,"lineNumberingGlobal":false,"hideTitlePrefix":false,"minimalisticUI":false,"showFeeds":true,"commentsSupportable":false,"screeningMotions":false,"screeningMotionsShown":false,"screeningAmendments":false,"screeningComments":false,"initiatorsMayReject":false,"hasPDF":true,"commentWholeMotions":false,"allowMultipleTags":false,"lineLength":80,"startLayoutType":0,"logoUrl":null,"logoUrlFB":null,"motionIntro":null}'),
  (3, 3, 'parteitag', 2, 'de-parteitag', 'Parteitag', 'Parteitag', NULL, NULL, 0, 'testadmin@example.org',
   '{"maintainanceMode":false,"screeningMotions":true,"lineNumberingGlobal":false,"motionNeedsEmail":false,"motionNeedsPhone":false,"motionHasPhone":false,"commentNeedsEmail":false,"iniatorsMayEdit":false,"adminsMayEdit":true,"initiatorConfirmEmails":false,"hideTitlePrefix":false,"minimalisticUI":false,"showFeeds":true,"commentsSupportable":false,"screeningMotionsShown":false,"screeningAmendments":true,"screeningComments":false,"initiatorsMayReject":false,"hasPDF":true,"commentWholeMotions":false,"allowMultipleTags":false,"lineLength":80,"startLayoutType":3,"logoUrl":null,"logoUrlFB":null,"motionIntro":null}'),
  (4, 4, 'bdk', 3, 'de-parteitag', 'BDK', 'BDK', NULL, NULL, 2, 'testadmin@example.org',
   '{"maintainanceMode":false,"screeningMotions":true,"lineNumberingGlobal":false,"commentNeedsEmail":false,"iniatorsMayEdit":false,"adminsMayEdit":true,"initiatorConfirmEmails":false,"hideTitlePrefix":false,"minimalisticUI":false,"showFeeds":true,"commentsSupportable":false,"screeningMotionsShown":false,"screeningAmendments":true,"screeningComments":false,"initiatorsMayReject":false,"commentWholeMotions":false,"allowMultipleTags":false,"lineLength":92,"startLayoutType":0,"logoUrl":"","logoUrlFB":"","motionIntro":null,"pdfIntroduction":""}'),
  (5, 5, '1laenderrat2015', 3, 'de-parteitag', 'Länderrat', 'Länderrat', NULL, NULL, 2, 'testadmin@example.org',
   '{"maintainanceMode":false,"screeningMotions":true,"lineNumberingGlobal":false,"commentNeedsEmail":false,"iniatorsMayEdit":false,"adminsMayEdit":true,"initiatorConfirmEmails":false,"hideTitlePrefix":false,"minimalisticUI":false,"showFeeds":true,"commentsSupportable":false,"screeningMotionsShown":false,"screeningAmendments":true,"screeningComments":false,"initiatorsMayReject":false,"commentWholeMotions":false,"allowMultipleTags":false,"lineLength":92,"startLayoutType":2,"logoUrl":null,"logoUrlFB":null,"motionIntro":null,"pdfIntroduction":""}'),
  (6, 6, 'laenderrat-to', 3, 'de-parteitag', 'Länderrat TO', 'Länderrat TO', NULL, NULL, 2, 'testadmin@example.org',
   '{"maintainanceMode":false,"screeningMotions":true,"lineNumberingGlobal":false,"iniatorsMayEdit":false,"commentNeedsEmail":false,"adminsMayEdit":true,"initiatorConfirmEmails":false,"hideTitlePrefix":false,"minimalisticUI":false,"showFeeds":true,"commentsSupportable":false,"screeningMotionsShown":false,"screeningAmendments":true,"screeningComments":false,"initiatorsMayReject":false,"commentWholeMotions":false,"allowMultipleTags":false,"lineLength":92,"startLayoutType":4,"logoUrl":null,"logoUrlFB":null,"motionIntro":null,"pdfIntroduction":""}');

--
-- Dumping data for table `consultationAgendaItem`
--

INSERT INTO `consultationAgendaItem` (`id`, `consultationId`, `parentItemId`, `position`, `code`, `title`, `description`, `motionTypeId`, `deadline`) VALUES
  (1, 3, NULL, 0, '0.', 'Tagesordnung', '', NULL, NULL),
  (2, 3, NULL, 1, '#', 'Wahlen', '', NULL, NULL),
  (3, 3, 2, 0, '#', 'Wahl: 1. Vorsitzende(r)', '', 6, NULL),
  (4, 3, 2, 1, '#', 'Wahl: 2. Vorsitzende(r)', '', 6, NULL),
  (5, 3, 2, 2, '#', 'Wahl: Schatzmeister(in)', '', 6, NULL),
  (6, 3, NULL, 2, '#', 'Anträge', '', 5, NULL),
  (7, 3, NULL, 3, '#', 'Sonstiges', '', NULL, NULL),
  (8, 6, NULL, 0, '0.', 'Tagesordnung - Formalia', NULL, 9, NULL),
  (9, 6, NULL, 1, '#', 'Zeitpolitik', NULL, 9, NULL),
  (10, 6, NULL, 3, '#', 'Wirtschaftspolitik', NULL, 9, NULL),
  (11, 6, NULL, 4, '#', 'Urabstimmungsordnung', NULL, 9, NULL),
  (12, 6, NULL, 5, '#', 'Verschiedenes', NULL, 9, NULL),
  (13, 6, NULL, 6, '#', 'Sterbehilfe', NULL, 9, NULL),
  (14, 6, NULL, 2, '#', 'Votum Vorstandswahlen EGP und Nachwahl EGP-Delegierte', NULL, 9, NULL);

--
-- Dumping data for table `consultationLog`
--

INSERT INTO `consultationLog` (`id`, `userId`, `consultationId`, `actionType`, `actionReferenceId`, `actionTime`) VALUES
  (1, NULL, 4, 0, 112, '2015-07-29 02:34:01'),
  (2, NULL, 4, 13, 271, '2015-07-29 02:36:30'),
  (3, 1, 1, 25, 274, '2015-08-08 14:45:29'),
  (4, NULL, 1, 13, 274, '2015-08-08 14:45:34');

--
-- Dumping data for table `consultationMotionType`
--

INSERT INTO `consultationMotionType` (`id`, `consultationId`, `titleSingular`, `titlePlural`, `createTitle`, `motionPrefix`, `position`, `cssIcon`, `pdfLayout`, `texTemplateId`, `deadlineMotions`, `deadlineAmendments`, `policyMotions`, `policyAmendments`, `policyComments`, `policySupport`, `contactEmail`, `contactPhone`, `initiatorForm`, `initiatorFormSettings`)
VALUES
  (1, 1, 'Antrag', 'Anträge', 'Antrag stellen', 'A', 0, NULL, 0, 1, NULL, NULL, 1, 1, 1, 0, 2, 1, 0, '{"hasOrganizations":true}'),
  (3, 2, 'Antrag', 'Anträge', 'Antrag stellen', 'A', 2, NULL, 0, 1, NULL, NULL, 1, 1, 1, 0, 2, 1, 0, '{"hasOrganizations":true}'),
  (4, 2, 'Bewerbung', 'Bewerbungen', 'Bewerben', 'B', 0, NULL, 0, 1, NULL, NULL, 1, 1, 1, 0, 2, 1, 0, '{"hasOrganizations":true}'),
  (5, 3, 'Antrag', 'Anträge', 'Antrag stellen', NULL, 0, NULL, 0, 1, NULL, NULL, 1, 1, 1, 0, 2, 1, 0, '{"hasOrganizations":true}'),
  (6, 3, 'Bewerbung', 'Bewerbungen', 'Bewerben', NULL, 0, NULL, 0, 1, NULL, NULL, 1, 0, 0, 0, 2, 1, 0, '{"hasOrganizations":true}'),
  (7, 4, 'Antrag', 'Anträge', 'Antrag stellen', NULL, 0, NULL, 0, 1, NULL, NULL, 2, 2, 2, 0, 2, 1, 1, '{"minSupporters":19,"hasOrganizations":true}'),
  (8, 5, 'Antrag', 'Anträge', 'Antrag stellen', '', 0, NULL, 1, 1, NULL, NULL, 4, 4, 4, 0, 2, 1, 1, '{"minSupporters":19,"hasOrganizations":true}'),
  (9, 6, 'Antrag', 'Anträge', 'Antrag stellen', NULL, 0, NULL, 1, 1, NULL, NULL, 2, 2, 2, 0, 2, 1, 1, '{"minSupporters":19,"hasOrganizations":true}');

--
-- Dumping data for table `consultationSettingsMotionSection`
--

INSERT INTO `consultationSettingsMotionSection` (`id`, `motionTypeId`, `type`, `position`, `status`, `title`, `data`, `fixedWidth`, `required`, `maxLen`, `lineNumbers`, `hasComments`, `hasAmendments`)
VALUES
  (1, 1, 0, 0, 0, 'Überschrift', NULL, 0, 1, 0, 1, 0, 1),
  (2, 1, 1, 1, 0, 'Antragstext', NULL, 1, 1, 0, 1, 1, 1),
  (3, 1, 1, 3, 0, 'Begründung', NULL, 0, 0, 0, 0, 0, 0),
  (4, 1, 1, 2, 0, 'Antragstext 2', NULL, 1, 0, 0, 1, 1, 1),
  (5, 1, 3, 4, 0, 'Abbildung', NULL, 1, 0, 0, 1, 0, 0),
  (6, 3, 0, 0, 0, 'Überschrift', NULL, 0, 1, 0, 1, 0, 1),
  (7, 3, 1, 1, 0, 'Antragstext', NULL, 1, 1, 0, 1, 1, 1),
  (8, 3, 1, 3, 0, 'Begründung', NULL, 0, 0, 0, 0, 0, 0),
  (9, 4, 0, 0, 0, 'Name', NULL, 0, 1, 0, 0, 0, 0),
  (10, 4, 3, 1, 0, 'Foto', NULL, 0, 1, 0, 0, 0, 0),
  (11, 4, 4, 2, 0, 'Angaben', '{"maxRowId":3,"rows":{"1":{"rowId":1,"title":"Geburtsort","type":"1"},"3":{"rowId":3,"title":"Alter","type":"2"},"2":{"rowId":2,"title":"Geburtstag","type":"3"}}}', 0, 0, 0, 0, 0, 0),
  (12, 4, 1, 3, 0, 'Selbstvorstellung', NULL, 0, 1, 0, 0, 0, 0),
  (13, 6, 0, 0, 0, 'Name', NULL, 0, 1, 0, 0, 0, 0),
  (14, 6, 3, 1, 0, 'Foto', NULL, 0, 1, 0, 0, 0, 0),
  (15, 6, 4, 2, 0, 'Angaben', '{"maxRowId":2,"rows":{"1":{"rowId":1,"title":"Alter","type":2},"2":{"rowId":2,"title":"Geschlecht","type":1},"3":{"rowId":3,"title":"Geburtsort","type":1}}}', 0, 0, 0, 0, 0, 0),
  (16, 6, 1, 3, 0, 'Selbstvorstellung', NULL, 0, 1, 0, 0, 0, 0),
  (17, 5, 0, 0, 0, 'Titel', NULL, 0, 1, 0, 0, 0, 1),
  (18, 5, 1, 1, 0, 'Antragstext', NULL, 1, 1, 0, 1, 1, 1),
  (19, 5, 1, 2, 0, 'Begründung', NULL, 0, 0, 0, 0, 0, 0),
  (20, 7, 0, 0, 0, 'Titel', NULL, 0, 1, 0, 0, 0, 1),
  (21, 7, 1, 1, 0, 'Antragstext', NULL, 1, 1, 0, 1, 2, 1),
  (22, 7, 1, 2, 0, 'Begründung', NULL, 0, 0, 0, 0, 0, 0),
  (23, 8, 0, 0, 0, 'Titel', NULL, 0, 1, 0, 0, 0, 1),
  (24, 8, 1, 1, 0, 'Antragstext', NULL, 1, 1, 0, 1, 2, 1),
  (25, 8, 1, 2, 0, 'Begründung', NULL, 0, 0, 0, 0, 0, 0),
  (26, 9, 0, 0, 0, 'Titel', NULL, 0, 1, 0, 0, 0, 1),
  (27, 9, 1, 1, 0, 'Antragstext', NULL, 1, 1, 0, 1, 1, 1),
  (28, 9, 1, 2, 0, 'Begründung', NULL, 0, 0, 0, 0, 0, 0);

--
-- Dumping data for table `consultationSettingsTag`
--

INSERT INTO `consultationSettingsTag` (`id`, `consultationId`, `position`, `title`, `cssicon`) VALUES
  (1, 1, 0, 'Umwelt', 0),
  (2, 1, 1, 'Verkehr', 0),
  (3, 5, 0, 'Tagesordnung - Formalia', 0),
  (4, 5, 1, 'Zeitpolitik', 0),
  (5, 5, 3, 'Wirtschaftspolitik', 0),
  (6, 5, 4, 'Urabstimmungsordnung', 0),
  (7, 5, 5, 'Verschiedenes', 0),
  (8, 5, 6, 'Sterbehilfe', 0),
  (9, 5, 2, 'Votum Vorstandswahlen EGP und Nachwahl EGP-Delegierte', 0),
  (10, 1, 2, 'Soziales', 0);

--
-- Dumping data for table `emailLog`
--

INSERT INTO `emailLog` (`id`, `fromSiteId`, `toEmail`, `toUserId`, `type`, `fromEmail`, `dateSent`, `subject`, `text`, `messageId`, `status`, `error`) VALUES
  (1, 1, 'tobias@hoessl.eu', NULL, 3, '=?UTF-8?B?QW50cmFnc2dyw7xuIHYz?= <info@antragsgruen.de>', '2015-08-08 14:45:34', 'Neuer Antrag',
   'Es wurde ein neuer Änderungsantrag "Ä6 zu A2: O’zapft is!" eingereicht.\nLink: http://stdparteitag.antraege-v3.hoessl.eu/std-parteitag/motion/2/amendment/274',
   '55c6160def1b7@antragsgruen.de', 0, NULL);

--
-- Dumping data for table `motion`
--

INSERT INTO `motion` (`id`, `consultationId`, `motionTypeId`, `parentMotionId`, `agendaItemId`, `title`, `titlePrefix`, `dateCreation`, `datePublication`, `dateResolution`, `status`, `statusString`, `noteInternal`, `cache`, `textFixed`)
VALUES
  (2, 1, 1, NULL, NULL, 'O’zapft is!', 'A2', '2015-04-01 09:27:20', NULL, NULL, 3, NULL, NULL, '', 0),
  (3, 1, 1, NULL, NULL, 'Textformatierungen', 'A3', '2015-06-24 21:03:00', NULL, NULL, 3, '', '', '', 0),
  (4, 4, 7, NULL, NULL, 'Lorem ipsum dolor sit amet', 'A1', '2015-07-07 04:05:23', NULL, NULL, 3, NULL, NULL, '', 0),
  (5, 5, 8, NULL, NULL, 'Vorschlag zur Tagesordnung', 'F-01', '2015-02-18 23:05:00', NULL, '2015-02-16 08:00:00', -2, NULL, NULL, '', 0),
  (6, 5, 8, NULL, NULL, 'Änderungsantrag zur Geschäftsordnung des Länderrates (zuletzt geändert am 31.5.2014)', 'F-02', '2015-02-19 22:16:00', NULL, NULL, -2, NULL, NULL, '', 0),
  (7, 5, 8, NULL, NULL, 'Änderungsantrag zur Geschäftsordnung des Länderrates (zuletzt geändert am 31.5.2014)', 'F-02', '2015-02-19 22:20:00', NULL, NULL, -2, NULL, NULL, '', 0),
  (8, 5, 8, NULL, NULL, 'Antrag zur Änderung der Geschäftsordnung des Länderrates (zuletzt geändert am 31.5.2014)', 'F-01', '2015-03-08 20:34:00', NULL, NULL, 3, NULL, NULL, '', 0),
  (9, 5, 8, NULL, NULL, 'Vorschlag zur Tagesordnung', 'T-01', '2015-03-08 20:57:00', NULL, NULL, -2, NULL, NULL, '', 0),
  (10, 5, 8, NULL, NULL, 'Grüne Zeitpolitik für ein selbstbestimmtes und solidarisches Leben', 'Z-01', '2015-03-10 22:59:00', NULL, NULL, 3, NULL, NULL, '', 0),
  (11, 5, 8, NULL, NULL, 'Mit dem Green New Deal Europas Zukunft gestalten', 'W-01', '2015-03-10 23:01:00', NULL, NULL, -2, NULL, NULL, '', 0),
  (12, 5, 8, NULL, NULL, 'Verbesserung der Palliativ/Hospizversorgung und zur Suizidprävention als gemeinsame grüne Positionierung', 'S-01', '2015-03-10 23:03:00', NULL, NULL, -2, NULL, NULL, '', 0),
  (13, 5, 8, NULL, NULL, 'sy1', '', '2015-03-10 23:37:15', NULL, NULL, -2, NULL, NULL, '', 0),
  (14, 5, 8, NULL, NULL, 'Vorschlag zur Tagesordnung', 'T-01', '2015-03-15 21:25:00', NULL, NULL, 3, NULL, NULL, '', 0),
  (15, 5, 8, NULL, NULL, 'Palliativ-Offensive jetzt! ', 'S-01', '2015-03-16 22:44:00', NULL, NULL, 4, NULL, NULL, '', 0),
  (16, 5, 8, NULL, NULL, 'Testantrag', 'Test-01', '2015-03-17 03:14:00', NULL, NULL, -2, NULL, NULL, '', 0),
  (17, 5, 8, NULL, NULL, 'Antrag zur Änderung der Urabstimmungsordnung - Doppelungen in Satzung und Urabstimmungsordnung streichen', 'U-01', '2015-03-17 20:55:00', NULL, NULL, 3, NULL, NULL, '', 0),
  (18, 5, 8, NULL, NULL, 'Antrag zur Änderung der Urabstimmungsordnung - Aussendung der Reader', 'U-02', '2015-03-17 20:56:00', NULL, NULL, 3, NULL, NULL, '', 0),
  (19, 5, 8, NULL, NULL, 'Antrag zur Änderung der Urabstimmungsordnung - Ortsverbände streichen', 'U-03', '2015-03-17 20:58:00', NULL, NULL, 3, NULL, NULL, '', 0),
  (20, 5, 8, NULL, NULL, 'Antrag zur Änderung der Urabstimmungsordnung - Form der Stellungnahme und der Bewerbungen', 'U-04', '2015-03-17 20:59:00', NULL, NULL, 3, NULL, NULL, '', 0),
  (21, 5, 8, NULL, NULL, 'Antrag zur Änderung der Urabstimmungsordnung - Bewerbungsvoraussetzung Urwahl ', 'U-05', '2015-03-17 21:00:00', NULL, NULL, 3, NULL, NULL, '', 0),
  (22, 5, 8, NULL, NULL, 'Änderungsanträge zur Urabstimmungsordnung - Eigener Paragraph Urwahl ', 'U-06', '2015-03-17 21:03:00', NULL, NULL, -2, NULL, NULL, '', 0),
  (23, 5, 8, NULL, NULL, 'Antrag zur Änderung der Urabstimmungsordnung - Fristen Diskussionsphase und Abstimmungszeit', 'U-07', '2015-03-17 21:04:00', NULL, NULL, 3, NULL, NULL, '', 0),
  (24, 5, 8, NULL, NULL, 'Antrag zur Änderung der Urabstimmungsordnung - Ermöglichung der elektronischen Versendung der Urabstimmungsunterlagen', 'U-08', '2015-03-17 21:06:00', NULL, NULL, 3, NULL, NULL, '', 0),
  (25, 5, 8, NULL, NULL, 'Antrag zur Änderung der Urabstimmungsordnung - Durchführungsregelung vereinfachen', 'U-09', '2015-03-17 21:07:00', NULL, NULL, 3, NULL, NULL, '', 0),
  (26, 5, 8, NULL, NULL, 'Antrag zur Änderung der Urabstimmungsordnung - Einsendeschluss neu definieren und Auszählungszeiten anpassen', 'U-10', '2015-03-17 21:09:00', NULL, NULL, 3, NULL, NULL, '', 0),
  (27, 5, 8, NULL, NULL, 'Antrag zur Änderung der Urabstimmungsordnung - Abstimmungszeit verlängern', 'U-11', '2015-03-17 21:10:00', NULL, NULL, -2, NULL, NULL, '', 0),
  (28, 5, 8, NULL, NULL, 'Antrag zur Änderung der Urabstimmungsordnung - Auszählungszeiten anpassen', 'U-12', '2015-03-17 21:11:00', NULL, NULL, -2, NULL, NULL, '', 0),
  (29, 5, 8, NULL, NULL, 'Antrag zur Änderung der Urabstimmungsordnung - Frist zur Unterlagen Aufbewahrung ', 'U-11', '2015-03-17 21:12:00', NULL, NULL, 3, NULL, NULL, '', 0),
  (30, 5, 8, NULL, NULL, 'Antrag zur Änderung der Urabstimmungsordnung - Eigener Paragraph Urwahl', 'U-06', '2015-03-18 02:28:00', NULL, NULL, 3, NULL, NULL, '', 0),
  (31, 5, 8, NULL, NULL, 'Testantrag', 'A1', '2015-03-20 03:38:00', NULL, NULL, -2, NULL, NULL, '', 0),
  (32, 5, 8, NULL, NULL, 'Test', '', '2015-03-20 04:36:35', NULL, NULL, -2, NULL, NULL, '', 0),
  (33, 5, 8, NULL, NULL, 'Test 2', '', '2015-03-20 04:39:15', NULL, NULL, -2, NULL, NULL, '', 0),
  (34, 5, 8, NULL, NULL, 'Test Wirtschaftspolitik', 'W-02', '2015-03-20 06:00:00', NULL, NULL, -2, NULL, NULL, '', 0),
  (35, 5, 8, NULL, NULL, 'Diskussionspapier zur Debatte über organisierte Sterbehilfe', 'S-ohne Nummer', '2015-03-24 22:51:00', NULL, NULL, 3, NULL, NULL, '', 0),
  (36, 5, 8, NULL, NULL, 'Wahl der Delegierten zum Rat der EGP', 'EGP-01', '2015-04-12 12:57:00', NULL, NULL, 3, NULL, NULL, '', 0),
  (37, 5, 8, NULL, NULL, '.', 'W-01', '2015-04-12 13:12:00', NULL, NULL, -2, NULL, NULL, '', 0),
  (38, 5, 8, NULL, NULL, 'Für Europas Zukunft: Unser Green New Deal', 'W-01', '2015-04-13 15:29:00', NULL, NULL, 3, NULL, NULL, '', 0),
  (39, 5, 8, NULL, NULL, 'TESTANTRAG', '', '2015-04-14 15:33:57', NULL, NULL, -2, NULL, NULL, '', 0),
  (40, 5, 8, NULL, NULL, 'G7-Gipfel: Kritisch begleiten, verantwortlich handeln', 'V-01', '2015-04-14 17:11:00', NULL, '2015-04-13 04:00:00', -2, NULL, NULL, '', 0),
  (41, 5, 8, NULL, NULL, 'Gemeinsam gegen die Klimakrise', 'V-02', '2015-04-14 17:15:00', NULL, NULL, -2, NULL, NULL, '', 0),
  (42, 5, 8, NULL, NULL, 'Umbenennung der Bundesarbeitsgemeinschaft (BAG) Nord/Süd in BAG Globale Entwicklung.', 'V-03', '2015-04-14 17:20:00', NULL, NULL, -2, NULL, NULL, '', 0),
  (43, 5, 8, NULL, NULL, 'G7-Gipfel: Kritisch begleiten, verantwortlich handeln', 'V-01', '2015-04-14 17:39:00', NULL, NULL, -2, NULL, NULL, '', 0),
  (44, 5, 8, NULL, NULL, 'Völkermord an den Armenier_innen anerkennen!', 'V-03', '2015-04-14 21:31:00', NULL, NULL, 3, NULL, NULL, '', 0),
  (45, 5, 8, NULL, NULL, 'G7-Gipfel: Kritisch begleiten, verantwortlich handeln', 'V-01', '2015-04-15 07:58:00', NULL, NULL, 3, NULL, NULL, '', 0),
  (46, 5, 8, NULL, NULL, 'Gemeinsam gegen die Klimakrise', 'V-02', '2015-04-15 08:02:00', NULL, NULL, 3, NULL, NULL, '', 0),
  (47, 5, 8, NULL, NULL, 'Umbenennung der Bundesarbeitsgemeinschaft (BAG) Nord/Süd ', 'V-04', '2015-04-15 08:07:00', NULL, NULL, 3, NULL, NULL, '', 0),
  (48, 5, 8, NULL, NULL, 'Jemen: Bombardements stoppen – Friedensgespräche wieder aufnehmen', 'V-05', '2015-04-15 08:16:00', NULL, NULL, 3, NULL, NULL, '', 0),
  (49, 5, 8, NULL, NULL, 'Bundesregierung muss nationaler Verantwortung für Flüchtlinge endlich gerecht werden - Länder und Kommunen müssen finanziell entlastet werden!', 'V-06', '2015-04-15 09:02:00', NULL, NULL, 3, NULL, NULL, '', 0),
  (50, 5, 8, NULL, NULL, 'Test', '', '2015-04-15 16:17:54', NULL, NULL, -2, NULL, NULL, '', 0),
  (51, 5, 8, NULL, NULL, 'Test', '', '2015-04-15 16:18:07', NULL, NULL, -2, NULL, NULL, '', 0),
  (52, 5, 8, NULL, NULL, 'Testantrag', '', '2015-04-17 21:31:00', NULL, NULL, 1, NULL, NULL, '', 0),
  (53, 5, 8, NULL, NULL, 'Nein zur Wiedereinführung der Vorratsdatenspeicherung', 'V-07-EIL', '2015-04-20 14:15:00', NULL, NULL, 3, NULL, NULL, '', 0),
  (54, 5, 8, NULL, NULL, 'Jemen: Bombardements Militärische Intervention stoppen – Friedensgespräche wieder aufnehmen', 'V-03-NEU', '2015-04-22 08:07:00', NULL, NULL, -2, NULL, NULL, '', 0),
  (55, 5, 8, NULL, NULL, 'Jemen: Militärische Intervention stoppen – Friedensgespräche aufnehmen', 'V-05-NEU', '2015-04-22 09:18:00', NULL, NULL, 3, NULL, NULL, '', 0),
  (56, 5, 8, NULL, NULL, 'Seenotrettung jetzt', 'V-08-EIL', '2015-04-22 10:47:00', NULL, NULL, 3, NULL, NULL, '', 0),
  (57, 5, 8, NULL, NULL, 'Seenotrettung jetzt', 'V-08-EIL-NEU', '2015-04-23 21:43:00', NULL, NULL, 3, NULL, NULL, '', 0),
  (58, 1, 1, NULL, NULL, 'Testantrag', 'A4', '2015-07-11 16:08:44', NULL, NULL, 3, NULL, NULL, '', 0),
  (59, 6, 9, NULL, NULL, 'Vorschlag zur Tagesordnung', 'F-01', '2015-02-19 02:05:00', NULL, '2015-02-16 08:00:00', -2, NULL, NULL, '', 0),
  (60, 6, 9, NULL, NULL, 'Änderungsantrag zur Geschäftsordnung des Länderrates (zuletzt geändert am 31.5.2014)', 'F-02', '2015-02-20 01:16:00', NULL, NULL, -2, NULL, NULL, '', 0),
  (61, 6, 9, NULL, NULL, 'Änderungsantrag zur Geschäftsordnung des Länderrates (zuletzt geändert am 31.5.2014)', 'F-02', '2015-02-20 01:20:00', NULL, NULL, -2, NULL, NULL, '', 0),
  (62, 6, 9, NULL, 8, 'Antrag zur Änderung der Geschäftsordnung des Länderrates (zuletzt geändert am 31.5.2014)', 'F-01', '2015-03-08 23:34:00', NULL, NULL, 3, NULL, NULL, '', 0),
  (63, 6, 9, NULL, NULL, 'Vorschlag zur Tagesordnung', 'T-01', '2015-03-08 23:57:00', NULL, NULL, -2, NULL, NULL, '', 0),
  (64, 6, 9, NULL, 9, 'Grüne Zeitpolitik für ein selbstbestimmtes und solidarisches Leben', 'Z-01', '2015-03-11 01:59:00', NULL, NULL, 3, NULL, NULL, '', 0),
  (65, 6, 9, NULL, 10, 'Mit dem Green New Deal Europas Zukunft gestalten', 'W-01', '2015-03-11 02:01:00', NULL, NULL, -2, NULL, NULL, '', 0),
  (66, 6, 9, NULL, NULL, 'Verbesserung der Palliativ/Hospizversorgung und zur Suizidprävention als gemeinsame grüne Positionierung', 'S-01', '2015-03-11 02:03:00', NULL, NULL, -2, NULL, NULL, '', 0),
  (67, 6, 9, NULL, NULL, 'sy1', '', '2015-03-11 02:37:15', NULL, NULL, -2, NULL, NULL, '', 0),
  (68, 6, 9, NULL, 8, 'Vorschlag zur Tagesordnung', 'T-01', '2015-03-16 00:25:00', NULL, NULL, 3, NULL, NULL, '', 0),
  (69, 6, 9, NULL, 13, 'Palliativ-Offensive jetzt! ', 'S-01', '2015-03-17 01:44:00', NULL, NULL, 4, NULL, NULL, '', 0),
  (70, 6, 9, NULL, NULL, 'Testantrag', 'Test-01', '2015-03-17 06:14:00', NULL, NULL, -2, NULL, NULL, '', 0),
  (71, 6, 9, NULL, 11, 'Antrag zur Änderung der Urabstimmungsordnung - Doppelungen in Satzung und Urabstimmungsordnung streichen', 'U-01', '2015-03-17 23:55:00', NULL, NULL, 3, NULL, NULL, '', 0),
  (72, 6, 9, NULL, 11, 'Antrag zur Änderung der Urabstimmungsordnung - Aussendung der Reader', 'U-02', '2015-03-17 23:56:00', NULL, NULL, 3, NULL, NULL, '', 0),
  (73, 6, 9, NULL, 11, 'Antrag zur Änderung der Urabstimmungsordnung - Ortsverbände streichen', 'U-03', '2015-03-17 23:58:00', NULL, NULL, 3, NULL, NULL, '', 0),
  (74, 6, 9, NULL, 11, 'Antrag zur Änderung der Urabstimmungsordnung - Form der Stellungnahme und der Bewerbungen', 'U-04', '2015-03-17 23:59:00', NULL, NULL, 3, NULL, NULL, '', 0),
  (75, 6, 9, NULL, 11, 'Antrag zur Änderung der Urabstimmungsordnung - Bewerbungsvoraussetzung Urwahl ', 'U-05', '2015-03-18 00:00:00', NULL, NULL, 3, NULL, NULL, '', 0),
  (76, 6, 9, NULL, NULL, 'Änderungsanträge zur Urabstimmungsordnung - Eigener Paragraph Urwahl ', 'U-06', '2015-03-18 00:03:00', NULL, NULL, -2, NULL, NULL, '', 0),
  (77, 6, 9, NULL, 11, 'Antrag zur Änderung der Urabstimmungsordnung - Fristen Diskussionsphase und Abstimmungszeit', 'U-07', '2015-03-18 00:04:00', NULL, NULL, 3, NULL, NULL, '', 0),
  (78, 6, 9, NULL, 11, 'Antrag zur Änderung der Urabstimmungsordnung - Ermöglichung der elektronischen Versendung der Urabstimmungsunterlagen', 'U-08', '2015-03-18 00:06:00', NULL, NULL, 3, NULL, NULL, '', 0),
  (79, 6, 9, NULL, 11, 'Antrag zur Änderung der Urabstimmungsordnung - Durchführungsregelung vereinfachen', 'U-09', '2015-03-18 00:07:00', NULL, NULL, 3, NULL, NULL, '', 0),
  (80, 6, 9, NULL, 11, 'Antrag zur Änderung der Urabstimmungsordnung - Einsendeschluss neu definieren und Auszählungszeiten anpassen', 'U-10', '2015-03-18 00:09:00', NULL, NULL, 3, NULL, NULL, '', 0),
  (81, 6, 9, NULL, 11, 'Antrag zur Änderung der Urabstimmungsordnung - Abstimmungszeit verlängern', 'U-11', '2015-03-18 00:10:00', NULL, NULL, -2, NULL, NULL, '', 0),
  (82, 6, 9, NULL, 11, 'Antrag zur Änderung der Urabstimmungsordnung - Auszählungszeiten anpassen', 'U-12', '2015-03-18 00:11:00', NULL, NULL, -2, NULL, NULL, '', 0),
  (83, 6, 9, NULL, 11, 'Antrag zur Änderung der Urabstimmungsordnung - Frist zur Unterlagen Aufbewahrung ', 'U-11', '2015-03-18 00:12:00', NULL, NULL, 3, NULL, NULL, '', 0),
  (84, 6, 9, NULL, 11, 'Antrag zur Änderung der Urabstimmungsordnung - Eigener Paragraph Urwahl', 'U-06', '2015-03-18 05:28:00', NULL, NULL, 3, NULL, NULL, '', 0),
  (85, 6, 9, NULL, NULL, 'Testantrag', 'A1', '2015-03-20 06:38:00', NULL, NULL, -2, NULL, NULL, '', 0),
  (86, 6, 9, NULL, NULL, 'Test', '', '2015-03-20 07:36:35', NULL, NULL, -2, NULL, NULL, '', 0),
  (87, 6, 9, NULL, NULL, 'Test 2', '', '2015-03-20 07:39:15', NULL, NULL, -2, NULL, NULL, '', 0),
  (88, 6, 9, NULL, 10, 'Test Wirtschaftspolitik', 'W-02', '2015-03-20 09:00:00', NULL, NULL, -2, NULL, NULL, '', 0),
  (89, 6, 9, NULL, 13, 'Diskussionspapier zur Debatte über organisierte Sterbehilfe', 'S-ohne Nummer', '2015-03-25 01:51:00', NULL, NULL, 3, NULL, NULL, '', 0),
  (90, 6, 9, NULL, 14, 'Wahl der Delegierten zum Rat der EGP', 'EGP-01', '2015-04-12 18:57:00', NULL, NULL, 3, NULL, NULL, '', 0),
  (91, 6, 9, NULL, 10, '.', 'W-01', '2015-04-12 19:12:00', NULL, NULL, -2, NULL, NULL, '', 0),
  (92, 6, 9, NULL, 10, 'Für Europas Zukunft: Unser Green New Deal', 'W-01', '2015-04-13 21:29:00', NULL, NULL, 3, NULL, NULL, '', 0),
  (93, 6, 9, NULL, 13, 'TESTANTRAG', '', '2015-04-14 21:33:57', NULL, NULL, -2, NULL, NULL, '', 0),
  (94, 6, 9, NULL, 12, 'G7-Gipfel: Kritisch begleiten, verantwortlich handeln', 'V-01', '2015-04-14 23:11:00', NULL, '2015-04-13 04:00:00', -2, NULL, NULL, '', 0),
  (95, 6, 9, NULL, 12, 'Gemeinsam gegen die Klimakrise', 'V-02', '2015-04-14 23:15:00', NULL, NULL, -2, NULL, NULL, '', 0),
  (96, 6, 9, NULL, 12, 'Umbenennung der Bundesarbeitsgemeinschaft (BAG) Nord/Süd in BAG Globale Entwicklung.', 'V-03', '2015-04-14 23:20:00', NULL, NULL, -2, NULL, NULL, '', 0),
  (97, 6, 9, NULL, 12, 'G7-Gipfel: Kritisch begleiten, verantwortlich handeln', 'V-01', '2015-04-14 23:39:00', NULL, NULL, -2, NULL, NULL, '', 0),
  (98, 6, 9, NULL, 12, 'Völkermord an den Armenier_innen anerkennen!', 'V-03', '2015-04-15 03:31:00', NULL, NULL, 3, NULL, NULL, '', 0),
  (99, 6, 9, NULL, 12, 'G7-Gipfel: Kritisch begleiten, verantwortlich handeln', 'V-01', '2015-04-15 13:58:00', NULL, NULL, 3, NULL, NULL, '', 0),
  (100, 6, 9, NULL, 12, 'Gemeinsam gegen die Klimakrise', 'V-02', '2015-04-15 14:02:00', NULL, NULL, 3, NULL, NULL, '', 0),
  (101, 6, 9, NULL, 12, 'Umbenennung der Bundesarbeitsgemeinschaft (BAG) Nord/Süd ', 'V-04', '2015-04-15 14:07:00', NULL, NULL, 3, NULL, NULL, '', 0),
  (102, 6, 9, NULL, 12, 'Jemen: Bombardements stoppen – Friedensgespräche wieder aufnehmen', 'V-05', '2015-04-15 14:16:00', NULL, NULL, 3, NULL, NULL, '', 0),
  (103, 6, 9, NULL, 12, 'Bundesregierung muss nationaler Verantwortung für Flüchtlinge endlich gerecht werden - Länder und Kommunen müssen finanziell entlastet werden!', 'V-06', '2015-04-15 15:02:00', NULL, NULL, 3, NULL, NULL, '', 0),
  (104, 6, 9, NULL, NULL, 'Test', '', '2015-04-15 22:17:54', NULL, NULL, -2, NULL, NULL, '', 0),
  (105, 6, 9, NULL, NULL, 'Test', '', '2015-04-15 22:18:07', NULL, NULL, -2, NULL, NULL, '', 0),
  (106, 6, 9, NULL, 8, 'Testantrag', '', '2015-04-18 03:31:00', NULL, NULL, 1, NULL, NULL, '', 0),
  (107, 6, 9, NULL, 12, 'Nein zur Wiedereinführung der Vorratsdatenspeicherung', 'V-07-EIL', '2015-04-20 20:15:00', NULL, NULL, 3, NULL, NULL, '', 0),
  (108, 6, 9, NULL, 12, 'Jemen: Bombardements Militärische Intervention stoppen – Friedensgespräche wieder aufnehmen', 'V-03-NEU', '2015-04-22 14:07:00', NULL, NULL, -2, NULL, NULL, '', 0),
  (109, 6, 9, NULL, 12, 'Jemen: Militärische Intervention stoppen – Friedensgespräche aufnehmen', 'V-05-NEU', '2015-04-22 15:18:00', NULL, NULL, 3, NULL, NULL, '', 0),
  (110, 6, 9, NULL, 12, 'Seenotrettung jetzt', 'V-08-EIL', '2015-04-22 16:47:00', NULL, NULL, 3, NULL, NULL, '', 0),
  (111, 6, 9, NULL, 12, 'Seenotrettung jetzt', 'V-08-EIL-NEU', '2015-04-24 03:43:00', NULL, NULL, 3, NULL, NULL, '', 0),
  (112, 4, 7, NULL, NULL, 'Freiheit Grün Gestalten - emanzipatorisch und partizipativ, verantwortungsbewusst und solidarisch', 'A2', '2015-07-29 02:32:26', NULL, NULL, 3, NULL, NULL, 'a:1:{s:18:"getFirstLineNumber";i:1;}', 0);

--
-- Dumping data for table `motionSection`
--

INSERT INTO `motionSection` (`motionId`, `sectionId`, `data`, `cache`, `metadata`) VALUES
  (2, 1, 'O’zapft is!', '', NULL),
  (2, 2, '<p>Bavaria ipsum dolor sit amet Biazelt Auffisteign Schorsch mim Radl foahn Ohrwaschl Steckerleis wann griagd ma nacha wos z’dringa glacht Mamalad, muass? I bin a woschechta Bayer sowos oamoi und sei und glei wirds no fui lustiga: Jo mei is des schee middn ognudelt, Trachtnhuat Biawambn gscheid: Griasd eich midnand etza nix Gwiass woass ma ned owe. Dahoam gscheckate middn Spuiratz des is a gmahde Wiesn. Des is schee so Obazda san da, Haferl pfenningguat schoo griasd eich midnand.</p>\n<ul>\n<li>Auffi Gamsbart nimma de Sepp Ledahosn Ohrwaschl um Godds wujn Wiesn Deandlgwand Mongdratzal! Jo leck mi Mamalad i daad mechad?</li>\n	<li>Do nackata Wurscht i hob di narrisch gean, Diandldrahn Deandlgwand vui huift vui woaß?</li>\n	<li>Ned Mamalad auffi i bin a woschechta Bayer greaßt eich nachad, umananda gwiss nia need Weiznglasl.</li>\n	<li>Woibbadinga noch da Giasinga Heiwog Biazelt mechad mim Spuiratz, soi zwoa.</li>\n</ul>\n<p>I waar soweid Blosmusi es nomoi. Broadwurschtbudn des is a gmahde Wiesn Kirwa mogsd a Bussal Guglhupf schüds nei. Luja i moan oiwei Baamwach Watschnbaam, wiavui baddscher! Biakriagal a fescha Bua Semmlkneedl iabaroi oba um Godds wujn Ledahosn wui Greichats. Geh um Godds wujn luja heid greaßt eich nachad woaß Breihaus eam! De om auf’n Gipfe auf gehds beim Schichtl mehra Baamwach a bissal wos gehd ollaweil gscheid:</p>\n<blockquote>\n<p>Scheans Schdarmbeaga See i hob di narrisch gean i jo mei is des schee! Nia eam hod vasteh i sog ja nix, i red ja bloß sammawiedaguad, umma eana obandeln! Zwoa jo mei scheans amoi, san und hoggd Milli barfuaßat gscheit. Foidweg vui huift vui singan, mehra Biakriagal om auf’n Gipfe! Ozapfa sodala Charivari greaßt eich nachad Broadwurschtbudn do middn liberalitas Bavariae sowos Leonhardifahrt:</p>\n</blockquote>\n<p>Wui helfgod Wiesn, ognudelt schaugn: Dahoam gelbe Rüam Schneid singan wo hi sauba i moan scho aa no a Maß a Maß und no a Maß nimma. Is umananda a ganze Hoiwe zwoa, Schneid. Vui huift vui Brodzeid kumm geh naa i daad vo de allerweil, gor. Woaß wia Gams, damischa. A ganze Hoiwe Ohrwaschl Greichats iabaroi Prosd Engelgwand nix Reiwadatschi.Weibaleid ognudelt Ledahosn noch da Giasinga Heiwog i daad Almrausch, Ewig und drei Dog nackata wea ko, dea ko. Meidromml Graudwiggal nois dei, nackata. No Diandldrahn nix Gwiass woass ma ned hod boarischer: Samma sammawiedaguad wos, i hoam Brodzeid. Jo mei Sepp Gaudi, is ma Wuascht do Hendl Xaver Prosd eana an a bravs. Sauwedda an Brezn, abfieseln.</p>', '', NULL),
  (2, 3, '<p>I-Düpferl-Reita, Bettbrunza, Zwedschgnmanndl, Goaspeterl, junga Duttara, dreckata Drek, Dramhappada, boaniga, damischa Depp, Woibbadinga, di hams midam Stickl Brot ausm Woid raußzogn, Betonschedl, mit deinen Badwandlfüaß, Goggolore, Ruaßnosn.</p>\n<p>Krummhaxata Goaßbog, Fliedschal, Schdeckalfisch, gscherta Hamml, Saubreiß, japanischer, Pimpanell, kropfata Hamml, Nasnboara, elendiger, Hausdracha, Grantlhuaba, Honigscheißa, Pfennigfuxa, Gmoadepp, oide Bixn, Beißzanga, Mistviach, Dreeghamml, Bodschal, Voiksdepp, Grischbal, Aufmüpfiga, Freibialädschn, gwampate Sau, Umstandskrama, glei foid da Wadschnbam um, Jungfa, Umstandskrama, Bruinschlanga, Oasch, Schbruchbeidl, Kittlschliaffa, Grantlhuaba, Radlfahra, Hallodri!</p>\n<p>Woibbadinga, Pfennigfuxa, Zwedschgndatschi, Scheißbürschdl, Schbringgingal, Halbkreisingeneur, elendiger, damischa Depp, Haumdaucha, Ruaßnosn, Griasgram, Rutschn, Beißn, Bodschal, Hosnscheissa, Dreegsau, oida Daggl, Dreegschleida, Schwobnsäckle, Beißn.</p>\n<p>Asphaltwanzn, Zwedschgnmanndl, Hopfastanga, gscherte Nuss, Saufbeitl, oida Daddara, Vieh mit Haxn, Bruinschlanga, Daamaluudscha, Bierdimpfl, Hundsbua, oida Daggl, Kirchalicht, Doafdrottl, gscheate Ruam, schiache Goaß, Schuibuamtratza, Zwedschgarl, oide Schäwan.</p>\n<p>Herrgoddsacklzementfixlujja, Voiksdepp, Hopfastanga, Hundsgribbe, Schdeckalfisch, Chaotngschwerl, ja, wo samma denn, Hoibschaariga, Hundsbua, Frichdal, glei fangst a boa!</p>\n<p>Du ogsoachte, aus’gschammta, Auftaklta, kropfata Hamml, klebrigs Biaschal, Beißn, Ruaßnosn, Honigscheißa, eigschnabbda, Ecknsteha, Freibialädschn, du saudamischa, Hockableiba, Aufschneida, Saubreiß, japanischer, hoit’s Mei, Saubreiß, Badwaschl, Kasberlkopf.</p>\n<p>Saubreiß, Geizgroogn, Erzdepp, Rotzgloggn, Radlfahra, glei fangst a boa, Eisackla, Aff, Grawurgl, Haumdaucha, Schachtlhuba, Bauantrampl, Schlawina, schiache Goaß, depperta Doafdebb, Asphaltwanzn, hoid dei Babbn, Schdeckalfisch, Hemmadbiesla, halbseidener, Aufmüpfiga, Voiksdepp, Gibskobf, Kasberlkopf.<br>\nFlegel, Kamejtreiba, glei foid da Wadschnbam um, schdaubiga Bruada, Oaschgsicht, greißlicha Uhu, oida Daddara!</p>', '', NULL),
  (2, 4, '<p>Woibbadinga damischa owe gwihss Sauwedda ded Charivari dei heid gfoids ma sagrisch guad. Maßkruag wo hi mim Radl foahn Landla Leonhardifahrt, Radler. Ohrwaschl und glei wirds no fui lustiga Spotzerl Fünferl, so auf gehds beim Schichtl do legst di nieda ned Biawambn Breihaus. I mechad dee Schwoanshaxn ghupft wia gsprunga measi gschmeidig hawadere midananda vui huift vui Biawambn, des wiad a Mordsgaudi is. Biaschlegl soi oans, zwoa, gsuffa Oachkatzlschwoaf hod Wiesn.</p>\n<p>Oamoi großherzig Mamalad, liberalitas Bavariae hoggd! Nimmds helfgod im Beidl des basd scho i hob di liab. A Prosit der Gmiadlichkeit midanand mim obandln do mim Radl foahn, Jodler. Ned woar Brotzeit Brotzeit gwihss eana Gidarn. Foidweg Spuiratz kimmt, um Godds wujn. Am acht’n Tag schuf Gott des Bia i sog ja nix, i red ja bloß jedza, Biakriagal a bissal wos gehd ollaweil. Ledahosn om auf’n Gipfe Servas des wiad a Mordsgaudi, griasd eich midnand Bladl Fünferl Gams.</p>\n<p>Leonhardifahrt ma da middn. Greichats an naa do. Af Schuabladdla Leonhardifahrt Marei, des um Godds wujn Biakriagal! Hallelujah sog i, luja schüds nei koa des is schee jedza hogg di hera dringma aweng Spezi nia Musi. Wurschtsolod jo mei is des schee gor Ramasuri ozapfa no gfreit mi i hob di liab auffi, Schbozal. Hogg di hera nia need Biakriagal so schee, Schdarmbeaga See.</p>', '', NULL),
  (2, 5, '', '', NULL),
  (3, 1, 'Textformatierungen', '', NULL),
  (3, 2, '<p>Normaler Text <strong>fett und <em>kursiv</em></strong><br>\nZeilenumbruch <span class="underline">unterstrichen</span></p>\n<p><span class="strike">Durchgestrichen und <em>kursiv</em></span></p>\n<ol><li>Listenpunkt</li>\n	<li>Listenpunkt (<em>kursiv</em>)<br>\n	Zeilenumbruch</li>\n	<li>Nummer 3</li>\n	<li>Seltsame Zeichen: &amp; % $ # _ { } ~ ^ \\ \\today</li>\n</ol><p>Normaler Text wieder<sup>Hochgestellt</sup>.<br>\nNeue Zeile<sub>Tiefgestellt</sub>.</p>\n<p>Absatz 2</p>\n<ul>\n<li>Einfache Punkte</li>\n	<li>Nummer 2</li>\n</ul>\n<p>Link Bla</p>\n<blockquote>\n<p>Zitat 223<br>\nZeilenumbruch</p>\n<p>Neuer Paragraph</p>\n</blockquote>\n<p>Ende</p>', '', NULL),
  (3, 3, '<p>Textformatierungs-Test</p>', '', NULL),
  (3, 4, '<p>Textformatierungs-Test</p>', '', NULL),
  (3, 5, '', '', NULL),
  (4, 20, 'Lorem ipsum dolor sit amet', '', NULL),
  (4, 21, '<p>Lorem ipsum dolor sit amet, consectetur adipiscing elit. Cras eu felis sit amet lectus pulvinar gravida. Phasellus lacinia tristique lorem, vitae vulputate quam laoreet non. Sed sit amet magna justo. Integer nunc risus, interdum et imperdiet in, finibus sit amet velit. Pellentesque iaculis sed leo quis lacinia. Donec at felis sit amet dolor rhoncus placerat eget sed nisi. Fusce eget mauris ante.</p>\n<p>Duis consequat purus dolor, <strong>et aliquet quam</strong> congue id. <em>Aliquam erat</em> volutpat. Interdum et malesuada fames ac ante ipsum primis in faucibus. Aliquam bibendum feugiat vulputate. Phasellus cursus varius ipsum eu volutpat. Nullam sed diam scelerisque, sollicitudin mauris quis, vestibulum elit. Cum sociis natoque penatibus et magnis dis parturient montes, nascetur ridiculus mus.</p>\n<ul>\n<li>Phasellus nec mi id nunc placerat semper sed quis tortor. Phasellus vel aliquam lectus, non convallis ex. Phasellus turpis libero, convallis vitae elit fringilla, venenatis lobortis nunc. Sed vitae mauris tellus. Aenean consequat est nulla, vitae sodales nulla vulputate vitae. Praesent tincidunt auctor lacus eu pellentesque.</li>\n	<li>Pellentesque euismod quis neque a ultricies. Nulla tincidunt suscipit massa. Nullam fringilla massa a massa euismod pulvinar. Donec venenatis, massa sit amet vehicula blandit, erat libero ullamcorper ligula, a dapibus mauris dolor ac magna. Integer nec velit id nisi tempus accumsan ac eget dui.</li>\n	<li>Donec accumsan suscipit lectus, et vulputate urna gravida nec. Pellentesque cursus pulvinar pharetra. Mauris ornare vestibulum blandit. Nullam maximus tortor ac aliquam dictum. Praesent fermentum arcu et commodo lacinia.</li>\n</ul>\n<p>In hac habitasse platea dictumst. Morbi a lacus malesuada, posuere quam a, fermentum turpis. Aenean iaculis libero nisi, non elementum erat ultrices vitae. Nunc purus nisi, maximus ut maximus eget, laoreet id quam. Fusce scelerisque tristique diam, nec tristique sapien. Morbi mi leo, scelerisque eget purus ut, ornare gravida odio. Integer vehicula at orci eget congue. Duis at elit scelerisque, fringilla tellus nec, aliquam purus. Nam et erat iaculis nibh condimentum tincidunt.</p>\n<p>Donec hendrerit sed odio eu egestas. Praesent iaculis eu sapien eget tincidunt. Suspendisse non massa nec leo scelerisque eleifend. Sed euismod vulputate lorem et consectetur. Donec vitae gravida purus. Pellentesque et tincidunt massa. Nam vulputate aliquet elit.</p>', '', NULL),
  (4, 22, '<p>Phasellus nec mi id nunc placerat semper sed quis tortor. Phasellus vel aliquam lectus, non convallis ex. Phasellus turpis libero, convallis vitae elit fringilla, venenatis lobortis nunc. Sed vitae mauris tellus. Aenean consequat est nulla, vitae sodales nulla vulputate vitae.</p>', '', NULL),
  (58, 1, 'Testantrag', '', NULL),
  (58, 2, '<p>Test</p>', '', NULL),
  (58, 3, '<p>dfdsfdsfdsf</p>', '', NULL),
  (58, 4, '<p>Test</p>', '', NULL),
  (58, 5, '', '', NULL),
  (112, 20, 'Freiheit Grün Gestalten - emanzipatorisch und partizipativ, verantwortungsbewusst und solidarisch', '', NULL),
  (112, 21, '<p><strong>Demokratie und Freiheit </strong><br>\nDemokratie und Freiheit gehören untrennbar zusammen. Wir haben einen partizipativen Freiheitsbegriff. Demokratie ist der Rahmen für die Freiheit sich zu beteiligen, mitzugestalten und zu entscheiden. Erweiterte demokratische Mitwirkungsmöglichkeiten von BürgerInnen in einer vitalen Demokratie bedeuten einen Zugewinn an Freiheit. Demokratie lebt von den Beiträgen und dem ständigen Abwägungsprozess einer lebendigen Zivilgesellschaft. Immer wieder wird es demokratische Entscheidungen geben, die uns nicht gefallen. Freiheit ist aber immer und vor allem die Freiheit der Andersdenkenden. Wir setzen uns für mehr direkte Demokratie und gegen die negativen Auswirkungen wirtschaftlicher Macht und intransparenter Entscheidungsprozesse auf Freiheit ein. So kann eine aktive und selbstbestimmte BürgerInnengesellschaft eigene Entscheidungen treffen. Auch werden wir demokratische Strukturen und Entscheidungsmechanismen verteidigen. Gerade in Zeiten der Globalisierung ist ein besseres Europa die Antwort auf die Sicherung von Freiheit. Die EU kann das Primat der Politik sichern, wenn sie den aus dem Ruder gelaufenen Wirtschaftsliberalismus einhegt und nicht über Geheimverträge wie ACTA oder TTIP voranbringen will. Die Freiheitsrechte der Bürgerinnen und Bürger werden aber dann tangiert, wenn der sie schützende Rechtsrahmen durch internationale Abkommen unterminiert wird.</p>', 'a:1:{s:17:"getTextParagraphs";a:47:{i:0;s:44:"<p>I. Freiheit als ein grüner Grundwert</p>";i:1;s:908:"<p><br>\r\nDer Wunsch nach Freiheit hat Menschen und progressive politische Bewegungen schon immer beflügelt. Sich selbst verwirklichen zu können, Neues auszuprobieren, widersprechen zu können – all das sind tiefe menschliche Bedürfnisse. Freiheit zu schützen und zu verwirklichen war und ist ein Kernanliegen grüner Politik. Und auch, wenn elementare Freiheiten heute in unserem Rechtsstaat garantiert sind, ist das Ringen um Freiheit und Selbstbestimmung noch lange nicht zu Ende. Angesichts eines ungekannten wirtschaftlichen Wohlstands und neuer technischer Möglichkeiten entstehen derzeit neue Chancen und Räume der Freiheit. Demgegenüber stehen neue Bedrohungen – Überwachungsorgien entfesselter Geheimdienste wie NSA und Co., die technische Neuerungen zur Massenüberwachung missbrauchen, ein aus den Fugen geratener Sicherheitsdiskurs, aber auch der Klimakollaps und das Artensterben.</p>";i:2;s:505:"<p>Freiheit ist einer von vier Pfeilern, die unsere grüne Programmatik tragen. Als Bündnis 90/Die Grünen sind wir maßgeblich aus Freiheitsbewegungen entstanden. Das vergessen wir nicht, im Gegenteil: Unser Grundsatzprogramm von 2002 stellt Selbstbestimmung und Freiheit als einen grünen Grundwert neben Ökologie, erweiterte Gerechtigkeit und lebendige Demokratie. Und wir treten damit ein für Gewaltfreiheit und Menschenrechte und die Verwirklichung des Freiheitsversprechens des Grundgesetzes.</p>";i:3;s:455:"<p>Uns einen als Partei diese Grundwerte. Als Partei der Ökologie treten wir ein für eine offene Gesellschaft und erweiterte Gerechtigkeit. Wir sind als Grüne weder eine konservative, noch eine liberale oder sozialdemokratische Partei, sondern eine eigenständige politische Kraft. Wir wollen unser originär grünes Profil weiter schärfen und den Menschen klarmachen, warum es sich lohnt, für Freiheit zu kämpfen – national wie international.</p>";i:4;s:1332:"<p>Wir sind aus vielfältigen Wurzeln zusammengewachsen. Unsere Gründungsgeschichte ist verbunden mit sozialen Bewegungen, die in einer verkrusteten BRD unter anderem für mehr Freiheitsräume, Bürgerrechte und die Anerkennung alternativer Lebensstile eingetreten sind. Unser Parteiname BÜNDNIS 90/DIE GRÜNEN steht für die Verbindung der westdeutschen Neuen Sozialen Bewegungen und ihrem Streben nach Freiheit und Emanzipation mit der ostdeutschen Freiheitsbewegung. Vor 25 Jahren ist die Mauer gefallen, weil Menschen leidenschaftlich für die Freiheit und gegen staatliche Bevormundung und Gängelung gekämpft und ihr Leben riskiert haben. Das wird uns gerade dieser Tage einmal mehr bewusst. In dieser Tradition bewegen wir uns und leiten daraus einen grünen Freiheitsbegriff ab. Die Würde des Menschen steht bei uns an erster Stelle. Daran orientieren wir uns in unseren Leitlinien, unseren Werten und unserer Politik. Mit unserem Eintreten für Frauenrechte, für die Rechte von MigrantInnen und Flüchtlingen und die Rechte Homosexueller haben wir wichtige Voraussetzungen für eine freie und vielfältige Gesellschaft geschaffen. Und als überzeugte Verfechterin des europäischen Friedensprojekts haben wir dazu beigetragen, die Freiheit in Europa ohne Grenzen zu reisen, zu lernen und zu arbeiten zu erkämpfen.</p>";i:5;s:1298:"<p>Wir Grüne haben in den vergangenen dreieinhalb Jahrzehnten Freiräume für mehr Selbstbestimmung erkämpft. Auch heute wollen wir mehr Freiheit erstreiten, sie schützen und Bedrohungen der Freiheit zurückdrängen. Wir ringen um den Begriff der Freiheit. Wir sehen ein starkes gesellschaftliches Bedürfnis nach größeren Freiräumen und geschützten Rückzugsräumen. Nach einer Gesellschaft, die nicht nur auf ein Schneller, Höher, Weiter setzt und einem Leben, das Zeit lässt zum Durchatmen. Es gibt den Wunsch nach Gestaltung, die nicht bei jedem Problem auf Law und Order setzt.<br>\r\nDoch unser Einsatz für Freiheit und Selbstbestimmung ist gerade in der jüngeren Vergangenheit nicht immer so wahrgenommen, teils sehr bewusst missinterpretiert und auch von uns nicht immer so signalisiert worden. Die politische Linke hat den Wert von Freiheit und Selbstbestimmung viel zu häufig vernachlässigt und der politischen Rechten überlassen. Neoliberale haben Freiheit ohne Verantwortung gepredigt und für maßlose Deregulierung missbraucht. Für die Freiheit der Zocker muss jetzt die Gemeinschaft geradestehen. George W. Bush hat mit dem Ruf nach Freiheit nach dem 11. September 2001 den War on Terror und den Aufbau einer allumfassenden Überwachungsinfrastruktur gerechtfertigt.</p>";i:6;s:1458:"<p><strong>Der Grüne Freiheitsbegriff</strong><br>\r\nDas zeigt: Es gibt unterschiedliche Vorstellungen von Freiheit. Dem neoliberalen Verständnis von Freiheit, welches vor allem den Staat als unwillkommene Gängelung individuellen Gewinnstrebens wahrnimmt und im Recht des Stärkeren endet, setzen wir eine verantwortungsbewusste, emanzipatorische, partizipative und solidarische Freiheit entgegen.<br>\r\nIn unserem Grundsatzprogramm haben wir einen emanzipatorischen Freiheitsbegriff definiert. Freiheit, Emanzipation und Selbstbestimmung gehören für uns Bündnisgrüne untrennbar zusammen. Jede und jeder soll sich frei entfalten, so lange damit nicht in die Freiheit der Anderen eingegriffen wird. Wir wollen eine Gesellschaft, die von den Bürgerinnen und Bürgern aktiv mitgestaltet wird, in der alle Menschen ihr Leben selbst gestalten, ihre Kreativität ausleben und ihre Potentiale nutzen können – frei von Bevormundung. Gesetzlichen Bestimmungen und gesellschaftlichen Normen, die Menschen diskriminieren, stellen wir uns entgegen. Auf diesem Weg haben wir viel erreicht.<br>\r\nEs wird immer wieder Freiheitsentscheidungen geben, die uns nicht gefallen und die in Widerstreit mit den Zukunftschancen künftiger Generationen stehen. Der Konflikt zwischen dem Freiheitsinteresse des Einzelnen und übergeordneten Allgemeininteressen lässt sich nicht in jedem Fall widerspruchsfrei auflösen. Dafür braucht es politische Aushandlungsprozesse.</p>";i:7;s:153:"<p>Wir wollen unsere grüne Freiheitserzählung weiterentwickeln. Dazu schärfen wir unseren Freiheitsbegriff an unseren anderen grünen Grundwerten.</p>";i:8;s:778:"<p><strong>Ökologie und Freiheit </strong><br>\r\nDer grüne Leitspruch „Wir haben die Erde von unseren Kindern nur geborgt“ verdeutlicht, dass die ökologischen Grenzen den Rahmen der Freiheit jeder Generation bilden. Diese zu definieren ist unsere Aufgabe. Seit Jahrzehnten überschreitet unser Land seine ökologischen Grenzen im großen Stil: Weltweit verbrauchen wir im Durchschnitt Ressourcen von fast 2,5 Planeten im Jahr und zerstören dadurch unsere natürliche Lebensgrundlage und das Klima. Damit leben wir ökologisch auf Pump und auf Kosten der Freiheit heutiger und nächster Generationen. Deshalb ist unser Freiheitsbegriff verantwortungsbewusst. Wir sind die Partei, die die Gesellschaft von morgen denkt und den Menschen dafür heute Lösungen anbietet.</p>";i:9;s:680:"<p><br>\r\nViele Entscheidungen, die wir treffen, haben Auswirkungen auf die ganze Welt. Unser Freiheitsbegriff, der von der universellen Würde aller Menschen ausgeht, berücksichtigt deshalb auch die globalen Zusammenhänge. Wir wollen einerseits den Menschen möglichst viel Platz zur Selbstentfaltung geben, andererseits wollen wir die Gemeinschaft, das Klima und die Artenvielfalt schützen. Damit nicht einige wenige auf Kosten der Gesellschaft, der Umwelt und ärmerer Länder die eigene Freiheit ausleben, braucht es einen Rahmen und Regeln für das Zusammenleben. Wie dieser Rahmen aussieht und was eine legitime Einschränkung ist, muss demokratisch verhandelt werden.</p>";i:10;s:715:"<p><br>\r\nKlar ist für uns, dass es Regulierung und Vorschriften braucht, aber auch freien Raum für neue Ideen und kreative Ansätze. Dabei wird es immer wieder nötig sein, in die individuellen Freiheiten und Interessen einzugreifen. Doch konzentrieren wir uns als Anwälte der BürgerInnen bei der notwendigen Regulierung darauf, die Strukturen zu verbessern. Im Lebensmittelbereich setzen wir also bei den ProduzentInnen an und nicht bei den KonsumentInnen. Ob jemand am Donnerstag Fleisch isst oder nicht, ist uns herzlich egal. Vielmehr wollen wir hohe ökologische Standards und Tierschutz durch artgerechte Haltung durchsetzen und die VerbraucherInnen besser über die Produktionsbedingungen aufklären.</p>";i:11;s:547:"<p><br><strong>Gerechtigkeit und Freiheit </strong><br>\r\nGrüne Politik formuliert einen klaren Gerechtigkeitsanspruch. Die sich vertiefende soziale Kluft in Deutschland, die Exklusion vieler Menschen von Arbeit und Bildung und die starke Ungleichverteilung der Vermögen sind für uns nicht hinnehmbar. Wir werden uns hier weiter für die Schwachen stark machen und von starken Schultern fordern, dass sie mehr tragen müssen. Das richtet sich nicht gegen „die Freiheit“, sondern versucht möglichst viel Freiheit für Alle zu eröffnen.</p>";i:12;s:9:"<p> </p>";i:13;s:448:"<p><br>\r\nFreiheit erfordert Gerechtigkeit und eine sozial ausgleichende Politik, wenn sie nicht die Freiheit einiger weniger meinen soll. Freiheit wird nicht durch Gerechtigkeit eingeschränkt, sondern nur in einer gerechten Gesellschaft können alle frei leben. Unser Freiheitsbegriff ist ein solidarischer. Sollen Freiheit und Selbstbestimmung nicht für viele nur leere Versprechen sein, braucht es soziale Sicherung und öffentliche Güter.</p>";i:14;s:698:"<p>Es ist für uns selbstverständlich, dass sich Gerechtigkeit nicht in der Gängelung der Menschen durch eine Sozialbürokratie verwirklicht. Empowerment ist das Schlüsselwort: der Staat soll zur Selbstbestimmung befähigen und zur Freiheit unterstützen. Grüne Politik will auch kommenden Generationen freie Entfaltungsmöglichkeiten offenhalten und sie nicht mit dem Erbe einer falschen Politik überfrachten. Daher berücksichtigen wir die Konsequenzen unseres Handelns für kommende Generationen. Lassen wir unser Gemeinwesen und unsere Infrastruktur verfallen, engen wir ihre Spielräume ein; müssen sie vorrangig unsere Schuldenberge abtragen, ist ihre Freiheit ebenfalls vermindert.</p>";i:15;s:1450:"<p><br><strong>Demokratie und Freiheit </strong><br>\r\nDemokratie und Freiheit gehören untrennbar zusammen. Wir haben einen partizipativen Freiheitsbegriff. Demokratie ist der Rahmen für die Freiheit sich zu beteiligen, mitzugestalten und zu entscheiden. Erweiterte demokratische Mitwirkungsmöglichkeiten von BürgerInnen in einer vitalen Demokratie bedeuten einen Zugewinn an Freiheit. Demokratie lebt von den Beiträgen und dem ständigen Abwägungsprozess einer lebendigen Zivilgesellschaft. Immer wieder wird es demokratische Entscheidungen geben, die uns nicht gefallen. Freiheit ist aber immer und vor allem die Freiheit der Andersdenkenden. Wir setzen uns für mehr direkte Demokratie und gegen die negativen Auswirkungen wirtschaftlicher Macht und intransparenter Entscheidungsprozesse auf Freiheit ein. So kann eine aktive und selbstbestimmte BürgerInnengesellschaft eigene Entscheidungen treffen. Auch werden wir demokratische Strukturen und Entscheidungsmechanismen verteidigen. Gerade in Zeiten der Globalisierung ist ein besseres Europa die Antwort auf die Sicherung von Freiheit. Die EU kann das Primat der Politik sichern, wenn sie den aus dem Ruder gelaufenen Wirtschaftsliberalismus einhegt und nicht über Geheimverträge wie ACTA oder TTIP voranbringen will. Die Freiheitsrechte der Bürgerinnen und Bürger werden aber dann tangiert, wenn der sie schützende Rechtsrahmen durch internationale Abkommen unterminiert wird. </p>";i:16;s:1003:"<p><br><strong>Grüne Freiheit zwischen Staat, Wirtschaft und Gesellschaft</strong><br>\r\nUnser Freiheitsbegriff wurzelt historisch stark in den Bürgerbewegungen, im Drang aus einengenden Strukturen auszubrechen, die Dinge anders zu machen und selbst zu organisieren. Für unser Freiheitsverständnis spielt eine lebendige Zivilgesellschaft mit ihren Engagierten, ihren Vereinen und Verbänden eine zentrale Rolle. Eine funktionierende Bürgergesellschaft braucht Freiräume, um eigene Projekte zu entwickeln und alternative Wege zu gehen. Sie braucht einen rebellischen Geist, neue, kreative Ideen. Wir wollen diese Freiräume mit den BürgerInnen gemeinsam erkämpfen und sichern. Deshalb fördern wir das Prinzip der Subsidiarität: der Staat muss nicht alles, was er gewährleistet, auch selbst organisieren. Wir halten grundsätzlich die Vielfalt von Trägern, Vereinen und Akteuren im Bereich der Bildung, der Jugendarbeit, der Kultur, im Sozialen wie in der Wirtschaft für eine Bereicherung.</p>";i:17;s:1705:"<p><br>\r\nUnsere Vision ist es, allen Menschen die gleiche Chance zur Verwirklichung ihrer Freiheit zu geben. Diese Freiheit ist voraussetzungsreich und braucht soziale Sicherheit und Solidarität. Ansonsten bleibt Selbstbestimmung auf wenige begrenzt, die sich diese leisten können. Dazu braucht es einen handlungsfähigen Staat, der die Freiheit der Bürgerinnen und Bürger gegen Einschränkungen schützt und der die Voraussetzungen für freie Entfaltung ermöglicht. Denn nur, wenn Menschen in der Realität auch leben können, was sie gemäß ihrer Rechte dürfen, sind die Bedingungen von Freiheit erfüllt. Dementsprechend hat der Staat eine ambivalente Rolle – einerseits kann er die Freiheit der Bürgerinnen und Bürger durch überzogenes Sicherheitsdenken oder überbordende Eingriffe gefährden, andererseits ist nur durch ihn die Verwirklichung gleicher Freiheit für alle möglich. Dieser Ambivalenz begegnen wir durch entschiedenes Eintreten für die Menschenwürde, die Grund- und Bürgerrechte, sowie den Kampf für Transparenz und demokratische Kontrolle der staatlichen Institutionen.<br>\r\nFairer Wettbewerb und eine sozial-ökologische Marktwirtschaft sind ökonomische Pfeiler unserer Freiheitsordnung. Innovationsgeist, Unternehmertum und der Wettbewerb um neue Lösungen und Produkte sind Ausdruck wirtschaftlicher Freiheit, die wir stärken wollen. Doch ungezügelte deregulierte Märkte sehen wir ebenso als Bedrohung der Freiheit wie eine Machtwirtschaft, die durch Marktmacht und undurchsichtige Verstrickungen den Wettbewerb aushebelt. Wir haben und brauchen Partner in der Wirtschaft, gerade im Mittelstand, um die notwendige ökologische Modernisierung voranzutreiben.</p>";i:18;s:492:"<p><br><strong>II. BÜNDNIS 90/DIE GRÜNEN als Stimme der Freiheit</strong><br>\r\nIm Bundestag sind wir Grüne die Stimme für Freiheit und Selbstbestimmung. Die Große Koalition gefährdet mit ihrem Nichtstun bei Datenschutz bis Klimaschutz Freiheit und Selbstbestimmung in eklatanter Weise und sabotiert die Aufklärung des derzeitigen Überwachungs- und Geheimdienstskandals. Die Linke wiederum setzt auf radikalen Etatismus, der zu oft zu Lasten von Freiheit und Selbstbestimmung geht.</p>";i:19;s:582:"<p><br>\r\nGrüne Politik verfolgt nicht nur einen klaren bürgerrechtsorientierten Kurs, sie macht Mut zum Widerstand gegen eine freiheits- und bürgerrechtsfeindliche Politik. Sie ist Pfadfinderin für neue Diskurse in Wirtschaft und Gesellschaft, in Ökologie und Verbraucherschutz, in Fragen der Bildung, Betreuung oder Genderpolitik. Dabei stehen wir vor einem neuen Kulturkampf: mit ihrem konservativ-reaktionären Gesellschaftsbild macht die AfD eine Kampfansage an die Vielfalt und Toleranz, für die wir stehen und will unsere hart erkämpften Errungenschaften abwickeln.</p>";i:20;s:997:"<p><br><strong>II.1 Grundrechte schützen, Privatsphäre im digitalen Zeitalter verteidigen, Überwachung stoppen</strong><br>\r\nIn Zeiten von NSA, Facebook und Google ist die Privatsphäre der Menschen akut gefährdet. Das Internet hat neue Möglichkeiten geschaffen. Doch Überwachung erstickt Freiheit, weil wir zu unseren eigenen Zensurbehörden werden. Wir wollen keine Überwachung des Internets, mit der letztendlich jede Kommunikation und alle Bewegungen im Netz lückenlos kontrolliert werden können. Wir sind alle verdächtig geworden. Mit unserem emanzipatorischen Freiheitsverständnis ist eine Komplettüberwachung und Rasterung von Menschen nach undurchsichtigen Algorithmen nicht vereinbar. Jede und jeder hat das Recht auf den Schutz der Privatsphäre und das Recht auf Geheimnisse, denn diese sind elementar für Freiheit und Demokratie. Staatliches Handeln muss diese Rechte verteidigen und die Bürgerinnen und Bürger vor Ausspähung, Profilbildung und Rasterung schützen.</p>";i:21;s:347:"<p><br>\r\nDie Große Koalition gefährdet unsere Freiheit. Sie geht nicht entschieden gegen die flächendeckende Überwachung vor, aus Angst gute Freunde und Partner zu verschrecken. Sie sabotiert weiterhin die Aufklärung des Geheimdienst- und Überwachungsskandals durch das Parlament, weil sie Fragen zur Rolle der eigenen Dienste fürchtet.</p>";i:22;s:580:"<p><br>\r\nWir Grüne fordern auch weiterhin eine lückenlose Aufklärung der im Raum stehenden Überwachungspraktiken, denn sie sind mit unserer Verfassung nicht in Einklang zu bringen. Der Herrschaft des Rechts wollen wir angesichts sich verselbständigender Geheimdienste wieder Geltung verschaffen, Befugnisse eng begrenzen und die parlamentarische Kontrolle verbessern. Bestehende Datenaustauschabkommen mit den USA wollen wir stoppen und neu verhandeln. Whistleblower wie Edward Snowden wollen wir in ihrer widerständigen Haltung unterstützen, weil sie Freiheit sichert.</p>";i:23;s:1219:"<p><strong>II.2 Freiheit für ein selbstbestimmtes Morgen und den Erhalt unserer natürlichen Lebensgrundlagen</strong><br>\r\nNicht nur die jetzt lebenden Generationen haben ein Recht auf Freiheit und Selbstbestimmung, sondern auch unsere Kinder und Kindeskinder. Unser Verständnis von Freiheit für alle ist solidarisch und verantwortungsbewusst: wir haben die Freiheit kommender Generationen im Blick, wir denken global und über das Heute hinaus. Deshalb ist es unsere Verantwortung, die Umwelt zu schützen und nicht mehr dauerhaft Ressourcen zu verbrauchen als sich natürlich erneuern. Der ungebremste Klimawandel ist neben der Zerstörung der biologischen Vielfalt unseres Planeten die größte Hypothek, die wir kommenden Generationen weltweit aufbürden können. Schon heute leiden Menschen in anderen Regionen dieser Welt unter verheerenden Naturkatastrophen und den Folgen des Klimawandels. Der verantwortungslose Raubbau, mit dem die Industriestaaten die Zukunft unseres Planeten gefährden, geht zu Lasten der Ärmsten. Auch ihre Freiheit ist uns Grünen nicht egal, sondern einer der Gründe, warum wir konsequent für mehr globalen Klimaschutz und Solidarität mit den Ländern des Südens eintreten.</p>";i:24;s:329:"<p>Die Große Koalition lässt die Klimakatastrophe ohne wirksame Gegenmaßnahmen geschehen. Die Emissionen steigen in Deutschland wieder an, die erneuerbaren Energien werden ausgebremst. Ein Umsteuern hin zu Energieeffizienz und –einsparung bleibt aus. Vielmehr steigt der Verbrauch dreckiger Kohle auf einen Höchststand.</p>";i:25;s:416:"<p><br>\r\nWir Grüne rücken den Klimaschutz und den Erhalt der natürlichen Lebensgrundlagen in den Mittelpunkt. Deutschland muss auf eine Vorreiterrolle in der EU drängen. Dazu müssen wir aber bei uns anfangen. Das bedeutet, wir brauchen ein Klimaschutzgesetz mit rechtsverbindlichen mittel- und langfristigen Emissionsminderungszielen. So kann Deutschland wieder eine glaubwürdige Vorbildfunktion einnehmen.</p>";i:26;s:570:"<p><strong>II.3 Kommende Generationen von Schuldenbergen befreien, Investitionen in Infrastruktur und Daseinsvorsorge ermöglichen</strong><br>\r\nKommende Generationen brauchen finanzielle Spielräume, um die Aufgaben der Zukunft bewältigen zu können. Und sie müssen die Freiheit haben, selbst darüber zu entscheiden, wie sie diese Spielräume nutzen. Deshalb sind sie darauf angewiesen, dass wir so haushalten, dass sie nicht nur Schulden bedienen, sondern auch politisch gestalten können – bei uns heißt das solidarische und verantwortungsbewusste Freiheit.</p>";i:27;s:368:"<p>Ohne Kitas, Schulen, Hochschulen und Forschungseinrichtungen, ohne Alters- und Pflegeheime, Krankenhäuser und ÄrztInnen sowie funktionierende öffentliche Verkehrsmittel und -wege werden viele Menschen in ihrer Freiheit beschnitten. Freiheit und Selbstbestimmung sind in Gefahr, wenn die Infrastruktur und die öffentliche Daseinsvorsorge nicht funktionieren.</p>";i:28;s:973:"<p>Die Große Koalition gefährdet die Handlungsfreiheit und Selbstbestimmung kommender Generationen, indem sie ihre finanziellen Spielräume verkleinert: Die Rentenreform bürdet kommenden Generationen große finanzielle Lasten auf. Diese Wohltaten aus der Rentenversicherung und nicht aus Steuermitteln zu bezahlen, hätte die Union selbst früher als eine Versündigung an der Jugend kritisiert. Gleichzeitig verzichtet die Große Koalition auf den Abbau ökologisch schädlicher Subventionen und verschleppt systematisch dringend notwendige Investitionen in Infrastruktur. Die Investitionsquote ist im freien Fall. Die wenigen Mittel reichen nicht für den Erhalt und die Sanierung der bestehenden Infrastruktur, geschweige denn für wichtige Investitionen in die Zukunft. Das heißt, mit der Großen Koalition leben wir von der Substanz und schaffen es nicht eine Infrastruktur vorzuhalten, die die Voraussetzungen für freie Entscheidungen und Freiräume schafft.</p>";i:29;s:970:"<p>Wir Grüne fordern eine seriöse Haushaltspolitik. Somit schaffen wir auch unseren Kindern die Freiheit, eigene Akzente zu setzen und nicht nur für unsere Schulden zu arbeiten. Nachhaltige Haushaltspolitik ermöglicht es, kommenden Generationen einen finanz-, sozial- und gesellschaftspolitischen Gestaltungsspielraum zu vererben. Dazu gehören neben solidem Haushalten vor allem Investitionen in die Zukunft. Eine Austeritätspolitik, die einseitig auf eine Kürzung öffentlicher Angebote und die Privatisierung öffentlicher Güter setzt, lehnen wir ab. Insbesondere Kommunen müssen angemessen ausgestattet sein, um ihre Infrastruktur erhalten zu können. Wir wollen nachhaltige Mobilität stärken und ein schnelles Internet für alle, egal ob sie in den Städten oder im ländlichen Raum leben. Gerade auch der Klimawandel fordert ressourcenschonende Innovationen und öffentliche Investitionen, damit wir die größte Menschheitsaufgabe angehen können. </p>";i:30;s:1072:"<p><strong>II.4 Für freien und fairen Wettbewerb statt Monopole und Oligopole</strong><br>\r\nWirtschaftspolitik soll den Menschen dienen und sie im Sinne unseres partizipativen Freiheitsverständnisses in ihrer Selbstbestimmung und freien Entfaltung unterstützen. Das ist momentan nicht der Fall. Die Konzentration der Vermögen ist in Deutschland im Vergleich der Eurostaaten am höchsten. Dies bevorteilt einige wenige und lässt viele im Regen stehen. Diese soziale Polarisierung gefährdet den gesellschaftlichen Zusammenhalt und damit die Freiheit des Einzelnen.<br>\r\nUns ist die Freiheit der Menschen wichtiger als die Freiheit des Kapitals. Um dies zu realisieren, brauchen wir einen handlungsfähigen Staat. International tätige Unternehmen halten sich allzu oft nicht an nationale Vorgaben und werden oftmals mächtiger als Staaten. Hier gilt es das Primat der Politik wieder zu gewinnen, auch damit sich Politik für die Interessen von kleinen und mittleren Unternehmen einsetzen kann und nicht nur den Profitinteressen einiger weniger Großkonzerne dient.</p>";i:31;s:2026:"<p>Wir brauchen keine Monopole, sondern Wettbewerb durch Innovationskraft, um Antworten für die dringend notwendige ökologische Modernisierung zu finden. Deshalb kämpfen wir gegen Machtwirtschaft und für fairen Wettbewerb mit gleichen Spielregeln für alle Marktteilnehmer. Der europäische Binnenmarkt zeigt, dass freier Handel große Chancen bietet. Freihandelsabkommen sind nicht per se schlecht, wenn dabei die Rechte der VerbraucherInnen und demokratisch-rechtsstaatliche Grundsätze nicht verwässert, sondern nach Möglichkeit sogar gestärkt werden. Profitieren müssen Verbraucherschutz, Umweltschutz, soziale Rechte und Wirtschaft. Wir wollen solche Vertragsverhandlungen in diesem Sinne gestalten und transparent durchführen. In der jetzigen Form lehnen wir die transatlantischen Handelsabkommen CETA und TTIP ab. Dabei geht es uns auch darum, ob Agrarlobbys, Lebensmittel-Multis, Chemiekonzerne und Saatgutmonopolisten den schnellen Durchgriff haben auf Regierungspolitik oder ob die Freiheit und die Rechte der VerbraucherInnen vorne stehen. Die Handelsabkommen bergen die Gefahr, dass durch Klagen der Konzerne vor privaten Schiedsgerichten demokratische Entscheidungen ausgehebelt werden. Solche Klage-Privilegien lehnen wir ab. Und durch die geplante Durchmarktung von Kunst- und Kultur drohen Reflexionspotenziale verschüttet zu werden und Freiheitsspielräume verloren zu gehen.<br>\r\nDie Große Koalition gefährdet Demokratie und Selbstbestimmung durch ihre Unterstützung von diesem TTIP. Die Bundeskanzlerin will die Risiken des transatlantischen Handelsabkommens nicht sehen, weil die Hoffnung auf wirtschaftliches Wachstum um jeden Preis überwiegt. Die SPD hat erst spät und unter massivem Druck zu zweifeln begonnen. Das ist nicht das einzige Beispiel einer Wirtschaftspolitik, die an den Menschen vorbei praktiziert wird. Bei der Reform des EEG wurden die Ausnahmen für Industrie nicht angetastet. So werden die Kosten weiter auf die VerbraucherInnen abgewälzt und die Konzerne geschont.</p>";i:32;s:1189:"<p><br>\r\nWir Grüne kämpfen gegen Investor-Staats-Klagen, die in den Abkommen TTIP und CETA die demokratisch legitimierten Institutionen zu untergraben drohen. Erste Anzeichen für Zweifel innerhalb der EU-Kommission werten wir als Erfolg der Zivilgesellschaft, die aber weiter – mit unserer Unterstützung – Druck machen muss. Wir stellen uns gegen intransparente Verhandlungen und gegen die Absenkung von Standards. Alle geheimen Absprachen müssen auf den Tisch, damit die Abkommen öffentlich diskutiert werden. Aber wir machen bei TTIP und CETA nicht halt. Wir fordern klare Regeln für die Wirtschaft - gegen Kartelle und Oligopole oder Banken, die „too big to fail“ sind. Diese Regeln ermöglichen erst unternehmerische Freiheit für alle. Wir werden der Wirtschaft im Rahmen des Ordnungsrechts klare Regeln setzen. Dazu gehört auch Transparenz bei Lobbyismus, denn geheime Einflussnahme durch die Großen ist oft ein Problem für das Gemeinwohl. Die politische Selbstbestimmung wollen wir stärken, indem wir selbstorganisierte Zusammenschlüsse der europäischen Zivilgesellschaft, wie derzeit im Rahmen der europäischen Kampagne gegen CETA und TTIP, unterstützen.</p>";i:33;s:580:"<p><br>\r\nWenn immer mehr Menschen einer Ökonomie des Habens und Besitzens eine neue Kultur des Teilens entgegensetzen, dann sollte grüne Politik hier ein Pfadfinder der Freiheit sein. Share-Economy, Makers-Markets, Elterninitiativ-Kitas, freie Schulen, Projekte der Bürgerenergie und unzählige andere Bürgerinitiativen sind – wenn sie nicht nur Einzelinteressen, sondern dem Gemeinwohl verpflichtet und sozial verträglich sind - die besten Beispiele dafür, dass nicht alles durch den Staat bis ins kleinste Detail geregelt, vorgeschrieben und organisiert werden muss.</p>";i:34;s:665:"<p><br><strong>II.5 Als VerbraucherInnen selbstbestimmt und frei entscheiden können</strong> <br>\r\nVerbraucherInnen brauchen unabhängige Informationen, um frei entscheiden zu können, welche Produkte sie kaufen, wo sie ihr Geld anlegen oder was sie essen. Unser emanzipatorisches Freiheitsverständnis basiert darauf, dass VerbraucherInnen dazu in die Lage versetzt werden, frei entscheiden zu können. Ein Lebensmittelskandal nach dem anderen macht deutlich, dass beim Schutz und bei der Information der VerbraucherInnen, genau wie bei der Transparenz der Lebensmittelproduktion, ein starker und tatkräftiger Anwalt für die Bürgerinnen und Bürger fehlt.</p>";i:35;s:351:"<p><br>\r\nDie Große Koalition gefährdet die Selbstbestimmung der VerbraucherInnen, denn sie schränkt ihre Möglichkeiten ein, freie und transparente Entscheidungen zu fällen. Sie gefällt sich in der Rolle der Lobby der Produzenten – wie ihre Wirtschaftspolitik zeigt. Sie geht das Thema Verbraucherschutz und Verbraucherinformation nicht an.</p>";i:36;s:794:"<p>Wir Grüne verstehen uns als Anwalt der Bürgerinnen und Bürger. Wir verteidigen die VerbraucherInnen gegenüber den großen Lobbys, sorgen für Transparenz und schaffen durch Information die Grundlage für freie Entscheidungen. Wir fordern verbraucherfreundliche Spielregeln für einen fairen und transparenten Markt. Damit kann – wer will – seine Kaufentscheidungen nach ökologischen und sozialen Merkmalen treffen. Deshalb brauchen wir ein grunderneuertes Verbraucherinformationsgesetz, das selbstbestimmte Entscheidungen unterstützt. So stärken wir die Rechte der Verbraucherinnen und Verbraucher und nehmen die Produzenten in die Pflicht. Außerdem wollen wir in Handelsverträgen mit Entwicklungsländern verpflichtend Umwelt-, Menschenrechts- und Sozialklauseln verankern.</p>";i:37;s:909:"<p><br><strong>II.6 Selbstbestimmt leben – ganz egal was der Background ist </strong><br>\r\nAus unserem emanzipatorischen Freiheitsverständnis heraus treten wir für gleiche Rechte für alle ein – egal welcher Herkunft, welchen Glaubens, welchen Alters, welchen Geschlechts und welcher sexuellen Orientierung, ob mit Behinderung oder ohne. Wir kämpfen für eine Gesellschaft frei von Rassismus und Diskriminierung. Hier gibt es in Deutschland immer noch viel Nachholbedarf. Frauen verdienen deutlich weniger als Männer. Die Kombination von Minijobs und Ehegattensplitting verhindert weiterhin die Absicherung von Frauen und bringt sie oft in die Altersarmut. Gleichgeschlechtliche Lebenspartnerschaften haben immer noch nicht die gleichen Rechte wie Heterosexuelle. Viele junge Menschen müssen sich immer noch entscheiden, welchen Pass sie haben wollen, statt einfach einen Doppelpass zu erhalten.</p>";i:38;s:907:"<p><br>\r\nDie Große Koalition hat in der Gesellschaftspolitik bis jetzt nicht viel bewegt. Schlimmer noch, sie erhebt gar nicht erst ernsthaft den Anspruch die Gesellschaft zu modernisieren. Vielmehr macht sie Alibipolitik, die im besten Fall nichts schlimmer und im schlimmsten Fall vieles kaputt macht. Sie ringt sich widerwillig zu einer Frauenquote durch, die nicht weit genug geht. Lesben und Schwulen werden weiterhin elementare Rechte vorenthalten. So bleibt die Große Koalition bei der verfassungswidrigen Benachteiligung eingetragener Lebenspartnerschaften im Adoptionsrecht und im Steuerrecht. Die doppelte Staatsbürgerschaft wurde von Sigmar Gabriel lauthals versprochen – gekommen sind bürokratische Ausnahmeregelungen. In der Drogen- und Suchtpolitik ist die Große Koalition ideologisch verbohrt. Sie setzt auch weiterhin auf längst gescheiterte Verbote, Repression und Bevormundung.</p>";i:39;s:1161:"<p><br>\r\nWir Grüne fordern einen neuen Aufbruch in der Gesellschaftspolitik. In der rot-grünen Regierungszeit haben wir viele neue Freiheiten erkämpft, doch seitdem hat sich nicht mehr viel getan. Wir Grüne kämpfen gegen jede Form von Rassismus und gruppenbezogener Menschenfeindlichkeit, setzen uns für eine wirkliche Gleichstellung von gleichgeschlechtlichen Lebenspartnerschaften ein, schlagen die Gläserne Decke für Frauen in dieser Gesellschaft ein und wollen Menschen nicht mehr vor die Entscheidung stellen, welchen Pass sie haben. In der Drogenpolitik wollen wir die Kriminalisierung von KonsumentInnen beenden und heute illegale Substanzen wie Cannabis, aus dem Schwarzmarkt herausholen. Nur so kann man wirksam Prävention und Jugendschutz betreiben, sinnvolle Maßnahmen zur Schadensminderung anbieten und Kriminalität effektiv bekämpfen. Wir verstehen Freiheit als solidarisch, partizipatorisch und emanzipatorisch, weil sie die Voraussetzungen für selbstbestimmte Entscheidungen für alle schafft. Deshalb setzen wir uns für eine Politik ein, die wirkliche Selbstbestimmung und ein Leben ohne unnötige Einschränkungen ermöglicht.</p>";i:40;s:965:"<p><br><strong>II.7. Eine freie Gesellschaft braucht Teilhabe und sozialen Zusammenhalt</strong><br>\r\nFreiheit ist für uns Grüne nicht nur die Abwesenheit von staatlicher Repression und unsinnigen Verboten. Wir wollen auch die Freiheit und Selbstbestimmung von Menschen ausweiten, indem wir ihnen gemäß unserem emanzipatorischen und partizipativen Freiheitsverständnis mehr Teilhabe an dieser Gesellschaft ermöglichen. Frei ist eine Gesellschaft nur dann, wenn sie allen ihren Mitgliedern gleiche Rechte und Chancen einräumt. Dabei geht es nicht um staatliche Gleichmacherei, sondern um eine Politik, die sich dem Gemeinwohl und dem sozialen Zusammenhalt verpflichtet fühlt.<br>\r\nDie Große Koalition traut sich an eine grundlegende Reform unserer Sozialsysteme nicht heran. Dabei wissen im Grunde alle, dass unser Rentensystem keinen effektiven Schutz vor Altersarmut bietet und unsere Sozialbürokratie sehr bürokratisch, aber nur bedingt sozial ist.</p>";i:41;s:743:"<p><br>\r\nWir Grüne kämpfen für eine Mindestabsicherung, die Freiheit ermöglicht und keine neuen Abhängigkeiten schafft. Mit unserer grünen Grundsicherung stellen wir uns gegen eine Sozialstaatsgängelung, in der Zahnbürsten gezählt werden. Statt auf Bestrafung und Gängelung setzen wir auf Motivation, Hilfe und Anerkennung. Im Kampf gegen die Altersarmut haben wir deshalb mit unserer Garantierente ein Konzept vorgelegt, das sicherstellt, dass auch Geringverdienende, Erwerbstätige in Teilzeit oder mit unterbrochenen Erwerbsbiografien als langjährig Versicherte der gesetzlichen Rentenversicherung im Alter nicht auf Leistungen der Grundsicherung angewiesen sind. Damit wird Altersarmut auch und gerade von Frauen verhindert.</p>";i:42;s:1021:"<p><br><strong>II.8 Freie Entfaltung und selbstbestimmte Entscheidungen für alle Familien</strong><br>\r\nIn unserem Land gibt es eine große Vielfalt familiären Zusammenlebens, die alle unsere Anerkennung erfahren: Sie alle haben ein Recht darauf frei und selbstbestimmt ihren Alltag zu leben. Dafür müssen allerdings endlich die Voraussetzung geschaffen werden: ob über die notwendige Reform des Ehegattensplittings, über ausreichende Kita-Plätze, eine funktionierende Betreuungs- und Schulinfrastruktur, die Möglichkeit von Teilzeitstellen, das Rückkehrrecht auf Vollzeit oder die Absicherung von Phasen der Fürsorge. Hier sind sowohl Staat als auch Wirtschaft und Gesellschaft gefragt, emanzipatorische und partizipative Freiheit zu ermöglichen. Wenn zwei Drittel aller Eltern Erwerbs- und Familienarbeit partnerschaftlich aufteilen wollen, dies aber nur in sechs Prozent der Fälle im Alltag gelingt, ist das eine erschreckende Diskrepanz – und ein Auftrag an unsere Politik, den wir beherzt annehmen.</p>";i:43;s:474:"<p><br>\r\nGute Bildung ist der Grundpfeiler einer offenen Gesellschaft. Deshalb brauchen wir ein Bildungs- und Wissenschaftssystem, das den Menschen ermöglicht bewusste und verantwortungsvolle Entscheidungen zu treffen. Eine pluralistische und lebendige Demokratie lebt vom Mitmachen der BürgerInnengesellschaft. Deshalb muss unsere Demokratie genügend Freiräume und vielfältige Bildungsmöglichkeiten bieten, damit neue Ideen entwickelt und getestet werden können.</p>";i:44;s:664:"<p><br>\r\nDie Große Koalition gefährdet die Entscheidungsfreiheit von Familien. Besonders die Union hält an einem Familienbild aus dem letzten Jahrhundert fest und ignoriert die Realität mit ihren vielfältigen Familienformen und vielseitigen Anforderungen. Letztendlich leiden darunter die Kinder. Wirksame Maßnahmen gegen die geringeren Gehälter von Frauen bleibt sie schuldig. In der Bildungspolitik macht sie Tippelschritte. Zu einem wirklichen Ende des Kooperationsverbots kann sie sich nicht durchringen, obwohl damit endlich große gesamtstaatliche Aufgaben gemeinsam angepackt und die Fundamente der Bildungsfinanzierung gestärkt werden könnten.</p>";i:45;s:1118:"<p>Wir Grüne fordern Kinder in den Mittelpunkt der Familienpolitik zu stellen. Das bedarf der Anerkennung und Gleichbehandlung aller Familienmodelle und flexibler Arbeitsmodelle, die auf die Bedürfnisse der Menschen eingehen. Dazu braucht es eine Betreuungs- und Bildungsinfrastruktur, die es Eltern ermöglicht, Beruf und Familie partnerschaftlich zu vereinbaren. Bei der Infrastruktur dürfen wir die Qualität der Einrichtungen nicht vernachlässigen. Niemandem ist geholfen, wenn die Kinder entweder keinen Platz in einer Einrichtung finden oder in zu großen Gruppen zu wenige Anregungen erfahren. Kitas, Schulen und Hochschulen brauchen eine angemessene Ausstattung. Nur so kann sie zu einem selbstbestimmten Leben führen. Wir sehen es als wichtige staatliche Aufgabe, alle Menschen in die Lage zu versetzen, an der Willensbildung in diesem Land teilzunehmen und ihr persönliches Schicksal bewusst beeinflussen zu können. Diese persönliche Freiheit und Selbstbestimmung ist das Ziel grüner Politik. Und diese Debatte werden wir im kommenden Jahr mit unserem Schwerpunkt Zeitpolitik fortsetzen.<br>\r\n </p>";i:46;s:9:"<p> </p>";}}', NULL),
  (112, 22, '<p>d</p>', 'a:1:{s:17:"getTextParagraphs";a:1:{i:0;s:8:"<p>d</p>";}}', NULL);

--
-- Dumping data for table `motionSupporter`
--

INSERT INTO `motionSupporter` (`id`, `motionId`, `position`, `userId`, `role`, `comment`, `personType`, `name`, `organization`, `resolutionDate`, `contactEmail`, `contactPhone`)
VALUES
  (2, 2, 0, 2, 'initiates', NULL, 0, 'Testuser', '', NULL, 'tobias@hoessl.eu', NULL),
  (4, 4, 0, 2, 'initiates', NULL, 0, 'Tobias Hößl', '', NULL, 'tobias@hoessl.eu', '015156024223'),
  (5, 5, 0, NULL, 'initiates', NULL, 1, 'Bundesvorstand', NULL, NULL, NULL, NULL),
  (6, 7, 0, NULL, 'initiates', NULL, 1, 'Bundesvorstand', '', '2015-03-23', NULL, NULL),
  (7, 8, 0, NULL, 'initiates', NULL, 1, 'Bundesvorstand', '', '2015-03-09', NULL, NULL),
  (8, 9, 0, NULL, 'initiates', NULL, 1, 'Bundesvorstand', '', '2015-03-09', NULL, NULL),
  (9, 10, 0, NULL, 'initiates', NULL, 1, 'Bundesvorstand', '', '2015-03-23', NULL, NULL),
  (10, 11, 0, NULL, 'initiates', NULL, 1, 'Bundesvorstand', NULL, NULL, NULL, NULL),
  (11, 12, 0, NULL, 'initiates', NULL, 1, 'Bundesvorstand', NULL, NULL, NULL, NULL),
  (12, 13, 0, NULL, 'initiates', NULL, 1, 'Bundesvorstand', '', '2015-03-23', NULL, NULL),
  (13, 14, 0, NULL, 'initiates', NULL, 1, 'Bundesvorstand', '', '2015-03-23', NULL, NULL),
  (14, 15, 0, NULL, 'initiates', NULL, 1, 'Bundesvorstand', '', '2015-03-23', NULL, NULL),
  (15, 15, 1, NULL, 'likes', NULL, 0, 'KostMich', '', NULL, NULL, NULL),
  (16, 16, 0, NULL, 'initiates', NULL, 1, 'Bundesvorstand', '', '2015-03-23', NULL, NULL),
  (17, 17, 0, NULL, 'initiates', NULL, 1, 'Bundesvorstand', '', '2015-03-23', NULL, NULL),
  (18, 18, 0, NULL, 'initiates', NULL, 1, 'Bundesvorstand', '', '2015-03-23', NULL, NULL),
  (19, 19, 0, NULL, 'initiates', NULL, 1, 'Bundesvorstand', '', '2015-03-23', NULL, NULL),
  (20, 19, 0, NULL, 'likes', NULL, 0, 'KostMich', '', NULL, NULL, NULL),
  (21, 20, 0, NULL, 'initiates', NULL, 1, 'Bundesvorstand', '', '2015-03-23', NULL, NULL),
  (22, 20, 0, NULL, 'likes', NULL, 0, 'KostMich', '', NULL, NULL, NULL),
  (23, 21, 0, NULL, 'initiates', NULL, 1, 'Bundesvorstand', '', '2015-03-23', NULL, NULL),
  (24, 21, 0, NULL, 'likes', NULL, 0, 'KostMich', '', NULL, NULL, NULL),
  (25, 22, 0, NULL, 'initiates', NULL, 1, 'Test', '', '2015-03-23', NULL, NULL),
  (26, 23, 0, NULL, 'initiates', NULL, 1, 'Bundesvorstand', '', '2015-03-23', NULL, NULL),
  (27, 24, 0, NULL, 'initiates', NULL, 1, 'Bundesvorstand', '', '2015-03-23', NULL, NULL),
  (28, 25, 0, NULL, 'initiates', NULL, 1, 'Bundesvorstand', '', '2015-03-23', NULL, NULL),
  (29, 26, 0, NULL, 'initiates', NULL, 1, 'Bundesvorstand', '', '2015-03-23', NULL, NULL),
  (30, 27, 0, NULL, 'initiates', NULL, 1, 'Bundesvorstand', '', '2015-03-23', NULL, NULL),
  (31, 28, 0, NULL, 'initiates', NULL, 1, 'Bundesvorstand', '', '2015-03-23', NULL, NULL),
  (32, 29, 0, NULL, 'initiates', NULL, 1, 'Bundesvorstand', '', '2015-03-23', NULL, NULL),
  (33, 30, 0, NULL, 'initiates', NULL, 1, 'Bundesvorstand', '', '2015-03-23', NULL, NULL),
  (34, 31, 1, NULL, 'initiates', NULL, 0, 'Tobias Hößl', '', NULL, NULL, NULL),
  (35, 31, 0, NULL, 'supports', NULL, 0, 'Name 1', 'KV 23', NULL, NULL, NULL),
  (36, 31, 2, NULL, 'supports', NULL, 0, 'Name 2', 'KV 42', NULL, NULL, NULL),
  (37, 32, 0, NULL, 'initiates', NULL, 1, 'Tobias Hößl', '', '2015-01-01', NULL, NULL),
  (38, 33, 0, NULL, 'initiates', NULL, 1, 'Tobias Hößl', '', '2015-01-01', NULL, NULL),
  (39, 34, 0, NULL, 'initiates', NULL, 1, 'Test', '', '2015-02-23', NULL, NULL),
  (40, 35, 0, NULL, 'initiates', NULL, 1, 'Bundesvorstand', '', '2015-03-23', NULL, NULL),
  (41, 36, 0, NULL, 'initiates', NULL, 1, 'Bundesvorstand (Beschluss vom 13.04.2015)', NULL, NULL, NULL, NULL),
  (42, 37, 0, NULL, 'initiates', NULL, 1, 'Test', '', '2015-04-13', NULL, NULL),
  (43, 38, 0, NULL, 'initiates', NULL, 1, 'Bundesvorstand (Beschluss vom 13.04.2015)', NULL, NULL, NULL, NULL),
  (44, 39, 0, NULL, 'initiates', NULL, 1, 'Tobias Hößl', '', '2015-01-01', NULL, NULL),
  (45, 40, 0, NULL, 'initiates', NULL, 1, 'Test', '', '2015-04-15', NULL, NULL),
  (46, 41, 0, NULL, 'initiates', NULL, 1, 'Bundesvorstand', '', '2015-04-15', NULL, NULL),
  (47, 42, 0, NULL, 'initiates', NULL, 1, 'BAG Nord/Süd', '', '2015-04-15', NULL, NULL),
  (48, 44, 0, NULL, 'initiates', NULL, 1, 'GRÜNE JUGEND Bundesvorstand', '', '2015-04-14', NULL, NULL),
  (49, 45, 0, NULL, 'initiates', NULL, 1, 'Landesvorstand Bayern', '', '2015-04-13', NULL, NULL),
  (50, 46, 0, NULL, 'initiates', NULL, 1, 'Bundesvorstand', '', '2015-04-15', NULL, NULL),
  (51, 47, 0, NULL, 'initiates', NULL, 1, 'BAG Nord/Süd', '', '2015-04-15', NULL, NULL),
  (52, 47, 0, NULL, 'likes', NULL, 0, 'KostMich', '', NULL, NULL, NULL),
  (53, 48, 0, NULL, 'initiates', NULL, 0, 'Omid Nouripour', NULL, NULL, NULL, NULL),
  (54, 48, 1, NULL, 'supports', NULL, 0, 'Felix Deist', NULL, NULL, NULL, NULL),
  (55, 48, 2, NULL, 'supports', NULL, 0, 'Tarek Al-Wazir', NULL, NULL, NULL, NULL),
  (56, 49, 1, NULL, 'supports', NULL, 0, 'Sven Lehmann', 'LV NRW', NULL, NULL, NULL),
  (57, 49, 2, NULL, 'supports', NULL, 0, 'Erik Marquardt', 'Grüne Jugend', NULL, NULL, NULL),
  (58, 49, 0, NULL, 'initiates', NULL, 0, 'Rasmus Andresen', 'KV Flensburg', NULL, NULL, NULL),
  (59, 52, 0, NULL, 'initiates', NULL, 0, 'Tobias Hößl', 'KV München', NULL, NULL, NULL),
  (60, 53, 0, NULL, 'supports', NULL, 0, 'Katrin Göring-Eckardt', 'KV Gotha', NULL, NULL, NULL),
  (61, 53, 2, NULL, 'supports', NULL, 0, 'Michael Kellner', 'KV Pankow', NULL, NULL, NULL),
  (62, 53, 1, NULL, 'initiates', NULL, 0, 'Malte Spitz (KV Münster)', '', NULL, NULL, NULL),
  (63, 54, 0, NULL, 'initiates', NULL, 0, 'Omid Nouripour ', '(LV Hessen)', NULL, NULL, NULL),
  (64, 54, 1, NULL, 'supports', NULL, 0, 'Tarek Al-Wazir', 'LV Hessen', NULL, NULL, NULL),
  (65, 54, 2, NULL, 'supports', NULL, 0, 'Felix Deist', 'BAG SprecherInnen', NULL, NULL, NULL),
  (66, 55, 0, NULL, 'initiates', NULL, 0, 'Omid Nouripour ', '(LV Hessen)', NULL, NULL, NULL),
  (67, 55, 1, NULL, 'supports', NULL, 0, 'Tarek Al-Wazir', 'Parteirat', NULL, NULL, NULL),
  (68, 55, 2, NULL, 'supports', NULL, 0, 'Felix Deist', 'BAG-SprecherInnen-Rat', NULL, NULL, NULL),
  (69, 56, 0, NULL, 'initiates', NULL, 0, 'Katrin Göring-Eckardt', 'LV Thüringen', NULL, NULL, NULL),
  (70, 56, 1, NULL, 'supports', NULL, 0, 'Simone Peter', 'LV Saarland', NULL, NULL, NULL),
  (71, 56, 2, NULL, 'supports', NULL, 0, 'Toni Hofreiter', 'LV Bayern', NULL, NULL, NULL),
  (72, 57, 1, NULL, 'initiates', NULL, 0, 'Katrin Göring-Eckardt', 'LV Thüringen', NULL, NULL, NULL),
  (73, 57, 2, NULL, 'supports', NULL, 0, 'Simone Peter', 'LV Saarland', NULL, NULL, NULL),
  (74, 57, 3, NULL, 'supports', NULL, 0, 'Toni Hofreiter', 'LV Bayern', NULL, NULL, NULL),
  (75, 58, 0, 2, 'initiates', NULL, 0, 'Testuser', '', NULL, 'testuser@example.org', ''),
  (76, 59, 0, NULL, 'initiates', NULL, 1, 'Bundesvorstand', NULL, NULL, NULL, NULL),
  (77, 61, 0, NULL, 'initiates', NULL, 1, 'Bundesvorstand', '', '2015-03-23', NULL, NULL),
  (78, 62, 0, NULL, 'initiates', NULL, 1, 'Bundesvorstand', '', '2015-03-09', NULL, NULL),
  (79, 63, 0, NULL, 'initiates', NULL, 1, 'Bundesvorstand', '', '2015-03-09', NULL, NULL),
  (80, 64, 0, NULL, 'initiates', NULL, 1, 'Bundesvorstand', '', '2015-03-23', NULL, NULL),
  (81, 65, 0, NULL, 'initiates', NULL, 1, 'Bundesvorstand', NULL, NULL, NULL, NULL),
  (82, 66, 0, NULL, 'initiates', NULL, 1, 'Bundesvorstand', NULL, NULL, NULL, NULL),
  (83, 67, 0, NULL, 'initiates', NULL, 1, 'Bundesvorstand', '', '2015-03-23', NULL, NULL),
  (84, 68, 0, NULL, 'initiates', NULL, 1, 'Bundesvorstand', '', '2015-03-23', NULL, NULL),
  (85, 69, 0, NULL, 'initiates', NULL, 1, 'Bundesvorstand', '', '2015-03-23', NULL, NULL),
  (86, 69, 1, NULL, 'likes', NULL, 0, 'KostMich', '', NULL, NULL, NULL),
  (87, 70, 0, NULL, 'initiates', NULL, 1, 'Bundesvorstand', '', '2015-03-23', NULL, NULL),
  (88, 71, 0, NULL, 'initiates', NULL, 1, 'Bundesvorstand', '', '2015-03-23', NULL, NULL),
  (89, 72, 0, NULL, 'initiates', NULL, 1, 'Bundesvorstand', '', '2015-03-23', NULL, NULL),
  (90, 73, 0, NULL, 'initiates', NULL, 1, 'Bundesvorstand', '', '2015-03-23', NULL, NULL),
  (91, 73, 0, NULL, 'likes', NULL, 0, 'KostMich', '', NULL, NULL, NULL),
  (92, 74, 0, NULL, 'initiates', NULL, 1, 'Bundesvorstand', '', '2015-03-23', NULL, NULL),
  (93, 74, 0, NULL, 'likes', NULL, 0, 'KostMich', '', NULL, NULL, NULL),
  (94, 75, 0, NULL, 'initiates', NULL, 1, 'Bundesvorstand', '', '2015-03-23', NULL, NULL),
  (95, 75, 0, NULL, 'likes', NULL, 0, 'KostMich', '', NULL, NULL, NULL),
  (96, 76, 0, NULL, 'initiates', NULL, 1, 'Test', '', '2015-03-23', NULL, NULL),
  (97, 77, 0, NULL, 'initiates', NULL, 1, 'Bundesvorstand', '', '2015-03-23', NULL, NULL),
  (98, 78, 0, NULL, 'initiates', NULL, 1, 'Bundesvorstand', '', '2015-03-23', NULL, NULL),
  (99, 79, 0, NULL, 'initiates', NULL, 1, 'Bundesvorstand', '', '2015-03-23', NULL, NULL),
  (100, 80, 0, NULL, 'initiates', NULL, 1, 'Bundesvorstand', '', '2015-03-23', NULL, NULL),
  (101, 81, 0, NULL, 'initiates', NULL, 1, 'Bundesvorstand', '', '2015-03-23', NULL, NULL),
  (102, 82, 0, NULL, 'initiates', NULL, 1, 'Bundesvorstand', '', '2015-03-23', NULL, NULL),
  (103, 83, 0, NULL, 'initiates', NULL, 1, 'Bundesvorstand', '', '2015-03-23', NULL, NULL),
  (104, 84, 0, NULL, 'initiates', NULL, 1, 'Bundesvorstand', '', '2015-03-23', NULL, NULL),
  (105, 85, 1, NULL, 'initiates', NULL, 0, 'Tobias Hößl', '', NULL, NULL, NULL),
  (106, 85, 0, NULL, 'supports', NULL, 0, 'Name 1', 'KV 23', NULL, NULL, NULL),
  (107, 85, 2, NULL, 'supports', NULL, 0, 'Name 2', 'KV 42', NULL, NULL, NULL),
  (108, 86, 0, NULL, 'initiates', NULL, 1, 'Tobias Hößl', '', '2015-01-01', NULL, NULL),
  (109, 87, 0, NULL, 'initiates', NULL, 1, 'Tobias Hößl', '', '2015-01-01', NULL, NULL),
  (110, 88, 0, NULL, 'initiates', NULL, 1, 'Test', '', '2015-02-23', NULL, NULL),
  (111, 89, 0, NULL, 'initiates', NULL, 1, 'Bundesvorstand', '', '2015-03-23', NULL, NULL),
  (112, 90, 0, NULL, 'initiates', NULL, 1, 'Bundesvorstand (Beschluss vom 13.04.2015)', NULL, NULL, NULL, NULL),
  (113, 91, 0, NULL, 'initiates', NULL, 1, 'Test', '', '2015-04-13', NULL, NULL),
  (114, 92, 0, NULL, 'initiates', NULL, 1, 'Bundesvorstand (Beschluss vom 13.04.2015)', NULL, NULL, NULL, NULL),
  (115, 93, 0, NULL, 'initiates', NULL, 1, 'Tobias Hößl', '', '2015-01-01', NULL, NULL),
  (116, 94, 0, NULL, 'initiates', NULL, 1, 'Test', '', '2015-04-15', NULL, NULL),
  (117, 95, 0, NULL, 'initiates', NULL, 1, 'Bundesvorstand', '', '2015-04-15', NULL, NULL),
  (118, 96, 0, NULL, 'initiates', NULL, 1, 'BAG Nord/Süd', '', '2015-04-15', NULL, NULL),
  (119, 98, 0, NULL, 'initiates', NULL, 1, 'GRÜNE JUGEND Bundesvorstand', '', '2015-04-14', NULL, NULL),
  (120, 99, 0, NULL, 'initiates', NULL, 1, 'Landesvorstand Bayern', '', '2015-04-13', NULL, NULL),
  (121, 100, 0, NULL, 'initiates', NULL, 1, 'Bundesvorstand', '', '2015-04-15', NULL, NULL),
  (122, 101, 0, NULL, 'initiates', NULL, 1, 'BAG Nord/Süd', '', '2015-04-15', NULL, NULL),
  (123, 101, 0, NULL, 'likes', NULL, 0, 'KostMich', '', NULL, NULL, NULL),
  (124, 102, 0, NULL, 'initiates', NULL, 0, 'Omid Nouripour', NULL, NULL, NULL, NULL),
  (125, 102, 1, NULL, 'supports', NULL, 0, 'Felix Deist', NULL, NULL, NULL, NULL),
  (126, 102, 2, NULL, 'supports', NULL, 0, 'Tarek Al-Wazir', NULL, NULL, NULL, NULL),
  (127, 103, 1, NULL, 'supports', NULL, 0, 'Sven Lehmann', 'LV NRW', NULL, NULL, NULL),
  (128, 103, 2, NULL, 'supports', NULL, 0, 'Erik Marquardt', 'Grüne Jugend', NULL, NULL, NULL),
  (129, 103, 0, NULL, 'initiates', NULL, 0, 'Rasmus Andresen', 'KV Flensburg', NULL, NULL, NULL),
  (130, 106, 0, NULL, 'initiates', NULL, 0, 'Tobias Hößl', 'KV München', NULL, NULL, NULL),
  (131, 107, 0, NULL, 'supports', NULL, 0, 'Katrin Göring-Eckardt', 'KV Gotha', NULL, NULL, NULL),
  (132, 107, 2, NULL, 'supports', NULL, 0, 'Michael Kellner', 'KV Pankow', NULL, NULL, NULL),
  (133, 107, 1, NULL, 'initiates', NULL, 0, 'Malte Spitz (KV Münster)', '', NULL, NULL, NULL),
  (134, 108, 0, NULL, 'initiates', NULL, 0, 'Omid Nouripour ', '(LV Hessen)', NULL, NULL, NULL),
  (135, 108, 1, NULL, 'supports', NULL, 0, 'Tarek Al-Wazir', 'LV Hessen', NULL, NULL, NULL),
  (136, 108, 2, NULL, 'supports', NULL, 0, 'Felix Deist', 'BAG SprecherInnen', NULL, NULL, NULL),
  (137, 109, 0, NULL, 'initiates', NULL, 0, 'Omid Nouripour ', '(LV Hessen)', NULL, NULL, NULL),
  (138, 109, 1, NULL, 'supports', NULL, 0, 'Tarek Al-Wazir', 'Parteirat', NULL, NULL, NULL),
  (139, 109, 2, NULL, 'supports', NULL, 0, 'Felix Deist', 'BAG-SprecherInnen-Rat', NULL, NULL, NULL),
  (140, 110, 0, NULL, 'initiates', NULL, 0, 'Katrin Göring-Eckardt', 'LV Thüringen', NULL, NULL, NULL),
  (141, 110, 1, NULL, 'supports', NULL, 0, 'Simone Peter', 'LV Saarland', NULL, NULL, NULL),
  (142, 110, 2, NULL, 'supports', NULL, 0, 'Toni Hofreiter', 'LV Bayern', NULL, NULL, NULL),
  (143, 111, 1, NULL, 'initiates', NULL, 0, 'Katrin Göring-Eckardt', 'LV Thüringen', NULL, NULL, NULL),
  (144, 111, 2, NULL, 'supports', NULL, 0, 'Simone Peter', 'LV Saarland', NULL, NULL, NULL),
  (145, 111, 3, NULL, 'supports', NULL, 0, 'Toni Hofreiter', 'LV Bayern', NULL, NULL, NULL),
  (146, 3, 0, 1, 'initiates', NULL, 0, 'Testadmin', '', NULL, 'testadmin@example.org', ''),
  (147, 112, 0, NULL, 'initiates', NULL, 1, 'Bundesvorstand', '', '2015-07-18', 'tobias@hoessl.eu', '');

--
-- Dumping data for table `motionTag`
--

INSERT INTO `motionTag` (`motionId`, `tagId`) VALUES
  (3, 1),
  (8, 3),
  (10, 4),
  (11, 5),
  (14, 3),
  (15, 8),
  (17, 6),
  (18, 6),
  (19, 6),
  (20, 6),
  (21, 6),
  (23, 6),
  (24, 6),
  (25, 6),
  (26, 6),
  (27, 6),
  (28, 6),
  (29, 6),
  (30, 6),
  (34, 5),
  (35, 8),
  (36, 9),
  (37, 5),
  (38, 5),
  (39, 8),
  (40, 7),
  (41, 7),
  (42, 7),
  (43, 7),
  (44, 7),
  (45, 7),
  (46, 7),
  (47, 7),
  (48, 7),
  (49, 7),
  (52, 3),
  (53, 7),
  (54, 7),
  (55, 7),
  (56, 7),
  (57, 7),
  (58, 2);

--
-- Dumping data for table `site`
--

INSERT INTO `site` (`id`, `subdomain`, `title`, `titleShort`, `settings`, `currentConsultationId`, `public`, `contact`) VALUES
  (1, 'stdparteitag', 'Test2', 'Test2', NULL, 1, 1, 'Test2'),
  (2, 'vorstandswahlen', 'Vorstandswahlen', 'Vorstandswahlen', '{"willingToPay":"1"}', 2, 1, 'Vorstandswahlen'),
  (3, 'parteitag', 'Parteitag', 'Parteitag', '{"willingToPay":"1"}', 3, 1, 'Parteitag'),
  (4, 'bdk', 'BDK', 'BDK', '{"siteLayout":"layout-gruenes-ci","willingToPay":"2"}', 4, 1, 'BDK'),
  (5, '1laenderrat2015', 'Länderrat', 'Länderrat', '{"siteLayout":"layout-gruenes-ci","showAntragsgruenAd":true,"willingToPay":"2"}', 5, 1, 'Länderrat'),
  (6, 'laenderrat-to', 'Länderrat TO', 'Länderrat TO', '{"siteLayout":"layout-gruenes-ci","showAntragsgruenAd":true,"loginMethods":[0,1,3],"forceLogin":false,"willingToPay":"2"}',
   6, 1, 'Länderrat TO');

--
-- Dumping data for table `siteAdmin`
--

INSERT INTO `siteAdmin` (`siteId`, `userId`) VALUES
  (1, 1),
  (2, 1),
  (3, 1),
  (4, 1),
  (5, 1),
  (6, 1);

--
-- Dumping data for table `user`
--

INSERT INTO `user` (`id`, `name`, `email`, `emailConfirmed`, `auth`, `dateCreation`, `status`, `pwdEnc`, `authKey`, `recoveryToken`, `recoveryAt`) VALUES
  (1, 'Testadmin', 'testadmin@example.org', 1, 'email:testadmin@example.org', '2015-03-20 10:04:44', 0, '$2y$10$tDnD91WMHaiWOgVvdZaxOeoxYGXYIvotpKAzbIY26jUNHf6awCKfK',
   0x66353232373335386331326436636434383930306430376638343666316363373538623562396438000000000000000000000000000000000000000000000000000000000000000000000000000000000000000000000000000000000000000000000000,
   NULL, NULL),
  (2, 'Testuser', 'testuser@example.org', 1, 'email:testuser@example.org', '2015-03-20 10:08:14', 0, '$2y$10$0AYIGO6ltNMnHbNVzFKEouLDFeUnDwWqEvXp1zvjpFLLupJOMZoHC',
   0x33663062343836336632393839643866383961396162386532626133336232363465373065663361000000000000000000000000000000000000000000000000000000000000000000000000000000000000000000000000000000000000000000000000,
   NULL, NULL),
  (3, 'Global Admin', 'globaladmin@example.org', 1, 'email:globaladmin@example.org', '2015-03-20 10:04:44', 0, '$2y$10$tDnD91WMHaiWOgVvdZaxOeoxYGXYIvotpKAzbIY26jUNHf6awCKfK',
   0x66353232373335386331326436636434383930306430376638343666316363373538623562396438000000000000000000000000000000000000000000000000000000000000000000000000000000000000000000000000000000000000000000000000,
   NULL, NULL);


SET SQL_MODE = @OLD_SQL_MODE;
SET FOREIGN_KEY_CHECKS = @OLD_FOREIGN_KEY_CHECKS;
SET UNIQUE_CHECKS = @OLD_UNIQUE_CHECKS;
