SET @OLD_UNIQUE_CHECKS = @@UNIQUE_CHECKS, UNIQUE_CHECKS = 0;
SET @OLD_FOREIGN_KEY_CHECKS = @@FOREIGN_KEY_CHECKS, FOREIGN_KEY_CHECKS = 0;
SET @OLD_SQL_MODE = @@SQL_MODE, SQL_MODE = 'TRADITIONAL,ALLOW_INVALID_DATES';


--
-- Dumping data for table `amendment`
--

INSERT INTO `amendment` (`id`, `motionId`, `titlePrefix`, `changeMetatext`, `changeText`, `changeExplanation`, `changeExplanationHtml`, `cache`, `dateCreation`, `dateResolution`, `status`, `statusString`, `noteInternal`, `textFixed`)
VALUES
  (1, 2, 'Ä1', '', '',
   '<p>Auf gehds beim Schichtl pfiad de Charivari Wurschtsolod Gamsbart, Kneedl gwiss. Wos dringma aweng unbandig gfreit mi imma Habedehre, sei Sauwedda dringma aweng Maßkruag Schuabladdla! Do legst di nieda hob i an Suri wia Haferl Graudwiggal Klampfn Biakriagal i bin a woschechta Bayer ebba.</p>\n',
   0, '', '2015-05-22 11:46:34', NULL, 3, '', NULL, 0),
  (2, 3, 'Ä1', '', '', '<p>Um das ganze mal zu testen.</p>\n<p>Links<a href="https://www.antragsgruen.de">https://www.antragsgruen.de</a></p>\n', 0, '', '2015-07-05 14:14:41', NULL, 3, '', NULL, 0),
  (3, 2, 'Ä2', '', '', '<p>Diff-Test</p>\n', 0, '', '2015-07-06 17:49:25', NULL, 3, '', NULL, 0),
  (4, 5, 'F-01-004', '', '', '', 0, '', '2015-03-12 10:43:00', NULL, -2, '', '', 0),
  (5, 10, NULL, '', '', '', 0, '', '2015-03-21 08:58:52', NULL, -2, '', NULL, 0),
  (6, 10, NULL, '', '', '', 0, '', '2015-04-09 22:17:00', NULL, -2, '', '', 0),
  (7, 10, NULL, '', '', '', 0, '', '2015-04-09 22:17:47', NULL, -2, '', NULL, 0),
  (8, 10, NULL, '', '', '', 0, '', '2015-04-10 23:12:55', NULL, -2, '', NULL, 0),
  (9, 10, NULL, '', '', '', 0, '', '2015-04-10 23:13:15', NULL, -2, '', NULL, 0),
  (10, 10, 'Z-01-115-1', '', '', '', 0, '', '2015-04-20 23:26:00', NULL, 3, '', '', 0),
  (11, 10, NULL, '', '', '', 0, '', '2015-04-20 23:29:00', NULL, -2, '', '', 0),
  (12, 10, NULL, '', '', '', 0, '', '2015-04-20 23:32:00', NULL, -2, '', '', 0),
  (13, 10, 'Z-01-119-1', '', '', '', 0, '', '2015-04-20 23:39:00', NULL, 3, '', '', 0),
  (14, 10, 'Z-01-033-1', '', '', '', 0, '', '2015-04-22 06:19:44', NULL, 3, '', NULL, 0),
  (15, 10, 'Z-01-274-1', '', '', '', 0, '', '2015-04-22 06:20:00', NULL, 3, '', '', 0),
  (16, 10, 'Z-01-040-1', '', '', '', 0, '', '2015-04-22 06:22:00', NULL, 3, '', '', 0),
  (17, 10, 'Z-01-274-1', '', '', '', 0, '', '2015-04-22 06:23:31', NULL, -2, '', NULL, 0),
  (18, 10, 'Z-01-262-1', '', '', '', 0, '', '2015-04-22 06:25:48', NULL, 3, '', NULL, 0),
  (19, 10, 'Z-01-041-1', '', '', '', 0, '', '2015-04-22 06:26:26', NULL, 3, '', NULL, 0),
  (20, 10, 'Z-01-255-1', '', '', '', 0, '', '2015-04-22 06:29:00', NULL, -2, '', '', 0),
  (21, 10, NULL, '', '', '', 0, '', '2015-04-22 06:30:20', NULL, -2, '', NULL, 0),
  (22, 10, 'Z-01-233-1', '', '', '', 0, '', '2015-04-22 06:31:45', NULL, 3, '', NULL, 0),
  (23, 10, 'Z-01-076-1', '', '', '', 0, '', '2015-04-22 06:33:33', NULL, 3, '', NULL, 0),
  (24, 10, 'Z-01-097-1', '', '', '', 0, '', '2015-04-22 06:35:47', NULL, 3, '', NULL, 0),
  (25, 10, 'Z-01-146-1', '', '', '', 0, '', '2015-04-22 06:37:42', NULL, 3, '', NULL, 0),
  (26, 10, 'Z-01-255-1', '', '', '', 0, '', '2015-04-22 06:39:00', NULL, 3, '', '', 0),
  (27, 10, 'Z-01-159-1', '', '', '', 0, '', '2015-04-22 06:39:42', NULL, 3, '', NULL, 0),
  (28, 10, 'Z-01-015-1', '', '', '', 0, '', '2015-04-22 06:39:49', NULL, 3, '', NULL, 0),
  (29, 10, 'Z-01-097-2', '', '', '', 0, '', '2015-04-22 06:42:49', NULL, 3, '', NULL, 0),
  (30, 10, 'Z-01-171-1', '', '', '', 0, '', '2015-04-22 06:45:00', NULL, -2, '', '', 0),
  (31, 10, 'Z-01-171-1', '', '', '', 0, '', '2015-04-22 06:47:15', NULL, 3, '', NULL, 0),
  (32, 10, 'Z-01-180-1', '', '', '', 0, '', '2015-04-22 06:49:49', NULL, 3, '', NULL, 0),
  (33, 10, 'Z-01-194-1', '', '', '', 0, '', '2015-04-22 06:51:58', NULL, 3, '', NULL, 0),
  (34, 10, 'Z-01-194-2', '', '', '', 0, '', '2015-04-22 11:54:05', NULL, 3, '', NULL, 0),
  (35, 10, 'Z-01-009-1', '', '', '', 0, '', '2015-04-22 12:11:00', NULL, 3, '', '', 0),
  (36, 10, NULL, '', '', '', 0, '', '2015-04-22 12:13:07', NULL, -2, '', NULL, 0),
  (37, 10, 'Z-01-016-1', '', '', '', 0, '', '2015-04-22 12:15:58', NULL, 3, '', NULL, 0),
  (38, 10, 'Z-01-023-1', '', '', '', 0, '', '2015-04-22 12:17:57', NULL, 3, '', NULL, 0),
  (39, 10, 'Z-01-041-2', '', '', '', 0, '', '2015-04-22 12:19:26', NULL, 3, '', NULL, 0),
  (40, 10, 'Z-01-064-1', '', '', '', 0, '', '2015-04-22 12:20:56', NULL, 3, '', NULL, 0),
  (41, 10, 'Z-01-069-1', '', '', '', 0, '', '2015-04-22 12:22:58', NULL, 3, '', NULL, 0),
  (42, 10, 'Z-01-252-1', '', '', '', 0, '', '2015-04-22 12:25:43', NULL, 3, '', NULL, 0),
  (43, 10, 'Z-01-110-1', '', '', '', 0, '', '2015-04-22 12:29:19', NULL, 3, '', NULL, 0),
  (44, 10, 'Z-01-121-1', '', '', '', 0, '', '2015-04-22 12:30:30', NULL, 3, '', NULL, 0),
  (45, 10, 'Z-01-134-1', '', '', '', 0, '', '2015-04-22 12:32:29', NULL, 3, '', NULL, 0),
  (46, 10, 'Z-01-201-1', '', '', '', 0, '', '2015-04-22 12:35:30', NULL, 3, '', NULL, 0),
  (47, 10, 'Z-01-208-1', '', '', '', 0, '', '2015-04-22 12:58:00', NULL, 3, '', '', 0),
  (48, 10, 'Z-01-214-1', '', '', '', 0, '', '2015-04-22 13:02:00', NULL, 3, '', '', 0),
  (49, 10, 'Z-01-224-1', '', '', '', 0, '', '2015-04-22 13:06:00', NULL, 3, '', '', 0),
  (50, 10, 'Z-01-274-2', '', '', '', 0, '', '2015-04-22 13:07:00', NULL, 3, '', '', 0),
  (51, 10, 'Z-01-252-2', '', '', '', 0, '', '2015-04-22 13:26:00', NULL, 3, '', '', 0),
  (52, 10, 'Z-01-087-1', '', '', '', 0, '', '2015-04-22 13:32:00', NULL, 3, '', '', 0),
  (53, 10, 'Z-01-148-1', '', '', '', 0, '', '2015-04-22 13:37:00', NULL, 3, '', '', 0),
  (54, 10, 'Z-01-208-2', '', '', '', 0, '', '2015-04-22 13:46:00', NULL, 3, '', '', 0),
  (55, 10, 'Z-01-131-1', '', '', '', 0, '', '2015-04-22 21:56:00', NULL, 3, '', '', 0),
  (56, 10, 'Z-01-136-1', '', '', '', 0, '', '2015-04-22 22:01:00', NULL, 3, '', '', 0),
  (57, 10, NULL, '', '', '', 0, '', '2015-05-06 22:33:27', NULL, -2, '', NULL, 0),
  (58, 10, NULL, '', '', '', 0, '', '2015-07-09 05:57:00', NULL, 2, '', '', 0),
  (59, 38, 'W-01-128-1', '', '', '', 0, '', '2015-04-22 06:14:30', NULL, 3, '', NULL, 0),
  (60, 38, 'W-01-428-1', '', '', '', 0, '', '2015-04-22 06:19:12', NULL, 3, '', NULL, 0),
  (61, 38, 'W-01-443-1', '', '', '', 0, '', '2015-04-22 06:22:10', NULL, 3, '', NULL, 0),
  (62, 38, 'W-01-224-1', '', '', '', 0, '', '2015-04-22 06:30:59', NULL, -2, '', NULL, 0),
  (63, 38, 'W-01-302-1', '', '', '', 0, '', '2015-04-22 06:33:26', NULL, 3, '', NULL, 0),
  (64, 38, 'W-01-312-1', '', '', '', 0, '', '2015-04-22 06:38:53', NULL, 3, '', NULL, 0),
  (65, 38, 'W-01-093-1', '', '', '', 0, '', '2015-04-22 06:43:03', NULL, 3, '', NULL, 0),
  (66, 38, 'W-01-099-1', '', '', '', 0, '', '2015-04-22 06:46:19', NULL, 3, '', NULL, 0),
  (67, 38, 'W-01-041-1', '', '', '', 0, '', '2015-04-22 07:10:00', NULL, 3, '', '', 0),
  (68, 38, 'W-01-047-1', '', '', '', 0, '', '2015-04-22 07:12:56', NULL, 3, '', NULL, 0),
  (69, 38, 'W-01-056-1', '', '', '', 0, '', '2015-04-22 07:16:00', NULL, 3, '', '', 0),
  (70, 38, 'W-01-083-1', '', '', '', 0, '', '2015-04-22 07:20:00', NULL, 3, '', '', 0),
  (71, 38, 'W-01-122-1', '', '', '', 0, '', '2015-04-22 07:24:22', NULL, 3, '', NULL, 0),
  (72, 38, 'W-01-206-1', '', '', '', 0, '', '2015-04-22 07:26:59', NULL, 3, '', NULL, 0),
  (73, 38, 'W-01-355-1', '', '', '', 0, '', '2015-04-22 07:33:00', NULL, 3, '', '', 0),
  (74, 38, 'W-01-437-1', '', '', '', 0, '', '2015-04-22 07:38:19', NULL, 3, '', NULL, 0),
  (75, 38, 'W-01-449-1', '', '', '', 0, '', '2015-04-22 10:29:00', NULL, 3, '', '', 0),
  (76, 38, 'W-01-002-1', '', '', '', 0, '', '2015-04-22 11:11:00', NULL, 3, '', 'Theresa ist alleine nicht antragsberechtigt', 0),
  (77, 38, 'W-01-008-1', '', '', '', 0, '', '2015-04-22 11:14:00', NULL, 3, '', '', 0),
  (78, 38, 'W-01-007-1', '', '', '', 0, '', '2015-04-22 11:15:00', NULL, 3, '', '', 0),
  (79, 38, 'W-01-014-2', '', '', '', 0, '', '2015-04-22 11:16:00', NULL, 3, '', '', 0),
  (80, 38, 'W-01-020-1', '', '', '', 0, '', '2015-04-22 11:18:00', NULL, 3, '', '', 0),
  (81, 38, 'W-01-048-1', '', '', '', 0, '', '2015-04-22 11:22:00', NULL, 3, '', '', 0),
  (82, 38, 'W-01-059-1', '', '', '', 0, '', '2015-04-22 11:24:00', NULL, 3, '', '', 0),
  (83, 38, 'W-01-095-2', '', '', '', 0, '', '2015-04-22 11:24:00', NULL, 3, '', '', 0),
  (84, 38, 'W-01-060-2', '', '', '', 0, '', '2015-04-22 11:28:00', NULL, 3, '', '', 0),
  (85, 38, 'W-01-076-1', '', '', '', 0, '', '2015-04-22 11:31:00', NULL, 3, '', '', 0),
  (86, 38, 'W-01-082-1', '', '', '', 0, '', '2015-04-22 11:33:00', NULL, 3, '', '', 0),
  (87, 38, 'W-01-103-1', '', '', '', 0, '', '2015-04-22 11:34:00', NULL, 3, '', '', 0),
  (88, 38, 'W-01-104-1', '', '', '', 0, '', '2015-04-22 11:38:00', NULL, 3, '', '', 0),
  (89, 38, NULL, '', '', '', 0, '', '2015-04-22 11:39:00', NULL, -2, '', '', 0),
  (90, 38, 'W-01-111-1', '', '', '', 0, '', '2015-04-22 11:41:00', NULL, 3, '', '', 0),
  (91, 38, 'W-01-121-1', '', '', '', 0, '', '2015-04-22 11:42:00', NULL, 3, '', '', 0),
  (92, 38, 'W-01-130-1', '', '', '', 0, '', '2015-04-22 11:44:00', NULL, 3, '', '', 0),
  (93, 38, 'W-01-141-1', '', '', '', 0, '', '2015-04-22 11:46:00', NULL, 3, '', '', 0),
  (94, 38, 'W-01-209-1', '', '', '', 0, '', '2015-04-22 11:48:00', NULL, 3, '', '', 0),
  (95, 38, 'W-01-247-1', '', '', '', 0, '', '2015-04-22 11:49:00', NULL, 3, '', '', 0),
  (96, 38, 'W-01-249-1', '', '', '', 0, '', '2015-04-22 11:50:00', NULL, 3, '', '', 0),
  (97, 38, 'W-01-253-1', '', '', '', 0, '', '2015-04-22 11:52:00', NULL, 3, '', '', 0),
  (98, 38, 'W-01-280-1', '', '', '', 0, '', '2015-04-22 11:54:00', NULL, 3, '', '', 0),
  (99, 38, 'W-01-296-1', '', '', '', 0, '', '2015-04-22 11:57:00', NULL, 3, '', '', 0),
  (100, 38, 'W-01-378-1', '', '', '', 0, '', '2015-04-22 11:59:00', NULL, 3, '', '', 0),
  (101, 38, 'W-01-420-1', '', '', '', 0, '', '2015-04-22 12:00:00', NULL, 3, '', '', 0),
  (102, 38, NULL, '', '', '', 0, '', '2015-04-22 12:01:00', NULL, -2, '', '', 0),
  (103, 38, 'W-01-427-1', '', '', '', 0, '', '2015-04-22 12:02:00', NULL, 3, '', '', 0),
  (104, 38, 'W-01-453-1', '', '', '', 0, '', '2015-04-22 12:04:00', NULL, 3, '', '', 0),
  (105, 38, 'W-01-471-1', '', '', '', 0, '', '2015-04-22 12:05:00', NULL, 3, '', '', 0),
  (106, 38, 'W-01-031-1', '', '', '', 0, '', '2015-04-22 12:18:00', NULL, 3, '', '', 0),
  (107, 38, 'W-01-060-1', '', '', '', 0, '', '2015-04-22 12:54:01', NULL, 3, '', NULL, 0),
  (108, 38, 'W-01-034-1', '', '', '', 0, '', '2015-04-22 13:56:00', NULL, 3, '', '', 0),
  (109, 38, 'W-01-036-2', '', '', '', 0, '', '2015-04-22 13:58:00', NULL, 3, '', '', 0),
  (110, 38, 'W-01-014-1', '', '', '', 0, '', '2015-04-22 21:20:00', NULL, 3, '', '', 0),
  (111, 38, 'W-01-030-1', '', '', '', 0, '', '2015-04-22 21:30:03', NULL, 3, '', NULL, 0),
  (112, 38, 'W-01-036-1', '', '', '', 0, '', '2015-04-22 21:32:20', NULL, 3, '', NULL, 0),
  (113, 38, 'W-01-047-2', '', '', '', 0, '', '2015-04-22 21:34:10', NULL, 3, '', NULL, 0),
  (114, 38, 'W-01-053-1', '', '', '', 0, '', '2015-04-22 21:43:53', NULL, 3, '', NULL, 0),
  (115, 38, 'W-01-095-1', '', '', '', 0, '', '2015-04-22 21:46:53', NULL, 3, '', NULL, 0),
  (116, 38, 'W-01-142-1', '', '', '', 0, '', '2015-04-22 21:48:31', NULL, 3, '', NULL, 0),
  (117, 38, 'W-01-426-1', '', '', '', 0, '', '2015-04-22 21:51:00', NULL, 3, '', '', 0),
  (118, 38, 'W-01-142-2', '', '', '', 0, '', '2015-04-22 23:33:00', NULL, 3, '', '', 0),
  (119, 38, 'W-01-224-1', '', '', '', 0, '', '2015-04-23 01:11:00', NULL, 3, '', '', 0),
  (120, 44, NULL, '', '', '', 0, '', '2015-04-20 04:39:00', NULL, 1, '', '', 0),
  (121, 44, 'V-03-NEU', '', '', '', 0, '', '2015-04-22 13:45:00', NULL, 3, '', '', 0),
  (122, 45, NULL, '', '', '', 0, '', '2015-04-22 05:07:00', NULL, -2, '', '', 0),
  (123, 45, 'V-01-048-1', '', '', '', 0, '', '2015-04-22 05:37:00', NULL, 3, '', '', 0),
  (124, 45, 'V-01-007-1', '', '', '', 0, '', '2015-04-22 05:42:00', NULL, 3, '', '', 0),
  (125, 45, 'V-01-037-1', '', '', '', 0, '', '2015-04-22 05:43:00', NULL, 3, '', '', 0),
  (126, 45, NULL, '', '', '', 0, '', '2015-04-22 05:45:14', NULL, -2, '', NULL, 0),
  (127, 45, NULL, '', '', '', 0, '', '2015-04-22 05:53:09', NULL, -2, '', NULL, 0),
  (128, 45, NULL, '', '', '', 0, '', '2015-04-22 05:57:36', NULL, -2, '', NULL, 0),
  (129, 46, NULL, '', '', '', 0, '', '2015-04-20 04:35:00', NULL, 1, '', '', 0),
  (130, 46, 'V-02-034-1', '', '', '', 0, '', '2015-04-22 13:33:00', NULL, 3, '', '', 0),
  (131, 46, 'V-02-045-2', '', '', '', 0, '', '2015-04-22 13:51:00', NULL, 3, '', '', 0),
  (132, 46, 'V-02-045-2', '', '', '', 0, '', '2015-04-22 13:52:00', NULL, -2, '', '', 0),
  (133, 46, 'V-02-032-1', '', '', '', 0, '', '2015-04-22 22:12:00', NULL, 3, '', '', 0),
  (134, 46, 'V-02-045-1', '', '', '', 0, '', '2015-04-22 22:15:00', NULL, 3, '', '', 0),
  (135, 48, 'V-05-061-1', '', '', '', 0, '', '2015-04-22 13:36:00', NULL, 3, '', '', 0),
  (136, 52, NULL, '', '', '', 0, '', '2015-04-19 23:08:11', NULL, -2, '', NULL, 0),
  (137, 59, 'F-01-004', '', '', '', 0, '', '2015-03-12 13:43:00', NULL, -2, '', '', 0),
  (138, 64, NULL, '', '', '', 0, '', '2015-03-21 11:58:52', NULL, -2, '', NULL, 0),
  (139, 64, NULL, '', '', '', 0, '', '2015-04-10 04:17:00', NULL, -2, '', '', 0),
  (140, 64, NULL, '', '', '', 0, '', '2015-04-10 04:17:47', NULL, -2, '', NULL, 0),
  (141, 64, NULL, '', '', '', 0, '', '2015-04-11 05:12:55', NULL, -2, '', NULL, 0),
  (142, 64, NULL, '', '', '', 0, '', '2015-04-11 05:13:15', NULL, -2, '', NULL, 0),
  (143, 64, 'Z-01-115-1', '', '', '', 0, '', '2015-04-21 05:26:00', NULL, 3, '', '', 0),
  (144, 64, NULL, '', '', '', 0, '', '2015-04-21 05:29:00', NULL, -2, '', '', 0),
  (145, 64, NULL, '', '', '', 0, '', '2015-04-21 05:32:00', NULL, -2, '', '', 0),
  (146, 64, 'Z-01-119-1', '', '', '', 0, '', '2015-04-21 05:39:00', NULL, 3, '', '', 0),
  (147, 64, 'Z-01-033-1', '', '', '', 0, '', '2015-04-22 12:19:44', NULL, 3, '', NULL, 0),
  (148, 64, 'Z-01-274-1', '', '', '', 0, '', '2015-04-22 12:20:00', NULL, 3, '', '', 0),
  (149, 64, 'Z-01-040-1', '', '', '', 0, '', '2015-04-22 12:22:00', NULL, 3, '', '', 0),
  (150, 64, 'Z-01-274-1', '', '', '', 0, '', '2015-04-22 12:23:31', NULL, -2, '', NULL, 0),
  (151, 64, 'Z-01-262-1', '', '', '', 0, '', '2015-04-22 12:25:48', NULL, 3, '', NULL, 0),
  (152, 64, 'Z-01-041-1', '', '', '', 0, '', '2015-04-22 12:26:26', NULL, 3, '', NULL, 0),
  (153, 64, 'Z-01-255-1', '', '', '', 0, '', '2015-04-22 12:29:00', NULL, -2, '', '', 0),
  (154, 64, NULL, '', '', '', 0, '', '2015-04-22 12:30:20', NULL, -2, '', NULL, 0),
  (155, 64, 'Z-01-233-1', '', '', '', 0, '', '2015-04-22 12:31:45', NULL, 3, '', NULL, 0),
  (156, 64, 'Z-01-076-1', '', '', '', 0, '', '2015-04-22 12:33:33', NULL, 3, '', NULL, 0),
  (157, 64, 'Z-01-097-1', '', '', '', 0, '', '2015-04-22 12:35:47', NULL, 3, '', NULL, 0),
  (158, 64, 'Z-01-146-1', '', '', '', 0, '', '2015-04-22 12:37:42', NULL, 3, '', NULL, 0),
  (159, 64, 'Z-01-255-1', '', '', '', 0, '', '2015-04-22 12:39:00', NULL, 3, '', '', 0),
  (160, 64, 'Z-01-159-1', '', '', '', 0, '', '2015-04-22 12:39:42', NULL, 3, '', NULL, 0),
  (161, 64, 'Z-01-015-1', '', '', '', 0, '', '2015-04-22 12:39:49', NULL, 3, '', NULL, 0),
  (162, 64, 'Z-01-097-2', '', '', '', 0, '', '2015-04-22 12:42:49', NULL, 3, '', NULL, 0),
  (163, 64, 'Z-01-171-1', '', '', '', 0, '', '2015-04-22 12:45:00', NULL, -2, '', '', 0),
  (164, 64, 'Z-01-171-1', '', '', '', 0, '', '2015-04-22 12:47:15', NULL, 3, '', NULL, 0),
  (165, 64, 'Z-01-180-1', '', '', '', 0, '', '2015-04-22 12:49:49', NULL, 3, '', NULL, 0),
  (166, 64, 'Z-01-194-1', '', '', '', 0, '', '2015-04-22 12:51:58', NULL, 3, '', NULL, 0),
  (167, 64, 'Z-01-194-2', '', '', '', 0, '', '2015-04-22 17:54:05', NULL, 3, '', NULL, 0),
  (168, 64, 'Z-01-009-1', '', '', '', 0, '', '2015-04-22 18:11:00', NULL, 3, '', '', 0),
  (169, 64, NULL, '', '', '', 0, '', '2015-04-22 18:13:07', NULL, -2, '', NULL, 0),
  (170, 64, 'Z-01-016-1', '', '', '', 0, '', '2015-04-22 18:15:58', NULL, 3, '', NULL, 0),
  (171, 64, 'Z-01-023-1', '', '', '', 0, '', '2015-04-22 18:17:57', NULL, 3, '', NULL, 0),
  (172, 64, 'Z-01-041-2', '', '', '', 0, '', '2015-04-22 18:19:26', NULL, 3, '', NULL, 0),
  (173, 64, 'Z-01-064-1', '', '', '', 0, '', '2015-04-22 18:20:56', NULL, 3, '', NULL, 0),
  (174, 64, 'Z-01-069-1', '', '', '', 0, '', '2015-04-22 18:22:58', NULL, 3, '', NULL, 0),
  (175, 64, 'Z-01-252-1', '', '', '', 0, '', '2015-04-22 18:25:43', NULL, 3, '', NULL, 0),
  (176, 64, 'Z-01-110-1', '', '', '', 0, '', '2015-04-22 18:29:19', NULL, 3, '', NULL, 0),
  (177, 64, 'Z-01-121-1', '', '', '', 0, '', '2015-04-22 18:30:30', NULL, 3, '', NULL, 0),
  (178, 64, 'Z-01-134-1', '', '', '', 0, '', '2015-04-22 18:32:29', NULL, 3, '', NULL, 0),
  (179, 64, 'Z-01-201-1', '', '', '', 0, '', '2015-04-22 18:35:30', NULL, 3, '', NULL, 0),
  (180, 64, 'Z-01-208-1', '', '', '', 0, '', '2015-04-22 18:58:00', NULL, 3, '', '', 0),
  (181, 64, 'Z-01-214-1', '', '', '', 0, '', '2015-04-22 19:02:00', NULL, 3, '', '', 0),
  (182, 64, 'Z-01-224-1', '', '', '', 0, '', '2015-04-22 19:06:00', NULL, 3, '', '', 0),
  (183, 64, 'Z-01-274-2', '', '', '', 0, '', '2015-04-22 19:07:00', NULL, 3, '', '', 0),
  (184, 64, 'Z-01-252-2', '', '', '', 0, '', '2015-04-22 19:26:00', NULL, 3, '', '', 0),
  (185, 64, 'Z-01-087-1', '', '', '', 0, '', '2015-04-22 19:32:00', NULL, 3, '', '', 0),
  (186, 64, 'Z-01-148-1', '', '', '', 0, '', '2015-04-22 19:37:00', NULL, 3, '', '', 0),
  (187, 64, 'Z-01-208-2', '', '', '', 0, '', '2015-04-22 19:46:00', NULL, 3, '', '', 0),
  (188, 64, 'Z-01-131-1', '', '', '', 0, '', '2015-04-23 03:56:00', NULL, 3, '', '', 0),
  (189, 64, 'Z-01-136-1', '', '', '', 0, '', '2015-04-23 04:01:00', NULL, 3, '', '', 0),
  (190, 64, NULL, '', '', '', 0, '', '2015-05-07 04:33:27', NULL, -2, '', NULL, 0),
  (191, 64, NULL, '', '', '', 0, '', '2015-07-09 11:57:00', NULL, 2, '', '', 0),
  (192, 92, 'W-01-128-1', '', '', '', 0, '', '2015-04-22 12:14:30', NULL, 3, '', NULL, 0),
  (193, 92, 'W-01-428-1', '', '', '', 0, '', '2015-04-22 12:19:12', NULL, 3, '', NULL, 0),
  (194, 92, 'W-01-443-1', '', '', '', 0, '', '2015-04-22 12:22:10', NULL, 3, '', NULL, 0),
  (195, 92, 'W-01-224-1', '', '', '', 0, '', '2015-04-22 12:30:59', NULL, -2, '', NULL, 0),
  (196, 92, 'W-01-302-1', '', '', '', 0, '', '2015-04-22 12:33:26', NULL, 3, '', NULL, 0),
  (197, 92, 'W-01-312-1', '', '', '', 0, '', '2015-04-22 12:38:53', NULL, 3, '', NULL, 0),
  (198, 92, 'W-01-093-1', '', '', '', 0, '', '2015-04-22 12:43:03', NULL, 3, '', NULL, 0),
  (199, 92, 'W-01-099-1', '', '', '', 0, '', '2015-04-22 12:46:19', NULL, 3, '', NULL, 0),
  (200, 92, 'W-01-041-1', '', '', '', 0, '', '2015-04-22 13:10:00', NULL, 3, '', '', 0),
  (201, 92, 'W-01-047-1', '', '', '', 0, '', '2015-04-22 13:12:56', NULL, 3, '', NULL, 0),
  (202, 92, 'W-01-056-1', '', '', '', 0, '', '2015-04-22 13:16:00', NULL, 3, '', '', 0),
  (203, 92, 'W-01-083-1', '', '', '', 0, '', '2015-04-22 13:20:00', NULL, 3, '', '', 0),
  (204, 92, 'W-01-122-1', '', '', '', 0, '', '2015-04-22 13:24:22', NULL, 3, '', NULL, 0),
  (205, 92, 'W-01-206-1', '', '', '', 0, '', '2015-04-22 13:26:59', NULL, 3, '', NULL, 0),
  (206, 92, 'W-01-355-1', '', '', '', 0, '', '2015-04-22 13:33:00', NULL, 3, '', '', 0),
  (207, 92, 'W-01-437-1', '', '', '', 0, '', '2015-04-22 13:38:19', NULL, 3, '', NULL, 0),
  (208, 92, 'W-01-449-1', '', '', '', 0, '', '2015-04-22 16:29:00', NULL, 3, '', '', 0),
  (209, 92, 'W-01-002-1', '', '', '', 0, '', '2015-04-22 17:11:00', NULL, 3, '', 'Theresa ist alleine nicht antragsberechtigt', 0),
  (210, 92, 'W-01-008-1', '', '', '', 0, '', '2015-04-22 17:14:00', NULL, 3, '', '', 0),
  (211, 92, 'W-01-007-1', '', '', '', 0, '', '2015-04-22 17:15:00', NULL, 3, '', '', 0),
  (212, 92, 'W-01-014-2', '', '', '', 0, '', '2015-04-22 17:16:00', NULL, 3, '', '', 0),
  (213, 92, 'W-01-020-1', '', '', '', 0, '', '2015-04-22 17:18:00', NULL, 3, '', '', 0),
  (214, 92, 'W-01-048-1', '', '', '', 0, '', '2015-04-22 17:22:00', NULL, 3, '', '', 0),
  (215, 92, 'W-01-059-1', '', '', '', 0, '', '2015-04-22 17:24:00', NULL, 3, '', '', 0),
  (216, 92, 'W-01-095-2', '', '', '', 0, '', '2015-04-22 17:24:00', NULL, 3, '', '', 0),
  (217, 92, 'W-01-060-2', '', '', '', 0, '', '2015-04-22 17:28:00', NULL, 3, '', '', 0),
  (218, 92, 'W-01-076-1', '', '', '', 0, '', '2015-04-22 17:31:00', NULL, 3, '', '', 0),
  (219, 92, 'W-01-082-1', '', '', '', 0, '', '2015-04-22 17:33:00', NULL, 3, '', '', 0),
  (220, 92, 'W-01-103-1', '', '', '', 0, '', '2015-04-22 17:34:00', NULL, 3, '', '', 0),
  (221, 92, 'W-01-104-1', '', '', '', 0, '', '2015-04-22 17:38:00', NULL, 3, '', '', 0),
  (222, 92, NULL, '', '', '', 0, '', '2015-04-22 17:39:00', NULL, -2, '', '', 0),
  (223, 92, 'W-01-111-1', '', '', '', 0, '', '2015-04-22 17:41:00', NULL, 3, '', '', 0),
  (224, 92, 'W-01-121-1', '', '', '', 0, '', '2015-04-22 17:42:00', NULL, 3, '', '', 0),
  (225, 92, 'W-01-130-1', '', '', '', 0, '', '2015-04-22 17:44:00', NULL, 3, '', '', 0),
  (226, 92, 'W-01-141-1', '', '', '', 0, '', '2015-04-22 17:46:00', NULL, 3, '', '', 0),
  (227, 92, 'W-01-209-1', '', '', '', 0, '', '2015-04-22 17:48:00', NULL, 3, '', '', 0),
  (228, 92, 'W-01-247-1', '', '', '', 0, '', '2015-04-22 17:49:00', NULL, 3, '', '', 0),
  (229, 92, 'W-01-249-1', '', '', '', 0, '', '2015-04-22 17:50:00', NULL, 3, '', '', 0),
  (230, 92, 'W-01-253-1', '', '', '', 0, '', '2015-04-22 17:52:00', NULL, 3, '', '', 0),
  (231, 92, 'W-01-280-1', '', '', '', 0, '', '2015-04-22 17:54:00', NULL, 3, '', '', 0),
  (232, 92, 'W-01-296-1', '', '', '', 0, '', '2015-04-22 17:57:00', NULL, 3, '', '', 0),
  (233, 92, 'W-01-378-1', '', '', '', 0, '', '2015-04-22 17:59:00', NULL, 3, '', '', 0),
  (234, 92, 'W-01-420-1', '', '', '', 0, '', '2015-04-22 18:00:00', NULL, 3, '', '', 0),
  (235, 92, NULL, '', '', '', 0, '', '2015-04-22 18:01:00', NULL, -2, '', '', 0),
  (236, 92, 'W-01-427-1', '', '', '', 0, '', '2015-04-22 18:02:00', NULL, 3, '', '', 0),
  (237, 92, 'W-01-453-1', '', '', '', 0, '', '2015-04-22 18:04:00', NULL, 3, '', '', 0),
  (238, 92, 'W-01-471-1', '', '', '', 0, '', '2015-04-22 18:05:00', NULL, 3, '', '', 0),
  (239, 92, 'W-01-031-1', '', '', '', 0, '', '2015-04-22 18:18:00', NULL, 3, '', '', 0),
  (240, 92, 'W-01-060-1', '', '', '', 0, '', '2015-04-22 18:54:01', NULL, 3, '', NULL, 0),
  (241, 92, 'W-01-034-1', '', '', '', 0, '', '2015-04-22 19:56:00', NULL, 3, '', '', 0),
  (242, 92, 'W-01-036-2', '', '', '', 0, '', '2015-04-22 19:58:00', NULL, 3, '', '', 0),
  (243, 92, 'W-01-014-1', '', '', '', 0, '', '2015-04-23 03:20:00', NULL, 3, '', '', 0),
  (244, 92, 'W-01-030-1', '', '', '', 0, '', '2015-04-23 03:30:03', NULL, 3, '', NULL, 0),
  (245, 92, 'W-01-036-1', '', '', '', 0, '', '2015-04-23 03:32:20', NULL, 3, '', NULL, 0),
  (246, 92, 'W-01-047-2', '', '', '', 0, '', '2015-04-23 03:34:10', NULL, 3, '', NULL, 0),
  (247, 92, 'W-01-053-1', '', '', '', 0, '', '2015-04-23 03:43:53', NULL, 3, '', NULL, 0),
  (248, 92, 'W-01-095-1', '', '', '', 0, '', '2015-04-23 03:46:53', NULL, 3, '', NULL, 0),
  (249, 92, 'W-01-142-1', '', '', '', 0, '', '2015-04-23 03:48:31', NULL, 3, '', NULL, 0),
  (250, 92, 'W-01-426-1', '', '', '', 0, '', '2015-04-23 03:51:00', NULL, 3, '', '', 0),
  (251, 92, 'W-01-142-2', '', '', '', 0, '', '2015-04-23 05:33:00', NULL, 3, '', '', 0),
  (252, 92, 'W-01-224-1', '', '', '', 0, '', '2015-04-23 07:11:00', NULL, 3, '', '', 0),
  (253, 98, NULL, '', '', '', 0, '', '2015-04-20 10:39:00', NULL, 1, '', '', 0),
  (254, 98, 'V-03-NEU', '', '', '', 0, '', '2015-04-22 19:45:00', NULL, 3, '', '', 0),
  (255, 99, NULL, '', '', '', 0, '', '2015-04-22 11:07:00', NULL, -2, '', '', 0),
  (256, 99, 'V-01-048-1', '', '', '', 0, '', '2015-04-22 11:37:00', NULL, 3, '', '', 0),
  (257, 99, 'V-01-007-1', '', '', '', 0, '', '2015-04-22 11:42:00', NULL, 3, '', '', 0),
  (258, 99, 'V-01-037-1', '', '', '', 0, '', '2015-04-22 11:43:00', NULL, 3, '', '', 0),
  (259, 99, NULL, '', '', '', 0, '', '2015-04-22 11:45:14', NULL, -2, '', NULL, 0),
  (260, 99, NULL, '', '', '', 0, '', '2015-04-22 11:53:09', NULL, -2, '', NULL, 0),
  (261, 99, NULL, '', '', '', 0, '', '2015-04-22 11:57:36', NULL, -2, '', NULL, 0),
  (262, 100, NULL, '', '', '', 0, '', '2015-04-20 10:35:00', NULL, 1, '', '', 0),
  (263, 100, 'V-02-034-1', '', '', '', 0, '', '2015-04-22 19:33:00', NULL, 3, '', '', 0),
  (264, 100, 'V-02-045-2', '', '', '', 0, '', '2015-04-22 19:51:00', NULL, 3, '', '', 0),
  (265, 100, 'V-02-045-2', '', '', '', 0, '', '2015-04-22 19:52:00', NULL, -2, '', '', 0),
  (266, 100, 'V-02-032-1', '', '', '', 0, '', '2015-04-23 04:12:00', NULL, 3, '', '', 0),
  (267, 100, 'V-02-045-1', '', '', '', 0, '', '2015-04-23 04:15:00', NULL, 3, '', '', 0),
  (268, 102, 'V-05-061-1', '', '', '', 0, '', '2015-04-22 19:36:00', NULL, 3, '', '', 0),
  (269, 106, NULL, '', '', '', 0, '', '2015-04-20 05:08:11', NULL, -2, '', NULL, 0);

--
-- Dumping data for table `amendmentSection`
--

INSERT INTO `amendmentSection` (`amendmentId`, `sectionId`, `data`, `dataRaw`, `metadata`) VALUES
  (1, 1, 'O’zapft is!', 'O’zapft is!', NULL),
  (1, 2,
   '<p>Bavaria ipsum dolor sit amet Biazelt Auffisteign Schorsch mim Radl foahn Ohrwaschl Steckerleis wann griagd ma nacha wos z’dringa glacht Mamalad, muass? I bin a woschechta Bayer sowos oamoi und sei und glei wirds no fui lustiga: Jo mei is des schee middn ognudelt, Trachtnhuat Biawambn gscheid: Griasd eich midnand etza nix Gwiass woass ma ned owe. Dahoam gscheckate middn Spuiratz des is a gmahde Wiesn. Des is schee so Obazda san da, Haferl pfenningguat schoo griasd eich midnand.</p>\n<ul>\n<li>Auffi Gamsbart nimma de Sepp Ledahosn Ohrwaschl um Godds wujn Wiesn Deandlgwand Mongdratzal! Jo leck mi Mamalad i daad mechad?</li>\n	<li>Do nackata Wurscht i hob di narrisch gean, Diandldrahn Deandlgwand vui huift vui woaß?</li>\n	<li>Ned Mamalad auffi i bin a woschechta Bayer greaßt eich nachad, umananda gwiss nia need Weiznglasl.</li>\n	<li>Woibbadinga noch da Giasinga Heiwog Biazelt mechad mim Spuiratz, soi zwoa.</li>\n	<li>Oamoi a Maß und no a Maß des basd scho wann griagd ma nacha wos z’dringa do Meidromml, oba a fescha Bua!</li>\n</ul>\n<p>I waar soweid Blosmusi es nomoi. Broadwurschtbudn des is a gmahde Wiesn Kirwa mogsd a Bussal Guglhupf schüds nei. Luja i moan oiwei Baamwach Watschnbaam, wiavui baddscher! Biakriagal a fescha Bua Semmlkneedl iabaroi oba um Godds wujn Ledahosn wui Greichats. Geh um Godds wujn luja heid greaßt eich nachad woaß Breihaus eam! De om auf’n Gipfe auf gehds beim Schichtl mehra Baamwach a bissal wos gehd ollaweil gscheid:</p>\n<blockquote>\n<p>Scheans Schdarmbeaga See i hob di narrisch gean i jo mei is des schee! Nia eam hod vasteh i sog ja nix, i red ja bloß sammawiedaguad, umma eana obandeln! Zwoa jo mei scheans amoi, san und hoggd Milli barfuaßat gscheit. Foidweg vui huift vui singan, mehra Biakriagal om auf’n Gipfe! Ozapfa sodala Charivari greaßt eich nachad Broadwurschtbudn do middn liberalitas Bavariae sowos Leonhardifahrt:</p>\n</blockquote>\n<p>Wui helfgod Wiesn, ognudelt schaugn: Dahoam gelbe Rüam Schneid singan wo hi sauba i moan scho aa no a Maß a Maß und no a Maß nimma. Is umananda a ganze Hoiwe zwoa, Schneid. Vui huift vui Brodzeid kumm geh naa i daad vo de allerweil, gor. Woaß wia Gams, damischa. A ganze Hoiwe Ohrwaschl Greichats iabaroi Prosd Engelgwand nix Reiwadatschi.Weibaleid ognudelt Ledahosn noch da Giasinga Heiwog i daad Almrausch, Ewig und drei Dog nackata wea ko, dea ko. Meidromml Graudwiggal nois dei, nackata. No Diandldrahn nix Gwiass woass ma ned hod boarischer: Samma sammawiedaguad wos, i hoam Brodzeid. Jo mei Sepp Gaudi, is ma Wuascht do Hendl Xaver Prosd eana an a bravs. Sauwedda an Brezn, abfieseln.</p>\n',
   '<p>Bavaria ipsum dolor sit amet Biazelt Auffisteign Schorsch mim Radl foahn Ohrwaschl Steckerleis wann griagd ma nacha wos z&rsquo;dringa glacht Mamalad, muass? I bin a woschechta Bayer sowos oamoi und sei und glei wirds no fui lustiga: Jo mei is des schee middn ognudelt, Trachtnhuat Biawambn gscheid: Griasd eich midnand etza nix Gwiass woass ma ned owe. Dahoam gscheckate middn Spuiratz des is a gmahde Wiesn. Des is schee so Obazda san da, Haferl pfenningguat schoo griasd eich midnand.</p>\r\n\r\n<ul>\r\n	<li>Auffi Gamsbart nimma de Sepp Ledahosn Ohrwaschl um Godds wujn Wiesn Deandlgwand Mongdratzal! Jo leck mi Mamalad i daad mechad?</li>\r\n	<li>Do nackata Wurscht i hob di narrisch gean, Diandldrahn Deandlgwand vui huift vui woa&szlig;?</li>\r\n	<li>Ned Mamalad auffi i bin a woschechta Bayer grea&szlig;t eich nachad, umananda gwiss nia need Weiznglasl.</li>\r\n	<li>Woibbadinga noch da Giasinga Heiwog Biazelt mechad mim Spuiratz, soi zwoa.</li>\r\n	<li><span class="ice-cts ice-ins" data-changedata="" data-cid="2" data-last-change-time="1432410364839" data-time="1432410364839" data-userid="" data-username="">Oamoi a Ma&szlig; und no a Ma&szlig; des basd scho wann griagd ma nacha wos z&rsquo;dringa do Meidromml, oba a fescha Bua!</span></li>\r\n</ul>\r\n\r\n<p>I waar soweid Blosmusi es nomoi. Broadwurschtbudn des is a gmahde Wiesn Kirwa mogsd a Bussal Guglhupf sch&uuml;ds nei. Luja i moan oiwei Baamwach Watschnbaam, wiavui baddscher! Biakriagal a fescha Bua Semmlkneedl iabaroi oba um Godds wujn Ledahosn wui Greichats. Geh um Godds wujn luja heid grea&szlig;t eich nachad woa&szlig; Breihaus eam! De om auf&rsquo;n Gipfe auf gehds beim Schichtl mehra Baamwach a bissal wos gehd ollaweil gscheid:</p>\r\n\r\n<blockquote>\r\n<p>Scheans Schdarmbeaga See i hob di narrisch gean i jo mei is des schee! Nia eam hod vasteh i sog ja nix, i red ja blo&szlig; sammawiedaguad, umma eana obandeln! Zwoa jo mei scheans amoi, san und hoggd Milli barfua&szlig;at gscheit. Foidweg vui huift vui singan, mehra Biakriagal om auf&rsquo;n Gipfe! Ozapfa sodala Charivari grea&szlig;t eich nachad Broadwurschtbudn do middn liberalitas Bavariae sowos Leonhardifahrt:</p>\r\n</blockquote>\r\n\r\n<p>Wui helfgod Wiesn, ognudelt schaugn: Dahoam gelbe R&uuml;am Schneid singan wo hi sauba i moan scho aa no a Ma&szlig; a Ma&szlig; und no a Ma&szlig; nimma. Is umananda a ganze Hoiwe zwoa, Schneid. Vui huift vui Brodzeid kumm geh naa i daad vo de allerweil, gor. Woa&szlig; wia Gams, damischa. A ganze Hoiwe Ohrwaschl Greichats iabaroi Prosd Engelgwand nix Reiwadatschi.Weibaleid ognudelt Ledahosn noch da Giasinga Heiwog i daad Almrausch, Ewig und drei Dog nackata wea ko, dea ko. Meidromml Graudwiggal nois dei, nackata. No Diandldrahn nix Gwiass woass ma ned hod boarischer: Samma sammawiedaguad wos, i hoam Brodzeid. Jo mei Sepp Gaudi, is ma Wuascht do Hendl Xaver Prosd eana an a bravs. Sauwedda an Brezn, abfieseln.</p>\r\n',
   NULL),
  (1, 4,
   '<p>Woibbadinga damischa owe gwihss Sauwedda ded Charivari dei heid gfoids ma sagrisch guad. Maßkruag wo hi mim Radl foahn Landla Leonhardifahrt, Radler. Ohrwaschl und glei wirds no fui lustiga Spotzerl Fünferl, so auf gehds beim Schichtl do legst di nieda ned Biawambn Breihaus. I mechad dee Schwoanshaxn ghupft wia gsprunga measi gschmeidig hawadere midananda vui huift vui Biawambn, des wiad a Mordsgaudi is. Biaschlegl soi oans, zwoa, gsuffa Oachkatzlschwoaf hod Wiesn.</p>\n<p>Oamoi großherzig Mamalad, liberalitas Bavariae hoggd! Nimmds helfgod im Beidl des basd scho i hob di liab. A Prosit der Gmiadlichkeit midanand mim obandln do mim Radl foahn, Jodler. Ned woar Brotzeit Brotzeit gwihss eana Gidarn. Foidweg Spuiratz kimmt, um Godds wujn. Am acht’n Tag schuf Gott des Bia i sog ja nix, i red ja bloß jedza, Biakriagal a bissal wos gehd ollaweil. Ledahosn om auf’n Gipfe Servas des wiad a Mordsgaudi, griasd eich midnand Bladl Fünferl Gams.</p>\n<p>Leonhardifahrt ma da middn. Greichats an naa do. Af Schuabladdla Leonhardifahrt Marei, des um Godds wujn Biakriagal! Hallelujah sog i, luja schüds nei koa des is schee jedza hogg di hera dringma aweng Spezi nia Musi. Wurschtsolod jo mei is des schee gor Ramasuri ozapfa no gfreit mi i hob di liab auffi, Schbozal. Hogg di hera nia need Biakriagal so schee, Schdarmbeaga See.</p>\n',
   '<p>Woibbadinga damischa owe gwihss Sauwedda ded Charivari dei heid gfoids ma sagrisch guad. Ma&szlig;kruag wo hi mim Radl foahn Landla Leonhardifahrt, Radler. Ohrwaschl und glei wirds no fui lustiga Spotzerl F&uuml;nferl, so auf gehds beim Schichtl do legst di nieda ned Biawambn Breihaus. I mechad dee Schwoanshaxn ghupft wia gsprunga measi gschmeidig hawadere midananda vui huift vui Biawambn, des wiad a Mordsgaudi is. Biaschlegl soi oans, zwoa, gsuffa Oachkatzlschwoaf hod Wiesn.</p>\r\n\r\n<p>Oamoi gro&szlig;herzig Mamalad, liberalitas Bavariae hoggd! Nimmds helfgod im Beidl des basd scho i hob di liab. A Prosit der Gmiadlichkeit midanand mim obandln do mim Radl foahn, Jodler. Ned woar Brotzeit Brotzeit gwihss eana Gidarn. Foidweg Spuiratz kimmt, um Godds wujn. Am acht&rsquo;n Tag schuf Gott des Bia i sog ja nix, i red ja blo&szlig; jedza, Biakriagal a bissal wos gehd ollaweil. Ledahosn om auf&rsquo;n Gipfe Servas des wiad a Mordsgaudi, griasd eich midnand Bladl F&uuml;nferl Gams.</p>\r\n\r\n<p>Leonhardifahrt ma da middn. Greichats an naa do. Af Schuabladdla Leonhardifahrt Marei, des um Godds wujn Biakriagal! Hallelujah sog i, luja sch&uuml;ds nei koa des is schee jedza hogg di hera dringma aweng Spezi nia Musi. Wurschtsolod jo mei is des schee gor Ramasuri ozapfa no gfreit mi i hob di liab auffi, Schbozal. Hogg di hera nia need Biakriagal so schee, Schdarmbeaga See.</p>\r\n',
   NULL),
  (2, 1, 'Textformatierungen', 'Textformatierungen', NULL),
  (2, 2,
   '<p>Normaler Text, nicht mehr fett und kursiv<br>\nZeilenumbruch <span class="underline">unterstrichen<br>\nUnd noch eine neue Zeile gq Q.</span></p>\n<p><span class="strike">Durchgestrichen und <em>kursiv</em></span></p>\n<ol><li>Listenpunkt</li>\n	<li>Listenpunkt (<em>kursiv</em>)<br>\n	Zeilenumbruch</li>\n	<li>Nummer 3</li>\n	<li>Seltsame Zeichen: &amp; % $ # _ { } ~ ^ \\ \\today</li>\n</ol><p>Normaler Text wieder.</p>\n<p>Absatz 2</p>\n<ul>\n<li>Einfache Punkte</li>\n	<li>Nummer 2</li>\n</ul>\n<p>Link Bla</p>\n<blockquote>\n<p>Zitat 223<br>\nZeilenumbruch</p>\n<p>Neuer Paragraph</p>\n</blockquote>\n<p>Ende</p>\n',
   '<p>Normaler Text<ins class="ice-ins ice-cts" data-changedata="" data-cid="2" data-last-change-time="1436184812653" data-time="1436184809398" data-userid="" data-username="">, nicht mehr</ins> fett und kursiv<br />\r\nZeilenumbruch <span class="underline">unterstrich<ins class="ice-ins ice-cts" data-changedata="" data-cid="17" data-last-change-time="1436184821900" data-time="1436184821900" data-userid="" data-username=""></ins>en<br />\r\n<ins class="ice-ins ice-cts" data-changedata="" data-cid="19" data-last-change-time="1436184827341" data-time="1436184823592" data-userid="" data-username="">Und noch eine neue Zeile.</ins></span></p>\r\n\r\n<p><span class="strike">Durchgestrichen und <em>kursiv</em></span></p>\r\n\r\n<ol>\r\n	<li>Listenpunkt</li>\r\n	<li>Listenpunkt (<em>kursiv</em>)<br />\r\n	Zeilenumbruch</li>\r\n	<li>Nummer 3</li>\r\n	<li>Seltsame Zeichen: &amp; % $ # _ { } ~ ^ \\ \\today</li>\r\n</ol>\r\n\r\n<p>Normaler Text wieder.</p>\r\n\r\n<p>Absatz 2</p>\r\n\r\n<ul>\r\n	<li>Einfache Punkte</li>\r\n	<li>Nummer 2</li>\r\n</ul>\r\n\r\n<p>Link Bla</p>\r\n\r\n<blockquote>\r\n<p>Zitat 223<br />\r\nZeilenumbruch</p>\r\n\r\n<p>Neuer Paragraph</p>\r\n</blockquote>\r\n\r\n<p>Ende</p>\r\n',
   NULL),
  (2, 4, '<p>Textformatierungs-Test</p>\n', '<p>Textformatierungs-Test</p>\r\n', NULL),
  (3, 1, 'O’zapft is!', 'O’zapft is!', NULL),
  (3, 2,
   '<p>Bavaria ipsum dolor sit amet Biazelt Auffisteign Schorsch mim Radl foahn Ohrwaschl Steckerleis wann griagd ma nacha wos z’dringa glacht Mamalad, muass? I bin a woschechta Bayer sowos oamoi und sei und glei wirds no fui lustiga: Jo mei is des schee middn ognudelt, Trachtnhuat Biawambn gscheid: Griasd eich midnand etza nix Gwiass woass ma ned owe. Dahoam gscheckate middn Spuiratz des is a gmahde Wiesn. Des is schee so Obazda san da, Haferl pfenningguat schoo griasd eich midnand.</p>\n<ul>\n<li>Auffi Gamsbart nimma de Sepp Ledahosn Ohrwaschl um Godds wujn Wiesn Deandlgwand Mongdratzal! Jo leck mi Mamalad i daad mechad?</li>\n	<li>Neuer Punkt</li>\n	<li>Do nackata Wurscht i hob di narrisch gean, Diandldrahn Deandlgwand vui huift vui woaß?</li>\n	<li>Ned Mamalad auffi i bin a woschechta Bayer greaßt eich nachad, umananda gwiss nia need Weiznglasl.</li>\n	\n</ul>\n<p>I waar soweid Blosmusi es nomoi. Broadwurschtbudn des is a gmahde Wiesn Kirwa mogsd a Bussal Guglhupf schüds nei. Luja i moan oiwei Baamwach Watschnbaam, wiavui baddscher! Biakriagal a fescha Bua Semmlkneedl iabaroi oba um Godds wujn Ledahosn wui Greichats. Geh um Godds wujn luja heid greaßt eich nachad woaß Breihaus eam! De om auf’n Gipfe auf gehds beim Schichtl mehra Baamwach a bissal wos gehd ollaweil gscheid:</p>\n<blockquote>\n<p>Scheans Schdarmbeaga See i hob di narrisch gean i jo mei is des schee! Nia eam hod vasteh i sog ja nix, i red ja bloß sammawiedaguad, umma eana obandeln! Zwoa jo mei scheans amoi, san und hoggd Milli barfuaßat gscheit. Foidweg vui huift vui singan, mehra Biakriagal om auf’n Gipfe! Ozapfa sodala Charivari greaßt eich nachad Broadwurschtbudn do middn liberalitas Bavariae sowos Leonhardifahrt:</p>\n</blockquote>\n<p>Wui helfgod Wiesn, ognudelt schaugn: Dahoam gelbe Rüam Schneid singan wo hi sauba i moan scho aa no a Maß a Maß und no a Maß nimma. Is umananda a ganze Hoiwe zwoa, Schneid. Vui huift vui Brodzeid kumm geh naa i daad vo de allerweil, gor. Woaß wia Gams, damischa. A ganze Hoiwe Ohrwaschl Greichats iabaroi Prosd Engelgwand nix Reiwadatschi. Woibbadinga damischa owe gwihss Sauwedda Weibaleid ognudelt Ledahosn noch da Giasinga Heiwog i daad Almrausch, Ewig und drei Dog nackata wea ko, dea ko. Meidromml Graudwiggal nois dei, nackata. No Diandldrahn nix Gwiass woass ma ned hod boarischer: Samma sammawiedaguad wos, i hoam Brodzeid. Jo mei Sepp Gaudi, is ma Wuascht do Hendl Xaver Prosd eana an a bravs.</p>\n',
   '<p>Bavaria ipsum dolor sit amet Biazelt Auffisteign Schorsch mim Radl foahn Ohrwaschl Steckerleis wann griagd ma nacha wos z&rsquo;dringa glacht Mamalad, muass? I bin a woschechta Bayer sowos oamoi und sei und glei wirds no fui lustiga: Jo mei is des schee middn ognudelt, Trachtnhuat Biawambn gscheid: Griasd eich midnand etza nix Gwiass woass ma ned owe. Dahoam gscheckate middn Spuiratz des is a gmahde Wiesn. Des is schee so Obazda san da, Haferl pfenningguat schoo griasd eich midnand.</p>\r\n\r\n<ul>\r\n	<li>Auffi Gamsbart nimma de Sepp Ledahosn Ohrwaschl um Godds wujn Wiesn Deandlgwand Mongdratzal! Jo leck<ins class="ice-ins ice-cts" data-changedata="" data-cid="2" data-last-change-time="1436269713822" data-time="1436269713822" data-userid="" data-username="">﻿</ins> mi Mamalad i daad mechad?</li>\r\n	<li><ins class="ice-ins ice-cts" data-changedata="" data-cid="3" data-last-change-time="1436269716823" data-time="1436269715340" data-userid="" data-username="">﻿Neuer Punkt﻿</ins></li>\r\n	<li>Do nackata Wurscht i hob di narrisch gean, Diandldrahn Deandlgwand vui huift vui woa&szlig;?</li>\r\n	<li>Ned Mamalad auffi i bin a woschechta Bayer grea&szlig;t eich nachad, umananda gwiss nia need Weiznglasl.</li>\r\n	<li><ins class="ice-ins ice-cts" data-changedata="" data-cid="17" data-last-change-time="1436269718348" data-time="1436269718250" data-userid="" data-username="">﻿</ins><del class="ice-del ice-cts" data-changedata="" data-cid="16" data-last-change-time="1436269718102" data-time="1436269718102" data-userid="" data-username="">Woibbadinga noch da Giasinga Heiwog Biazelt mechad mim Spuiratz, soi zwoa.</del></li>\r\n</ul>\r\n\r\n<p>I waar soweid Blosmusi es nomoi. Broadwurschtbudn des is a gmahde Wiesn Kirwa mogsd a Bussal Guglhupf sch&uuml;ds nei. Luja i moan oiwei Baamwach Watschnbaam, wiavui baddscher! Biakriagal a fescha Bua Semmlkneedl iabaroi oba um Godds wujn Ledahosn wui Greichats. Geh um Godds wujn luja heid grea&szlig;t eich nachad woa&szlig; Breihaus eam! De om auf&rsquo;n Gipfe auf gehds beim Schichtl mehra Baamwach a bissal wos gehd ollaweil gscheid:</p>\r\n\r\n<blockquote>\r\n<p>Scheans Schdarmbeaga See i hob di narrisch gean i jo mei is des schee! Nia eam hod vasteh i sog ja nix, i red ja blo&szlig; sammawiedaguad, umma eana obandeln! Zwoa jo mei scheans amoi, san und hoggd Milli barfua&szlig;at gscheit. Foidweg vui huift vui singan, mehra Biakriagal om auf&rsquo;n Gipfe! Ozapfa sodala Charivari grea&szlig;t eich nachad Broadwurschtbudn do middn liberalitas Bavariae sowos Leonhardifahrt:</p>\r\n</blockquote>\r\n\r\n<p>Wui helfgod Wiesn, ognudelt schaugn: Dahoam gelbe R&uuml;am Schneid singan wo hi sauba i moan scho aa no a Ma&szlig; a Ma&szlig; und no a Ma&szlig; nimma. Is umananda a ganze Hoiwe zwoa, Schneid. Vui huift vui Brodzeid kumm geh naa i daad vo de allerweil, gor. Woa&szlig; wia Gams, damischa. <ins class="ice-ins ice-cts" data-changedata="" data-cid="20" data-last-change-time="1436269727931" data-time="1436269727931" data-userid="" data-username="">﻿</ins>A ganze Hoiwe Ohrwaschl Greichats iabaroi Prosd Engelgwand nix Reiwadatschi.<ins class="ice-ins ice-cts" data-changedata="" data-cid="21" data-last-change-time="1436269735589" data-time="1436269734806" data-userid="" data-username=""> Woibbadinga damischa owe gwihss Sauwedda ﻿</ins>Weibaleid ognudelt Ledahosn noch da Giasinga Heiwog i daad Almrausch, Ewig und drei Dog nackata wea ko, dea ko. Meidromml Graudwiggal nois dei, nackata. No Diandldrahn nix Gwiass woass ma ned hod boarischer: Samma sammawiedaguad wos, i hoam Brodzeid. Jo mei Sepp Gaudi, is ma Wuascht do Hendl Xaver Prosd eana an a bravs.<del class="ice-del ice-cts" data-changedata="" data-cid="24" data-last-change-time="1436269740482" data-time="1436269740217" data-userid="" data-username=""> </del><del class="ice-del ice-cts" data-changedata="" data-cid="26" data-last-change-time="1436269741200" data-time="1436269741200" data-userid="" data-username="">Sauwedda an Brezn, abfieseln.</del></p>\r\n',
   NULL),
  (3, 4,
   '<p>New line at beginning</p>\n<p>Woibbadinga damischa owe gwihss Sauwedda ded Charivari dei heid gfoids ma sagrisch guad. Maßkruag wo hi mim Radl foahn Landla Leonhardifahrt, Radler. Ohrwaschl und glei wirds no fui lustiga Spotzerl Fünferl, so auf gehds beim Schichtl do legst di nieda ned Biawambn Breihaus. I mechad dee Schwoanshaxn ghupft wia gsprunga measi gschmeidig hawadere midananda vui huift vui Biawambn, des wiad a Mordsgaudi is. Biaschlegl soi oans, zwoa, gsuffa Oachkatzlschwoaf hod Wiesn.</p>\n<p>Neuer Absatz</p>\n<p>Oamoi großherzig Mamalad, liberalitas Bavariae hoggd! Nimmds helfgod im Beidl des basd scho i hob di liab. A Prosit der Gmiadlichkeit midanand mim obandln do mim Radl foahn, Jodler. Ned woar Brotzeit Brotzeit gwihss eana Gidarn. Foidweg Spuiratz kimmt, um Godds wujn. Am acht’n Tag schuf Gott des Bia i sog ja nix, i red ja bloß jedza, Biakriagal a bissal wos gehd ollaweil. Ledahosn om auf’n Gipfe Servas des wiad a Mordsgaudi, griasd eich midnand Bladl Fünferl Gams.</p>\n<p> </p>\n',
   '<p>New line at beginning</p>\n<p>Woibbadinga damischa owe gwihss Sauwedda<ins class="ice-ins ice-cts" data-changedata="" data-cid="2" data-last-change-time="1436269732235" data-time="1436269731932" data-userid="" data-username="">﻿</ins> ded Charivari dei heid gfoids ma sagrisch guad. Ma&szlig;kruag wo hi mim Radl foahn Landla Leonhardifahrt, Radler. Ohrwaschl und glei wirds no fui lustiga Spotzerl F&uuml;nferl, so auf gehds beim Schichtl do legst di nieda ned Biawambn Breihaus. I mechad dee Schwoanshaxn ghupft wia gsprunga measi gschmeidig hawadere midananda vui huift vui Biawambn, des wiad a Mordsgaudi is. Biaschlegl soi oans, zwoa, gsuffa Oachkatzlschwoaf hod Wiesn.</p>\r\n\r\n<p><ins class="ice-ins ice-cts" data-changedata="" data-cid="4" data-last-change-time="1436269753356" data-time="1436269751954" data-userid="" data-username="">﻿Neuer Absatz﻿</ins></p>\r\n\r\n<p>Oamoi gro&szlig;herzig Mamalad, liberalitas Bavariae hoggd! Nimmds helfgod im Beidl des basd scho i hob di liab. A Prosit der Gmiadlichkeit midanand mim obandln do mim Radl foahn, Jodler. Ned woar Brotzeit Brotzeit gwihss eana Gidarn. Foidweg Spuiratz kimmt, um Godds wujn. Am acht&rsquo;n Tag schuf Gott des Bia i sog ja nix, i red ja blo&szlig; jedza, Biakriagal a bissal wos gehd ollaweil. Ledahosn om auf&rsquo;n Gipfe Servas des wiad a Mordsgaudi, griasd eich midnand Bladl F&uuml;nferl Gams.</p>\r\n\r\n<p><del class="ice-del ice-cts" data-changedata="" data-cid="18" data-last-change-time="1436269755978" data-time="1436269755978" data-userid="" data-username="">Leonhardifahrt ma da middn. Greichats an naa do. Af Schuabladdla Leonhardifahrt Marei, des um Godds wujn Biakriagal! Hallelujah sog i, luja sch&uuml;ds nei koa des is schee jedza hogg di hera dringma aweng Spezi nia Musi. Wurschtsolod jo mei is des schee gor Ramasuri ozapfa no gfreit mi i hob di liab auffi, Schbozal. Hogg di hera nia need Biakriagal so schee, Schdarmbeaga See.</del></p>\r\n',
   NULL);

--
-- Dumping data for table `amendmentSupporter`
--

INSERT INTO `amendmentSupporter` (`id`, `amendmentId`, `position`, `userId`, `role`, `comment`, `personType`, `name`, `organization`, `resolutionDate`, `contactEmail`, `contactPhone`)
VALUES
  (1, 1, 0, NULL, 'initiates', NULL, 0, 'Tester', '', NULL, 'tester@example.org', NULL),
  (2, 2, 0, 2, 'initiates', NULL, 1, 'Testuser', 'Antragsgrün', '2015-07-17', 'testuser@example.org', ''),
  (3, 3, 0, 1, 'initiates', NULL, 0, 'Testadmin', '', NULL, 'testadmin@example.org', ''),
  (4, 4, 0, NULL, 'initiates', NULL, 0, 'Test', '', NULL, NULL, NULL),
  (5, 5, 0, NULL, 'initiates', NULL, 1, 'Bundesvorstand', '', NULL, NULL, NULL),
  (6, 6, 0, NULL, 'initiates', NULL, 0, 'Test', 'Test', NULL, NULL, NULL),
  (7, 7, 0, NULL, 'initiates', NULL, 0, 'Test - 1', '', NULL, NULL, NULL),
  (8, 8, 0, NULL, 'initiates', NULL, 0, 'Tobias Hößl', '', NULL, NULL, NULL),
  (9, 9, 0, NULL, 'initiates', NULL, 0, 'Tobias Hößl', '', NULL, NULL, NULL),
  (10, 10, 0, NULL, 'initiates', NULL, 0, 'Daniel Gollasch', 'LV Berlin', NULL, NULL, NULL),
  (11, 10, 1, NULL, 'supports', NULL, 0, 'Antje Kapek, LV Berlin', NULL, NULL, NULL, NULL),
  (12, 10, 2, NULL, 'supports', NULL, 0, 'Axel Vogel, LV Brandenburg', NULL, NULL, NULL, NULL),
  (13, 11, 0, NULL, 'initiates', NULL, 0, 'Daniel Gollasch', 'LV Berlin', NULL, NULL, NULL),
  (14, 12, 0, NULL, 'initiates', NULL, 0, 'Daniel Gollasch', 'LV BerlinBundesverband', NULL, NULL, NULL),
  (15, 12, 1, NULL, 'supports', NULL, 0, 'Antje Kapek, LV Berlin', NULL, NULL, NULL, NULL),
  (16, 12, 2, NULL, 'supports', NULL, 0, 'Axel Vogel, LV Brandenburg', NULL, NULL, NULL, NULL),
  (17, 13, 0, NULL, 'initiates', NULL, 0, 'Daniel Gollasch', 'LV Berlin', NULL, NULL, NULL),
  (18, 13, 1, NULL, 'supports', NULL, 0, 'Antje Kapek, LV Berlin', NULL, NULL, NULL, NULL),
  (19, 13, 2, NULL, 'supports', NULL, 0, 'Axel Vogel, LV Brandenburg', NULL, NULL, NULL, NULL),
  (20, 14, 0, NULL, 'initiates', NULL, 0, 'Sandra Hildebrandt, KV Berlin-kreisfrei', '', NULL, NULL, NULL),
  (21, 14, 0, NULL, 'supports', NULL, 0, 'Ines Eichmüller, KV Nürnberg-Stadt', NULL, NULL, NULL, NULL),
  (22, 14, 1, NULL, 'supports', NULL, 0, 'Verena Schäffer, KV Ennepe-Ruhr', NULL, NULL, NULL, NULL),
  (23, 15, 0, NULL, 'initiates', NULL, 0, 'Sandra Hildebrandt ', 'KV Berlin Kreisfrei', NULL, NULL, NULL),
  (24, 15, 1, NULL, 'supports', NULL, 0, 'Ines Eichmüller (KV Nürnberg-Land)', '', NULL, NULL, NULL),
  (25, 15, 2, NULL, 'supports', NULL, 0, 'Verena Schäffer (KV Ennepe-Ruhr)', '', NULL, NULL, NULL),
  (26, 16, 0, NULL, 'initiates', NULL, 0, 'Sandra Hildebrandt, KV Berlin-kreisfrei', '', NULL, NULL, NULL),
  (27, 16, 0, NULL, 'supports', NULL, 0, 'Ines Eichmüller (KV Nürnberg-Stadt)', '', NULL, NULL, NULL),
  (28, 16, 1, NULL, 'supports', NULL, 0, 'Verena Schäffer (KV Ennepe-Ruhr)', '', NULL, NULL, NULL),
  (29, 17, 0, NULL, 'initiates', NULL, 0, 'Sandra Hildebrandt ', 'KV Berlin Kreisfrei', NULL, NULL, NULL),
  (30, 17, 0, NULL, 'supports', NULL, 0, 'Ines Eichmüller (KV Nürnberg-Stadt)', NULL, NULL, NULL, NULL),
  (31, 17, 1, NULL, 'supports', NULL, 0, 'Verena Schäffer (KV Ennepe-Ruhr)', NULL, NULL, NULL, NULL),
  (32, 18, 0, NULL, 'initiates', NULL, 0, 'Sandra Hildebrandt ', 'KV Berlin Kreisfrei', NULL, NULL, NULL),
  (33, 18, 0, NULL, 'supports', NULL, 0, 'Ines Eichmüller (KV Nürnberg-Stadt)', NULL, NULL, NULL, NULL),
  (34, 18, 1, NULL, 'supports', NULL, 0, '), Verena Schäffer (KV Ennepe-Ruhr)', NULL, NULL, NULL, NULL),
  (35, 19, 0, NULL, 'initiates', NULL, 0, 'Sandra Hildebrandt, KV Berlin-kreisfrei', '', NULL, NULL, NULL),
  (36, 19, 0, NULL, 'supports', NULL, 0, 'Ines Eichmüller, KV Nürnberg-Stadt', NULL, NULL, NULL, NULL),
  (37, 19, 1, NULL, 'supports', NULL, 0, 'Verena Schäffer, KV Ennepe-Ruhr', NULL, NULL, NULL, NULL),
  (38, 20, 0, NULL, 'initiates', NULL, 0, 'Sandra Hildebrandt ', 'KV Berlin Kreisfrei', NULL, NULL, NULL),
  (39, 20, 1, NULL, 'supports', NULL, 0, 'Ines Eichmüller (KV Nürnberg-Stadt)', NULL, NULL, NULL, NULL),
  (40, 20, 2, NULL, 'supports', NULL, 0, 'Verena Schäffer (KV Ennepe-Ruhr)', NULL, NULL, NULL, NULL),
  (41, 21, 0, NULL, 'initiates', NULL, 0, 'Sandra Hildebrandt, KV Berlin-kreisfrei', '', NULL, NULL, NULL),
  (42, 22, 0, NULL, 'initiates', NULL, 0, 'Sandra Hildebrandt', 'KV Berlin-Kreisfrei', NULL, NULL, NULL),
  (43, 23, 0, NULL, 'initiates', NULL, 0, 'Sandra Hildebrandt, KV Berlin-kreisfrei', '', NULL, NULL, NULL),
  (44, 23, 0, NULL, 'supports', NULL, 0, 'Ines Eichmüller, KV Nürnberg-Stadt', NULL, NULL, NULL, NULL),
  (45, 23, 1, NULL, 'supports', NULL, 0, 'Verena Schäffer, KV Ennepe-Ruhr', NULL, NULL, NULL, NULL),
  (46, 24, 0, NULL, 'initiates', NULL, 0, 'Sandra Hildebrandt, KV Berlin-kreisfrei', '', NULL, NULL, NULL),
  (47, 24, 0, NULL, 'supports', NULL, 0, 'Verena Schäffer, KV Ennepe-Ruhr', NULL, NULL, NULL, NULL),
  (48, 24, 1, NULL, 'supports', NULL, 0, 'Ines Eichmüller, KV Nürnberg-Stadt', NULL, NULL, NULL, NULL),
  (49, 25, 0, NULL, 'initiates', NULL, 0, 'Sandra Hildebrandt, KV Berlin-kreisfrei', '', NULL, NULL, NULL),
  (50, 25, 0, NULL, 'supports', NULL, 0, 'Verena Schäffer, KV Ennepe-Ruhr', NULL, NULL, NULL, NULL),
  (51, 25, 1, NULL, 'supports', NULL, 0, 'Ines Eichmüller, KV Nürnberg-Stadt', NULL, NULL, NULL, NULL),
  (52, 26, 0, NULL, 'initiates', NULL, 0, 'Sandra Hildebrandt ', 'KV Berlin Kreisfrei', NULL, NULL, NULL),
  (53, 26, 1, NULL, 'supports', NULL, 0, 'Ines Eichmüller (KV Nürnberg-Stadt)', '', NULL, NULL, NULL),
  (54, 26, 2, NULL, 'supports', NULL, 0, 'Verena Schäffer (KV Ennepe-Ruhr)', '', NULL, NULL, NULL),
  (55, 27, 0, NULL, 'initiates', NULL, 0, 'Sandra Hildebrandt, KV Berlin-kreisfrei', '', NULL, NULL, NULL),
  (56, 27, 0, NULL, 'supports', NULL, 0, 'Ines Eichmüller, KV Nürnberg-Stadt', NULL, NULL, NULL, NULL),
  (57, 27, 1, NULL, 'supports', NULL, 0, 'Verena Schäffer, KV Ennepe-Ruhr', NULL, NULL, NULL, NULL),
  (58, 28, 0, NULL, 'initiates', NULL, 0, 'Sven Lehmann', 'LV NRW', NULL, NULL, NULL),
  (59, 28, 0, NULL, 'supports', NULL, 0, 'Rasmus Andresen (LV Schleswig-Holstein)', NULL, NULL, NULL, NULL),
  (60, 28, 1, NULL, 'supports', NULL, 0, 'Verena Schäffer (LV NRW)', NULL, NULL, NULL, NULL),
  (61, 29, 0, NULL, 'initiates', NULL, 0, 'Sven Lehmann', 'LV NRW', NULL, NULL, NULL),
  (62, 29, 0, NULL, 'supports', NULL, 0, 'Rasmus Andresen (LV Schleswig-Holstein)', NULL, NULL, NULL, NULL),
  (63, 29, 1, NULL, 'supports', NULL, 0, 'Verena Schäffer (LV NRW)', NULL, NULL, NULL, NULL),
  (64, 30, 0, NULL, 'initiates', NULL, 0, 'Sven Lehmann', 'LV NRW', NULL, NULL, NULL),
  (65, 30, 1, NULL, 'supports', NULL, 0, 'Rasmus Andresen (LV Schleswig-Holstein)', NULL, NULL, NULL, NULL),
  (66, 30, 2, NULL, 'supports', NULL, 0, 'Verena Schäffer (LV NRW)', NULL, NULL, NULL, NULL),
  (67, 31, 0, NULL, 'initiates', NULL, 0, 'Sven Lehmann', 'LV NRW', NULL, NULL, NULL),
  (68, 31, 0, NULL, 'supports', NULL, 0, 'Rasmus Andresen (LV Schleswig-Holstein)', NULL, NULL, NULL, NULL),
  (69, 31, 1, NULL, 'supports', NULL, 0, 'Verena Schäffer (LV NRW)', NULL, NULL, NULL, NULL),
  (70, 32, 0, NULL, 'initiates', NULL, 0, 'Sven Lehmann', 'LV NRW', NULL, NULL, NULL),
  (71, 32, 0, NULL, 'supports', NULL, 0, 'Rasmus Andresen (LV Schleswig-Holstein)', NULL, NULL, NULL, NULL),
  (72, 32, 1, NULL, 'supports', NULL, 0, 'Verena Schäffer (LV NRW)', NULL, NULL, NULL, NULL),
  (73, 33, 0, NULL, 'initiates', NULL, 0, 'Sven Lehmann', 'LV NRW', NULL, NULL, NULL),
  (74, 33, 0, NULL, 'supports', NULL, 0, 'Rasmus Andresen (LV Schleswig-Holstein)', NULL, NULL, NULL, NULL),
  (75, 33, 1, NULL, 'supports', NULL, 0, 'Verena Schäffer (LV NRW)', NULL, NULL, NULL, NULL),
  (76, 34, 0, NULL, 'initiates', NULL, 1, 'Ben Seel (LV BaWü), Bundesvorstand Grüne Jugend', '', NULL, NULL, NULL),
  (77, 34, 0, NULL, 'supports', NULL, 1, 'Erik Marquardt (Grüne Jugend)', NULL, NULL, NULL, NULL),
  (78, 34, 1, NULL, 'supports', NULL, 0, 'Moritz Heuberger (LV BaWü)', NULL, NULL, NULL, NULL),
  (79, 35, 0, NULL, 'initiates', NULL, 1, 'GRÜNE JUGEND Bundesvorstand', '', NULL, NULL, NULL),
  (80, 36, 0, NULL, 'initiates', NULL, 1, 'GRÜNE JUGEND Bundesvorstand', '', NULL, NULL, NULL),
  (81, 37, 0, NULL, 'initiates', NULL, 1, 'GRÜNE JUGEND Bundesvorstand', '', NULL, NULL, NULL),
  (82, 37, 0, NULL, 'supports', NULL, 0, 'Ben Seel', NULL, NULL, NULL, NULL),
  (83, 38, 0, NULL, 'initiates', NULL, 1, 'GRÜNE JUGEND Bundesvorstand', '', NULL, NULL, NULL),
  (84, 39, 0, NULL, 'initiates', NULL, 1, 'GRÜNE JUGEND Bundesvorstand', '', NULL, NULL, NULL),
  (85, 40, 0, NULL, 'initiates', NULL, 1, 'GRÜNE JUGEND Bundesvorstand', '', NULL, NULL, NULL),
  (86, 41, 0, NULL, 'initiates', NULL, 1, 'GRÜNE JUGEND Bundesvorstand', '', NULL, NULL, NULL),
  (87, 42, 0, NULL, 'initiates', NULL, 1, 'GRÜNE JUGEND Bundesvorstand', '', NULL, NULL, NULL),
  (88, 43, 0, NULL, 'initiates', NULL, 1, 'GRÜNE JUGEND Bundesvorstand', '', NULL, NULL, NULL),
  (89, 44, 0, NULL, 'initiates', NULL, 1, 'GRÜNE JUGEND Bundesvorstand', '', NULL, NULL, NULL),
  (90, 45, 0, NULL, 'initiates', NULL, 1, 'GRÜNE JUGEND Bundesvorstand', '', NULL, NULL, NULL),
  (91, 46, 0, NULL, 'initiates', NULL, 1, 'GRÜNE JUGEND Bundesvorstand', '', NULL, NULL, NULL),
  (92, 46, 0, NULL, 'supports', NULL, 0, 'Ben Seel', NULL, NULL, NULL, NULL),
  (93, 47, 0, NULL, 'initiates', NULL, 1, 'GRÜNE JUGEND Bundesvorstand', '', NULL, NULL, NULL),
  (94, 48, 0, NULL, 'initiates', NULL, 1, 'GRÜNE JUGEND Bundesvorstand', '', NULL, NULL, NULL),
  (95, 48, 1, NULL, 'supports', NULL, 0, 'Ben Seel', NULL, NULL, NULL, NULL),
  (96, 49, 0, NULL, 'initiates', NULL, 1, 'GRÜNE JUGEND Bundesvorstand', '', NULL, NULL, NULL),
  (97, 50, 0, NULL, 'initiates', NULL, 1, 'GRÜNE JUGEND Bundesvorstand', '', NULL, NULL, NULL),
  (98, 51, 0, NULL, 'initiates', NULL, 1, 'GRÜNE JUGEND Bundesvorstand', '', NULL, NULL, NULL),
  (99, 52, 0, NULL, 'initiates', NULL, 1, 'Grüne Jugend Bundesvorstand', '', NULL, NULL, NULL),
  (100, 53, 0, NULL, 'initiates', NULL, 1, 'Grüne Jugend Bundesvorstand', '', NULL, NULL, NULL),
  (101, 54, 0, NULL, 'initiates', NULL, 1, 'Grüne Jugend Bundesvorstand', '', NULL, NULL, NULL),
  (102, 55, 0, NULL, 'initiates', NULL, 0, 'Franziska Brantner', 'LV Baden-Württemberg', NULL, NULL, NULL),
  (103, 55, 1, NULL, 'supports', NULL, 0, 'Sven Lehmann (KV Köln)', '', NULL, NULL, NULL),
  (104, 55, 2, NULL, 'supports', NULL, 0, 'Omid Nouripour (KV Frankfurt)', '', NULL, NULL, NULL),
  (105, 56, 0, NULL, 'initiates', NULL, 0, 'Franziska Brantner', 'LV Baden-Württemberg)', NULL, NULL, NULL),
  (106, 56, 1, NULL, 'supports', NULL, 0, 'Sven Lehmann (KV Köln)', NULL, NULL, NULL, NULL),
  (107, 56, 2, NULL, 'supports', NULL, 0, 'Omid Nouripour (KV Frankfurt)', NULL, NULL, NULL, NULL),
  (108, 57, 0, NULL, 'initiates', NULL, 0, 'Daniel Gollasch', 'LV Berlin', NULL, NULL, NULL),
  (109, 57, 0, NULL, 'supports', NULL, 0, 'Antje Kapek, LV Berlin', NULL, NULL, NULL, NULL),
  (110, 57, 1, NULL, 'supports', NULL, 0, 'Axel Vogel, LV Brandenburg', NULL, NULL, NULL, NULL),
  (111, 58, 0, NULL, 'initiates', NULL, 0, 'BueninEm', NULL, NULL, NULL, NULL),
  (112, 59, 0, NULL, 'initiates', NULL, 0, 'Gerhard Schick', 'KV Mannheim', NULL, NULL, NULL),
  (113, 59, 0, NULL, 'supports', NULL, 0, 'Ska Keller (KV Spree-Neiße)', NULL, NULL, NULL, NULL),
  (114, 59, 1, NULL, 'supports', NULL, 0, 'Rasmus Andresen (KV Flensburg)', NULL, NULL, NULL, NULL),
  (115, 60, 0, NULL, 'initiates', NULL, 0, 'Gerhard Schick', 'KV Mannheim', NULL, NULL, NULL),
  (116, 60, 0, NULL, 'supports', NULL, 0, 'Ska Keller (KV Spree-Neiße)', NULL, NULL, NULL, NULL),
  (117, 60, 1, NULL, 'supports', NULL, 0, 'Rasmus Andresen (KV Flensburg)', NULL, NULL, NULL, NULL),
  (118, 61, 0, NULL, 'initiates', NULL, 0, 'Gerhard Schick', 'KV Mannheim', NULL, NULL, NULL),
  (119, 61, 0, NULL, 'supports', NULL, 0, 'Ska Keller (KV Spree-Neiße)', NULL, NULL, NULL, NULL),
  (120, 61, 1, NULL, 'supports', NULL, 0, 'Rasmus Andresen (KV Flensburg)', NULL, NULL, NULL, NULL),
  (121, 62, 0, NULL, 'initiates', NULL, 0, 'Gerhard Schick', 'KV Mannheim', NULL, NULL, NULL),
  (122, 62, 0, NULL, 'supports', NULL, 0, 'Anja Hajduk (KV Hamburg-Nord)', NULL, NULL, NULL, NULL),
  (123, 62, 1, NULL, 'supports', NULL, 0, 'Annalena Baerbock (KV Potsdam)', NULL, NULL, NULL, NULL),
  (124, 63, 0, NULL, 'initiates', NULL, 0, 'Gerhard Schick', 'KV Mannheim', NULL, NULL, NULL),
  (125, 63, 0, NULL, 'supports', NULL, 0, 'Anja Hajduk (KV Hamburg-Nord)', NULL, NULL, NULL, NULL),
  (126, 63, 1, NULL, 'supports', NULL, 0, 'Annalena Baerbock (KV Potsdam)', NULL, NULL, NULL, NULL),
  (127, 64, 0, NULL, 'initiates', NULL, 0, 'Gerhard Schick', 'KV Mannheim', NULL, NULL, NULL),
  (128, 64, 0, NULL, 'supports', NULL, 0, 'Anja Hajduk (KV Hamburg-Nord)', NULL, NULL, NULL, NULL),
  (129, 64, 1, NULL, 'supports', NULL, 0, 'Annalena Baerbock (KV Potsdam)', NULL, NULL, NULL, NULL),
  (130, 65, 0, NULL, 'initiates', NULL, 0, 'Gerhard Schick', 'KV Mannheim', NULL, NULL, NULL),
  (131, 65, 0, NULL, 'supports', NULL, 0, 'Anja Hajduk (KV Hamburg-Nord)', NULL, NULL, NULL, NULL),
  (132, 65, 1, NULL, 'supports', NULL, 0, 'Annalena Baerbock (KV Potsdam)', NULL, NULL, NULL, NULL),
  (133, 66, 0, NULL, 'initiates', NULL, 0, 'Gerhard Schick', 'KV Mannheim', NULL, NULL, NULL),
  (134, 66, 0, NULL, 'supports', NULL, 0, 'Anja Hajduk (KV Hamburg-Nord)', NULL, NULL, NULL, NULL),
  (135, 66, 1, NULL, 'supports', NULL, 0, 'Annalena Baerbock (KV Potsdam)', NULL, NULL, NULL, NULL),
  (136, 67, 0, NULL, 'initiates', NULL, 0, 'Anja Hajduk', 'KV Hamburg-Nord', NULL, NULL, NULL),
  (137, 67, 1, NULL, 'supports', NULL, 0, 'Annalena Baerbock, KV Potsdam', NULL, NULL, NULL, NULL),
  (138, 67, 2, NULL, 'supports', NULL, 0, 'Katharina Fegebank, KV Hamburg-Nord', NULL, NULL, NULL, NULL),
  (139, 68, 0, NULL, 'initiates', NULL, 0, 'Anja Hajduk', 'KV Hamburg-Nord', NULL, NULL, NULL),
  (140, 68, 0, NULL, 'supports', NULL, 0, 'Annalena Baerbock, KV Potsdam', NULL, NULL, NULL, NULL),
  (141, 68, 1, NULL, 'supports', NULL, 0, 'Katharina Fegebank, KV Hamburg-Nord', NULL, NULL, NULL, NULL),
  (142, 69, 0, NULL, 'initiates', NULL, 0, 'Anja Hajduk', 'KV Hamburg-Nord', NULL, NULL, NULL),
  (143, 69, 0, NULL, 'supports', NULL, 0, 'Katharina Fegebank', 'KV Hamburg-Nord', NULL, NULL, NULL),
  (144, 69, 1, NULL, 'supports', NULL, 0, 'Annalena Barbock', 'KV Potsdam', NULL, NULL, NULL),
  (145, 70, 0, NULL, 'initiates', NULL, 0, 'Anja Hajduk', 'KV Hamburg-Nord', NULL, NULL, NULL),
  (146, 70, 0, NULL, 'supports', NULL, 0, 'Annalena Barbock', 'KV Potsdam', NULL, NULL, NULL),
  (147, 70, 1, NULL, 'supports', NULL, 0, 'Katharina Fegebank', 'KV Hamburg-Nord', NULL, NULL, NULL),
  (148, 71, 0, NULL, 'initiates', NULL, 0, 'Anja Hajduk', 'KV Hamburg-Nord', NULL, NULL, NULL),
  (149, 71, 0, NULL, 'supports', NULL, 0, 'Katharina Fegebank, KV Hamburg-Nord', NULL, NULL, NULL, NULL),
  (150, 71, 1, NULL, 'supports', NULL, 0, 'Annalena Baerbock, KV Potsdam', NULL, NULL, NULL, NULL),
  (151, 72, 0, NULL, 'initiates', NULL, 0, 'Anja Hajduk', 'KV Hamburg-Nord', NULL, NULL, NULL),
  (152, 72, 0, NULL, 'supports', NULL, 0, 'Annalena Baerbock, KV Potsdam', NULL, NULL, NULL, NULL),
  (153, 72, 1, NULL, 'supports', NULL, 0, 'Katharina Fegebank, KV Hamburg-Nord', NULL, NULL, NULL, NULL),
  (154, 73, 0, NULL, 'initiates', NULL, 0, 'Anja Hajduk', 'KV Hamburg-Nord', NULL, NULL, NULL),
  (155, 73, 1, NULL, 'supports', NULL, 0, 'Annalena Baerbock, KV Potsdam', NULL, NULL, NULL, NULL),
  (156, 73, 2, NULL, 'supports', NULL, 0, 'Katharina Fegebank, KV Hamburg-Nord', NULL, NULL, NULL, NULL),
  (157, 74, 0, NULL, 'initiates', NULL, 0, 'Anja Hajduk', 'KV Hamburg-Nord', NULL, NULL, NULL),
  (158, 74, 0, NULL, 'supports', NULL, 0, 'Annalena Baerbock, KV Potsdam', NULL, NULL, NULL, NULL),
  (159, 74, 1, NULL, 'supports', NULL, 0, 'Katharina Fegebank, KV Hamburg-Nord', NULL, NULL, NULL, NULL),
  (160, 75, 0, NULL, 'initiates', NULL, 0, 'Anja Hajduk', 'KV Hamburg-Nord', NULL, NULL, NULL),
  (161, 75, 1, NULL, 'supports', NULL, 0, 'Annalena Baerbock, KV Potsdam', NULL, NULL, NULL, NULL),
  (162, 75, 2, NULL, 'supports', NULL, 0, 'Katharina Fegebank, KV Hamburg-Nord', NULL, NULL, NULL, NULL),
  (163, 76, 0, NULL, 'initiates', NULL, 1, 'Grüne Jugend Bundesvorstand', '', NULL, NULL, NULL),
  (164, 77, 0, NULL, 'initiates', NULL, 1, 'Grüne Jugend Bundesvorstand', '', NULL, NULL, NULL),
  (165, 78, 0, NULL, 'initiates', NULL, 1, 'Grüne Jugend Bundesvorstand', '', NULL, NULL, NULL),
  (166, 79, 0, NULL, 'initiates', NULL, 1, 'Grüne Jugend Bundesvorstand', '', NULL, NULL, NULL),
  (167, 80, 0, NULL, 'initiates', NULL, 1, 'Grüne Jugend Bundesvorstand', '', NULL, NULL, NULL),
  (168, 81, 0, NULL, 'initiates', NULL, 1, 'Grüne Jugend Bundesvorstand', '', NULL, NULL, NULL),
  (169, 82, 0, NULL, 'initiates', NULL, 1, 'Grüne Jugend Bundesvorstand', '', NULL, NULL, NULL),
  (170, 83, 0, NULL, 'initiates', NULL, 1, 'Grüne Jugend Bundesvorstand', '', NULL, NULL, NULL),
  (171, 84, 0, NULL, 'initiates', NULL, 1, 'Grüne Jugend Bundesvorstand', '', NULL, NULL, NULL),
  (172, 85, 0, NULL, 'initiates', NULL, 1, 'Grüne Jugend Bundesvorstand', '', NULL, NULL, NULL),
  (173, 86, 0, NULL, 'initiates', NULL, 1, 'Grüne Jugend Bundesvorstand', '', NULL, NULL, NULL),
  (174, 87, 0, NULL, 'initiates', NULL, 1, 'Grüne Jugend Bundesvorstand', '', NULL, NULL, NULL),
  (175, 88, 0, NULL, 'initiates', NULL, 1, 'Grüne Jugend Bundesvorstand', '', NULL, NULL, NULL),
  (176, 89, 0, NULL, 'initiates', NULL, 1, 'Grüne Jugend Bundesvorstand', '', NULL, NULL, NULL),
  (177, 90, 0, NULL, 'initiates', NULL, 1, 'Grüne Jugend Bundesvorstand', '', NULL, NULL, NULL),
  (178, 91, 1, NULL, 'initiates', NULL, 1, 'Grüne Jugend Bundesvorstand', '', NULL, NULL, NULL),
  (179, 92, 0, NULL, 'initiates', NULL, 1, 'Grüne Jugend Bundesvorstand', '', NULL, NULL, NULL),
  (180, 93, 0, NULL, 'initiates', NULL, 1, 'Grüne Jugend Bundesvorstand', '', NULL, NULL, NULL),
  (181, 94, 0, NULL, 'initiates', NULL, 1, 'Grüne Jugend Bundesvorstand', '', NULL, NULL, NULL),
  (182, 95, 0, NULL, 'initiates', NULL, 1, 'Grüne Jugend Bundesvorstand', '', NULL, NULL, NULL),
  (183, 96, 0, NULL, 'initiates', NULL, 1, 'Grüne Jugend Bundesvorstand', '', NULL, NULL, NULL),
  (184, 97, 0, NULL, 'initiates', NULL, 1, 'Grüne Jugend Bundesvorstand', '', NULL, NULL, NULL),
  (185, 98, 0, NULL, 'initiates', NULL, 1, 'Grüne Jugend Bundesvorstand', '', NULL, NULL, NULL),
  (186, 99, 0, NULL, 'initiates', NULL, 1, 'Grüne Jugend Bundesvorstand', '', NULL, NULL, NULL),
  (187, 100, 0, NULL, 'initiates', NULL, 1, 'Grüne Jugend Bundesvorstand', '', NULL, NULL, NULL),
  (188, 101, 0, NULL, 'initiates', NULL, 1, 'Grüne Jugend Bundesvorstand', '', NULL, NULL, NULL),
  (189, 102, 0, NULL, 'initiates', NULL, 1, 'Grüne Jugend Bundesvorstand', '', NULL, NULL, NULL),
  (190, 103, 0, NULL, 'initiates', NULL, 1, 'Grüne Jugend Bundesvorstand', '', NULL, NULL, NULL),
  (191, 104, 0, NULL, 'initiates', NULL, 1, 'Grüne Jugend Bundesvorstand', '', NULL, NULL, NULL),
  (192, 105, 0, NULL, 'initiates', NULL, 1, 'Grüne Jugend Bundesvorstand', '', NULL, NULL, NULL),
  (193, 106, 0, NULL, 'initiates', NULL, 1, 'Grüne Jugend Bundesvorstand', '', NULL, NULL, NULL),
  (194, 107, 0, NULL, 'initiates', NULL, 0, 'Ska Keller', 'KV Spree-Neiße', NULL, NULL, NULL),
  (195, 107, 0, NULL, 'supports', NULL, 0, 'Rasmus Andresen', NULL, NULL, NULL, NULL),
  (196, 107, 1, NULL, 'supports', NULL, 0, 'Erik Marquardt', NULL, NULL, NULL, NULL),
  (197, 108, 0, NULL, 'initiates', NULL, 1, 'Grüne Jugend Bundesvorstand', '', NULL, NULL, NULL),
  (198, 109, 0, NULL, 'initiates', NULL, 1, 'Grüne Jugend Bundesvorstand', '', NULL, NULL, NULL),
  (199, 110, 0, NULL, 'initiates', NULL, 0, 'BAG Europa (beschossen 22.4.15)', '', NULL, NULL, NULL),
  (200, 111, 0, NULL, 'initiates', NULL, 0, 'BAG Europa (Beschluss vom 22.4.15)', '', NULL, NULL, NULL),
  (201, 112, 0, NULL, 'initiates', NULL, 0, 'BAG Europa (Beschluss vom 22.4.15)', '', NULL, NULL, NULL),
  (202, 113, 0, NULL, 'initiates', NULL, 0, 'BAG Europa (Beschluss vom 24.4.15)', '', NULL, NULL, NULL),
  (203, 114, 0, NULL, 'initiates', NULL, 0, 'BAG Europa (Beschlusss vom 22.4.15)', '', NULL, NULL, NULL),
  (204, 115, 0, NULL, 'initiates', NULL, 0, 'BAG Europa (Beschluss vom 22.4.15)', '', NULL, NULL, NULL),
  (205, 116, 0, NULL, 'initiates', NULL, 0, 'BAG Europa (Beschluss vom 22.4.15)', '', NULL, NULL, NULL),
  (206, 117, 0, NULL, 'initiates', NULL, 0, 'BAG Europa (Beschluss vom 22.4.15)', '', NULL, NULL, NULL),
  (207, 118, 0, NULL, 'initiates', NULL, 0, 'BAG Europa (Beschluss vom 22.4.15', '', NULL, NULL, NULL),
  (208, 119, 0, NULL, 'initiates', NULL, 0, 'Gerhard Schick', 'LV Baden-Württemberg', NULL, NULL, NULL),
  (209, 119, 1, NULL, 'supports', NULL, 0, 'Anja Hajduk (KV Hamburg-Nord)', '', NULL, NULL, NULL),
  (210, 119, 2, NULL, 'supports', NULL, 0, 'Annalena Baerbock (KV Potsdam)', '', NULL, NULL, NULL),
  (211, 120, 0, NULL, 'initiates', NULL, 0, 'KostMich', '', NULL, NULL, NULL),
  (212, 121, 0, NULL, 'initiates', NULL, 1, 'GRÜNE JUGEND Bundesvorstand', '', NULL, NULL, NULL),
  (213, 122, 0, NULL, 'initiates', NULL, 0, 'Martin Häusling', 'KV Schwalm-Eder', NULL, NULL, NULL),
  (214, 122, 1, NULL, 'supports', NULL, 0, 'Ska Keller, KV Spree-Neiße', NULL, NULL, NULL, NULL),
  (215, 122, 2, NULL, 'supports', NULL, 0, 'Sven Lehmann, KV Köln', NULL, NULL, NULL, NULL),
  (216, 123, 0, NULL, 'initiates', NULL, 0, 'Martin Häusling', 'KV Schwalm-Eder', NULL, NULL, NULL),
  (217, 123, 1, NULL, 'supports', NULL, 0, 'Sven Lehmann, KV Köln', NULL, NULL, NULL, NULL),
  (218, 123, 2, NULL, 'supports', NULL, 0, 'Daniel Wesener, KV Friedrichshain-Kreuzberg', NULL, NULL, NULL, NULL),
  (219, 124, 0, NULL, 'initiates', NULL, 0, 'Martin Häusling', 'KV Schwalm-Eder', NULL, NULL, NULL),
  (220, 124, 1, NULL, 'supports', NULL, 0, 'Ska Keller, KV Spree-Neiße', NULL, NULL, NULL, NULL),
  (221, 124, 2, NULL, 'supports', NULL, 0, 'Sven Lehmann, KV Köln', NULL, NULL, NULL, NULL),
  (222, 125, 0, NULL, 'initiates', NULL, 0, 'Martin Häusling', 'KV Schwalm-Eder', NULL, NULL, NULL),
  (223, 125, 1, NULL, 'supports', NULL, 0, 'Ska Keller, KV Spree-Neiße', NULL, NULL, NULL, NULL),
  (224, 125, 0, NULL, 'supports', NULL, 0, 'Sven Lehmann, KV Köln', '', NULL, NULL, NULL),
  (225, 126, 0, NULL, 'initiates', NULL, 0, 'Martin Häusling', 'KV Schwalm-Eder', NULL, NULL, NULL),
  (226, 127, 0, NULL, 'initiates', NULL, 0, 'Martin Häusling', 'KV Schwalm-Eder', NULL, NULL, NULL),
  (227, 127, 0, NULL, 'supports', NULL, 0, 'Ska Keller, KV Spree-Neiße', NULL, NULL, NULL, NULL),
  (228, 127, 1, NULL, 'supports', NULL, 0, 'Sven Lehmann, KV Köln', NULL, NULL, NULL, NULL),
  (229, 128, 0, NULL, 'initiates', NULL, 0, 'Martin Häusling', 'KV Schwalm-Eder', NULL, NULL, NULL),
  (230, 128, 0, NULL, 'supports', NULL, 0, 'Ska Keller, KV Spree-Neiße', NULL, NULL, NULL, NULL),
  (231, 128, 1, NULL, 'supports', NULL, 0, 'Sven Lehmann, KV Köln', NULL, NULL, NULL, NULL),
  (232, 129, 0, NULL, 'initiates', NULL, 0, 'KostMich', '', NULL, NULL, NULL),
  (233, 130, 0, NULL, 'initiates', NULL, 1, 'GRÜNE JUGEND Bundesvorstand', '', NULL, NULL, NULL),
  (234, 131, 0, NULL, 'initiates', NULL, 1, 'GRÜNE JUGEND Bundesvorstand', '', NULL, NULL, NULL),
  (235, 132, 0, NULL, 'initiates', NULL, 1, 'GRÜNE JUGEND Bundesvorstand', '', NULL, NULL, NULL),
  (236, 133, 0, NULL, 'initiates', NULL, 0, 'Jutta Paulus', 'LV Rheinland-Pfalz', NULL, NULL, NULL),
  (237, 133, 0, NULL, 'supports', NULL, 1, 'Theresa Kalmer, Grüne Jugend', '', NULL, NULL, NULL),
  (238, 133, 1, NULL, 'supports', NULL, 0, 'André Schulze, KV Berlin-Neukölln', '', NULL, NULL, NULL),
  (239, 134, 0, NULL, 'initiates', NULL, 0, 'Jutta Paulus', 'LV Rheinland-Pfalz', NULL, NULL, NULL),
  (240, 134, 1, NULL, 'supports', NULL, 1, 'Theresa Kalmer, Grüne Jugend', NULL, NULL, NULL, NULL),
  (241, 134, 2, NULL, 'supports', NULL, 0, 'André Schulze, KV Berlin-Neukölln', NULL, NULL, NULL, NULL),
  (242, 135, 0, NULL, 'initiates', NULL, 1, 'GRÜNE JUGEND Bundesvorstand', '', NULL, NULL, NULL),
  (243, 136, 0, NULL, 'initiates', NULL, 0, 'Programmkommission', 'Bundesverband', NULL, NULL, NULL),
  (244, 137, 0, NULL, 'initiates', NULL, 0, 'Test', '', NULL, NULL, NULL),
  (245, 138, 0, NULL, 'initiates', NULL, 1, 'Bundesvorstand', '', NULL, NULL, NULL),
  (246, 139, 0, NULL, 'initiates', NULL, 0, 'Test', 'Test', NULL, NULL, NULL),
  (247, 140, 0, NULL, 'initiates', NULL, 0, 'Test - 1', '', NULL, NULL, NULL),
  (248, 141, 0, NULL, 'initiates', NULL, 0, 'Tobias Hößl', '', NULL, NULL, NULL),
  (249, 142, 0, NULL, 'initiates', NULL, 0, 'Tobias Hößl', '', NULL, NULL, NULL),
  (250, 143, 0, NULL, 'initiates', NULL, 0, 'Daniel Gollasch', 'LV Berlin', NULL, NULL, NULL),
  (251, 143, 1, NULL, 'supports', NULL, 0, 'Antje Kapek, LV Berlin', NULL, NULL, NULL, NULL),
  (252, 143, 2, NULL, 'supports', NULL, 0, 'Axel Vogel, LV Brandenburg', NULL, NULL, NULL, NULL),
  (253, 144, 0, NULL, 'initiates', NULL, 0, 'Daniel Gollasch', 'LV Berlin', NULL, NULL, NULL),
  (254, 145, 0, NULL, 'initiates', NULL, 0, 'Daniel Gollasch', 'LV BerlinBundesverband', NULL, NULL, NULL),
  (255, 145, 1, NULL, 'supports', NULL, 0, 'Antje Kapek, LV Berlin', NULL, NULL, NULL, NULL),
  (256, 145, 2, NULL, 'supports', NULL, 0, 'Axel Vogel, LV Brandenburg', NULL, NULL, NULL, NULL),
  (257, 146, 0, NULL, 'initiates', NULL, 0, 'Daniel Gollasch', 'LV Berlin', NULL, NULL, NULL),
  (258, 146, 1, NULL, 'supports', NULL, 0, 'Antje Kapek, LV Berlin', NULL, NULL, NULL, NULL),
  (259, 146, 2, NULL, 'supports', NULL, 0, 'Axel Vogel, LV Brandenburg', NULL, NULL, NULL, NULL),
  (260, 147, 0, NULL, 'initiates', NULL, 0, 'Sandra Hildebrandt, KV Berlin-kreisfrei', '', NULL, NULL, NULL),
  (261, 147, 0, NULL, 'supports', NULL, 0, 'Ines Eichmüller, KV Nürnberg-Stadt', NULL, NULL, NULL, NULL),
  (262, 147, 1, NULL, 'supports', NULL, 0, 'Verena Schäffer, KV Ennepe-Ruhr', NULL, NULL, NULL, NULL),
  (263, 148, 0, NULL, 'initiates', NULL, 0, 'Sandra Hildebrandt ', 'KV Berlin Kreisfrei', NULL, NULL, NULL),
  (264, 148, 1, NULL, 'supports', NULL, 0, 'Ines Eichmüller (KV Nürnberg-Land)', '', NULL, NULL, NULL),
  (265, 148, 2, NULL, 'supports', NULL, 0, 'Verena Schäffer (KV Ennepe-Ruhr)', '', NULL, NULL, NULL),
  (266, 149, 0, NULL, 'initiates', NULL, 0, 'Sandra Hildebrandt, KV Berlin-kreisfrei', '', NULL, NULL, NULL),
  (267, 149, 0, NULL, 'supports', NULL, 0, 'Ines Eichmüller (KV Nürnberg-Stadt)', '', NULL, NULL, NULL),
  (268, 149, 1, NULL, 'supports', NULL, 0, 'Verena Schäffer (KV Ennepe-Ruhr)', '', NULL, NULL, NULL),
  (269, 150, 0, NULL, 'initiates', NULL, 0, 'Sandra Hildebrandt ', 'KV Berlin Kreisfrei', NULL, NULL, NULL),
  (270, 150, 0, NULL, 'supports', NULL, 0, 'Ines Eichmüller (KV Nürnberg-Stadt)', NULL, NULL, NULL, NULL),
  (271, 150, 1, NULL, 'supports', NULL, 0, 'Verena Schäffer (KV Ennepe-Ruhr)', NULL, NULL, NULL, NULL),
  (272, 151, 0, NULL, 'initiates', NULL, 0, 'Sandra Hildebrandt ', 'KV Berlin Kreisfrei', NULL, NULL, NULL),
  (273, 151, 0, NULL, 'supports', NULL, 0, 'Ines Eichmüller (KV Nürnberg-Stadt)', NULL, NULL, NULL, NULL),
  (274, 151, 1, NULL, 'supports', NULL, 0, '), Verena Schäffer (KV Ennepe-Ruhr)', NULL, NULL, NULL, NULL),
  (275, 152, 0, NULL, 'initiates', NULL, 0, 'Sandra Hildebrandt, KV Berlin-kreisfrei', '', NULL, NULL, NULL),
  (276, 152, 0, NULL, 'supports', NULL, 0, 'Ines Eichmüller, KV Nürnberg-Stadt', NULL, NULL, NULL, NULL),
  (277, 152, 1, NULL, 'supports', NULL, 0, 'Verena Schäffer, KV Ennepe-Ruhr', NULL, NULL, NULL, NULL),
  (278, 153, 0, NULL, 'initiates', NULL, 0, 'Sandra Hildebrandt ', 'KV Berlin Kreisfrei', NULL, NULL, NULL),
  (279, 153, 1, NULL, 'supports', NULL, 0, 'Ines Eichmüller (KV Nürnberg-Stadt)', NULL, NULL, NULL, NULL),
  (280, 153, 2, NULL, 'supports', NULL, 0, 'Verena Schäffer (KV Ennepe-Ruhr)', NULL, NULL, NULL, NULL),
  (281, 154, 0, NULL, 'initiates', NULL, 0, 'Sandra Hildebrandt, KV Berlin-kreisfrei', '', NULL, NULL, NULL),
  (282, 155, 0, NULL, 'initiates', NULL, 0, 'Sandra Hildebrandt', 'KV Berlin-Kreisfrei', NULL, NULL, NULL),
  (283, 156, 0, NULL, 'initiates', NULL, 0, 'Sandra Hildebrandt, KV Berlin-kreisfrei', '', NULL, NULL, NULL),
  (284, 156, 0, NULL, 'supports', NULL, 0, 'Ines Eichmüller, KV Nürnberg-Stadt', NULL, NULL, NULL, NULL),
  (285, 156, 1, NULL, 'supports', NULL, 0, 'Verena Schäffer, KV Ennepe-Ruhr', NULL, NULL, NULL, NULL),
  (286, 157, 0, NULL, 'initiates', NULL, 0, 'Sandra Hildebrandt, KV Berlin-kreisfrei', '', NULL, NULL, NULL),
  (287, 157, 0, NULL, 'supports', NULL, 0, 'Verena Schäffer, KV Ennepe-Ruhr', NULL, NULL, NULL, NULL),
  (288, 157, 1, NULL, 'supports', NULL, 0, 'Ines Eichmüller, KV Nürnberg-Stadt', NULL, NULL, NULL, NULL),
  (289, 158, 0, NULL, 'initiates', NULL, 0, 'Sandra Hildebrandt, KV Berlin-kreisfrei', '', NULL, NULL, NULL),
  (290, 158, 0, NULL, 'supports', NULL, 0, 'Verena Schäffer, KV Ennepe-Ruhr', NULL, NULL, NULL, NULL),
  (291, 158, 1, NULL, 'supports', NULL, 0, 'Ines Eichmüller, KV Nürnberg-Stadt', NULL, NULL, NULL, NULL),
  (292, 159, 0, NULL, 'initiates', NULL, 0, 'Sandra Hildebrandt ', 'KV Berlin Kreisfrei', NULL, NULL, NULL),
  (293, 159, 1, NULL, 'supports', NULL, 0, 'Ines Eichmüller (KV Nürnberg-Stadt)', '', NULL, NULL, NULL),
  (294, 159, 2, NULL, 'supports', NULL, 0, 'Verena Schäffer (KV Ennepe-Ruhr)', '', NULL, NULL, NULL),
  (295, 160, 0, NULL, 'initiates', NULL, 0, 'Sandra Hildebrandt, KV Berlin-kreisfrei', '', NULL, NULL, NULL),
  (296, 160, 0, NULL, 'supports', NULL, 0, 'Ines Eichmüller, KV Nürnberg-Stadt', NULL, NULL, NULL, NULL),
  (297, 160, 1, NULL, 'supports', NULL, 0, 'Verena Schäffer, KV Ennepe-Ruhr', NULL, NULL, NULL, NULL),
  (298, 161, 0, NULL, 'initiates', NULL, 0, 'Sven Lehmann', 'LV NRW', NULL, NULL, NULL),
  (299, 161, 0, NULL, 'supports', NULL, 0, 'Rasmus Andresen (LV Schleswig-Holstein)', NULL, NULL, NULL, NULL),
  (300, 161, 1, NULL, 'supports', NULL, 0, 'Verena Schäffer (LV NRW)', NULL, NULL, NULL, NULL),
  (301, 162, 0, NULL, 'initiates', NULL, 0, 'Sven Lehmann', 'LV NRW', NULL, NULL, NULL),
  (302, 162, 0, NULL, 'supports', NULL, 0, 'Rasmus Andresen (LV Schleswig-Holstein)', NULL, NULL, NULL, NULL),
  (303, 162, 1, NULL, 'supports', NULL, 0, 'Verena Schäffer (LV NRW)', NULL, NULL, NULL, NULL),
  (304, 163, 0, NULL, 'initiates', NULL, 0, 'Sven Lehmann', 'LV NRW', NULL, NULL, NULL),
  (305, 163, 1, NULL, 'supports', NULL, 0, 'Rasmus Andresen (LV Schleswig-Holstein)', NULL, NULL, NULL, NULL),
  (306, 163, 2, NULL, 'supports', NULL, 0, 'Verena Schäffer (LV NRW)', NULL, NULL, NULL, NULL),
  (307, 164, 0, NULL, 'initiates', NULL, 0, 'Sven Lehmann', 'LV NRW', NULL, NULL, NULL),
  (308, 164, 0, NULL, 'supports', NULL, 0, 'Rasmus Andresen (LV Schleswig-Holstein)', NULL, NULL, NULL, NULL),
  (309, 164, 1, NULL, 'supports', NULL, 0, 'Verena Schäffer (LV NRW)', NULL, NULL, NULL, NULL),
  (310, 165, 0, NULL, 'initiates', NULL, 0, 'Sven Lehmann', 'LV NRW', NULL, NULL, NULL),
  (311, 165, 0, NULL, 'supports', NULL, 0, 'Rasmus Andresen (LV Schleswig-Holstein)', NULL, NULL, NULL, NULL),
  (312, 165, 1, NULL, 'supports', NULL, 0, 'Verena Schäffer (LV NRW)', NULL, NULL, NULL, NULL),
  (313, 166, 0, NULL, 'initiates', NULL, 0, 'Sven Lehmann', 'LV NRW', NULL, NULL, NULL),
  (314, 166, 0, NULL, 'supports', NULL, 0, 'Rasmus Andresen (LV Schleswig-Holstein)', NULL, NULL, NULL, NULL),
  (315, 166, 1, NULL, 'supports', NULL, 0, 'Verena Schäffer (LV NRW)', NULL, NULL, NULL, NULL),
  (316, 167, 0, NULL, 'initiates', NULL, 1, 'Ben Seel (LV BaWü), Bundesvorstand Grüne Jugend', '', NULL, NULL, NULL),
  (317, 167, 0, NULL, 'supports', NULL, 1, 'Erik Marquardt (Grüne Jugend)', NULL, NULL, NULL, NULL),
  (318, 167, 1, NULL, 'supports', NULL, 0, 'Moritz Heuberger (LV BaWü)', NULL, NULL, NULL, NULL),
  (319, 168, 0, NULL, 'initiates', NULL, 1, 'GRÜNE JUGEND Bundesvorstand', '', NULL, NULL, NULL),
  (320, 169, 0, NULL, 'initiates', NULL, 1, 'GRÜNE JUGEND Bundesvorstand', '', NULL, NULL, NULL),
  (321, 170, 0, NULL, 'initiates', NULL, 1, 'GRÜNE JUGEND Bundesvorstand', '', NULL, NULL, NULL),
  (322, 170, 0, NULL, 'supports', NULL, 0, 'Ben Seel', NULL, NULL, NULL, NULL),
  (323, 171, 0, NULL, 'initiates', NULL, 1, 'GRÜNE JUGEND Bundesvorstand', '', NULL, NULL, NULL),
  (324, 172, 0, NULL, 'initiates', NULL, 1, 'GRÜNE JUGEND Bundesvorstand', '', NULL, NULL, NULL),
  (325, 173, 0, NULL, 'initiates', NULL, 1, 'GRÜNE JUGEND Bundesvorstand', '', NULL, NULL, NULL),
  (326, 174, 0, NULL, 'initiates', NULL, 1, 'GRÜNE JUGEND Bundesvorstand', '', NULL, NULL, NULL),
  (327, 175, 0, NULL, 'initiates', NULL, 1, 'GRÜNE JUGEND Bundesvorstand', '', NULL, NULL, NULL),
  (328, 176, 0, NULL, 'initiates', NULL, 1, 'GRÜNE JUGEND Bundesvorstand', '', NULL, NULL, NULL),
  (329, 177, 0, NULL, 'initiates', NULL, 1, 'GRÜNE JUGEND Bundesvorstand', '', NULL, NULL, NULL),
  (330, 178, 0, NULL, 'initiates', NULL, 1, 'GRÜNE JUGEND Bundesvorstand', '', NULL, NULL, NULL),
  (331, 179, 0, NULL, 'initiates', NULL, 1, 'GRÜNE JUGEND Bundesvorstand', '', NULL, NULL, NULL),
  (332, 179, 0, NULL, 'supports', NULL, 0, 'Ben Seel', NULL, NULL, NULL, NULL),
  (333, 180, 0, NULL, 'initiates', NULL, 1, 'GRÜNE JUGEND Bundesvorstand', '', NULL, NULL, NULL),
  (334, 181, 0, NULL, 'initiates', NULL, 1, 'GRÜNE JUGEND Bundesvorstand', '', NULL, NULL, NULL),
  (335, 181, 1, NULL, 'supports', NULL, 0, 'Ben Seel', NULL, NULL, NULL, NULL),
  (336, 182, 0, NULL, 'initiates', NULL, 1, 'GRÜNE JUGEND Bundesvorstand', '', NULL, NULL, NULL),
  (337, 183, 0, NULL, 'initiates', NULL, 1, 'GRÜNE JUGEND Bundesvorstand', '', NULL, NULL, NULL),
  (338, 184, 0, NULL, 'initiates', NULL, 1, 'GRÜNE JUGEND Bundesvorstand', '', NULL, NULL, NULL),
  (339, 185, 0, NULL, 'initiates', NULL, 1, 'Grüne Jugend Bundesvorstand', '', NULL, NULL, NULL),
  (340, 186, 0, NULL, 'initiates', NULL, 1, 'Grüne Jugend Bundesvorstand', '', NULL, NULL, NULL),
  (341, 187, 0, NULL, 'initiates', NULL, 1, 'Grüne Jugend Bundesvorstand', '', NULL, NULL, NULL),
  (342, 188, 0, NULL, 'initiates', NULL, 0, 'Franziska Brantner', 'LV Baden-Württemberg', NULL, NULL, NULL),
  (343, 188, 1, NULL, 'supports', NULL, 0, 'Sven Lehmann (KV Köln)', '', NULL, NULL, NULL),
  (344, 188, 2, NULL, 'supports', NULL, 0, 'Omid Nouripour (KV Frankfurt)', '', NULL, NULL, NULL),
  (345, 189, 0, NULL, 'initiates', NULL, 0, 'Franziska Brantner', 'LV Baden-Württemberg)', NULL, NULL, NULL),
  (346, 189, 1, NULL, 'supports', NULL, 0, 'Sven Lehmann (KV Köln)', NULL, NULL, NULL, NULL),
  (347, 189, 2, NULL, 'supports', NULL, 0, 'Omid Nouripour (KV Frankfurt)', NULL, NULL, NULL, NULL),
  (348, 190, 0, NULL, 'initiates', NULL, 0, 'Daniel Gollasch', 'LV Berlin', NULL, NULL, NULL),
  (349, 190, 0, NULL, 'supports', NULL, 0, 'Antje Kapek, LV Berlin', NULL, NULL, NULL, NULL),
  (350, 190, 1, NULL, 'supports', NULL, 0, 'Axel Vogel, LV Brandenburg', NULL, NULL, NULL, NULL),
  (351, 191, 0, NULL, 'initiates', NULL, 0, 'BueninEm', NULL, NULL, NULL, NULL),
  (352, 192, 0, NULL, 'initiates', NULL, 0, 'Gerhard Schick', 'KV Mannheim', NULL, NULL, NULL),
  (353, 192, 0, NULL, 'supports', NULL, 0, 'Ska Keller (KV Spree-Neiße)', NULL, NULL, NULL, NULL),
  (354, 192, 1, NULL, 'supports', NULL, 0, 'Rasmus Andresen (KV Flensburg)', NULL, NULL, NULL, NULL),
  (355, 193, 0, NULL, 'initiates', NULL, 0, 'Gerhard Schick', 'KV Mannheim', NULL, NULL, NULL),
  (356, 193, 0, NULL, 'supports', NULL, 0, 'Ska Keller (KV Spree-Neiße)', NULL, NULL, NULL, NULL),
  (357, 193, 1, NULL, 'supports', NULL, 0, 'Rasmus Andresen (KV Flensburg)', NULL, NULL, NULL, NULL),
  (358, 194, 0, NULL, 'initiates', NULL, 0, 'Gerhard Schick', 'KV Mannheim', NULL, NULL, NULL),
  (359, 194, 0, NULL, 'supports', NULL, 0, 'Ska Keller (KV Spree-Neiße)', NULL, NULL, NULL, NULL),
  (360, 194, 1, NULL, 'supports', NULL, 0, 'Rasmus Andresen (KV Flensburg)', NULL, NULL, NULL, NULL),
  (361, 195, 0, NULL, 'initiates', NULL, 0, 'Gerhard Schick', 'KV Mannheim', NULL, NULL, NULL),
  (362, 195, 0, NULL, 'supports', NULL, 0, 'Anja Hajduk (KV Hamburg-Nord)', NULL, NULL, NULL, NULL),
  (363, 195, 1, NULL, 'supports', NULL, 0, 'Annalena Baerbock (KV Potsdam)', NULL, NULL, NULL, NULL),
  (364, 196, 0, NULL, 'initiates', NULL, 0, 'Gerhard Schick', 'KV Mannheim', NULL, NULL, NULL),
  (365, 196, 0, NULL, 'supports', NULL, 0, 'Anja Hajduk (KV Hamburg-Nord)', NULL, NULL, NULL, NULL),
  (366, 196, 1, NULL, 'supports', NULL, 0, 'Annalena Baerbock (KV Potsdam)', NULL, NULL, NULL, NULL),
  (367, 197, 0, NULL, 'initiates', NULL, 0, 'Gerhard Schick', 'KV Mannheim', NULL, NULL, NULL),
  (368, 197, 0, NULL, 'supports', NULL, 0, 'Anja Hajduk (KV Hamburg-Nord)', NULL, NULL, NULL, NULL),
  (369, 197, 1, NULL, 'supports', NULL, 0, 'Annalena Baerbock (KV Potsdam)', NULL, NULL, NULL, NULL),
  (370, 198, 0, NULL, 'initiates', NULL, 0, 'Gerhard Schick', 'KV Mannheim', NULL, NULL, NULL),
  (371, 198, 0, NULL, 'supports', NULL, 0, 'Anja Hajduk (KV Hamburg-Nord)', NULL, NULL, NULL, NULL),
  (372, 198, 1, NULL, 'supports', NULL, 0, 'Annalena Baerbock (KV Potsdam)', NULL, NULL, NULL, NULL),
  (373, 199, 0, NULL, 'initiates', NULL, 0, 'Gerhard Schick', 'KV Mannheim', NULL, NULL, NULL),
  (374, 199, 0, NULL, 'supports', NULL, 0, 'Anja Hajduk (KV Hamburg-Nord)', NULL, NULL, NULL, NULL),
  (375, 199, 1, NULL, 'supports', NULL, 0, 'Annalena Baerbock (KV Potsdam)', NULL, NULL, NULL, NULL),
  (376, 200, 0, NULL, 'initiates', NULL, 0, 'Anja Hajduk', 'KV Hamburg-Nord', NULL, NULL, NULL),
  (377, 200, 1, NULL, 'supports', NULL, 0, 'Annalena Baerbock, KV Potsdam', NULL, NULL, NULL, NULL),
  (378, 200, 2, NULL, 'supports', NULL, 0, 'Katharina Fegebank, KV Hamburg-Nord', NULL, NULL, NULL, NULL),
  (379, 201, 0, NULL, 'initiates', NULL, 0, 'Anja Hajduk', 'KV Hamburg-Nord', NULL, NULL, NULL),
  (380, 201, 0, NULL, 'supports', NULL, 0, 'Annalena Baerbock, KV Potsdam', NULL, NULL, NULL, NULL),
  (381, 201, 1, NULL, 'supports', NULL, 0, 'Katharina Fegebank, KV Hamburg-Nord', NULL, NULL, NULL, NULL),
  (382, 202, 0, NULL, 'initiates', NULL, 0, 'Anja Hajduk', 'KV Hamburg-Nord', NULL, NULL, NULL),
  (383, 202, 0, NULL, 'supports', NULL, 0, 'Katharina Fegebank', 'KV Hamburg-Nord', NULL, NULL, NULL),
  (384, 202, 1, NULL, 'supports', NULL, 0, 'Annalena Barbock', 'KV Potsdam', NULL, NULL, NULL),
  (385, 203, 0, NULL, 'initiates', NULL, 0, 'Anja Hajduk', 'KV Hamburg-Nord', NULL, NULL, NULL),
  (386, 203, 0, NULL, 'supports', NULL, 0, 'Annalena Barbock', 'KV Potsdam', NULL, NULL, NULL),
  (387, 203, 1, NULL, 'supports', NULL, 0, 'Katharina Fegebank', 'KV Hamburg-Nord', NULL, NULL, NULL),
  (388, 204, 0, NULL, 'initiates', NULL, 0, 'Anja Hajduk', 'KV Hamburg-Nord', NULL, NULL, NULL),
  (389, 204, 0, NULL, 'supports', NULL, 0, 'Katharina Fegebank, KV Hamburg-Nord', NULL, NULL, NULL, NULL),
  (390, 204, 1, NULL, 'supports', NULL, 0, 'Annalena Baerbock, KV Potsdam', NULL, NULL, NULL, NULL),
  (391, 205, 0, NULL, 'initiates', NULL, 0, 'Anja Hajduk', 'KV Hamburg-Nord', NULL, NULL, NULL),
  (392, 205, 0, NULL, 'supports', NULL, 0, 'Annalena Baerbock, KV Potsdam', NULL, NULL, NULL, NULL),
  (393, 205, 1, NULL, 'supports', NULL, 0, 'Katharina Fegebank, KV Hamburg-Nord', NULL, NULL, NULL, NULL),
  (394, 206, 0, NULL, 'initiates', NULL, 0, 'Anja Hajduk', 'KV Hamburg-Nord', NULL, NULL, NULL),
  (395, 206, 1, NULL, 'supports', NULL, 0, 'Annalena Baerbock, KV Potsdam', NULL, NULL, NULL, NULL),
  (396, 206, 2, NULL, 'supports', NULL, 0, 'Katharina Fegebank, KV Hamburg-Nord', NULL, NULL, NULL, NULL),
  (397, 207, 0, NULL, 'initiates', NULL, 0, 'Anja Hajduk', 'KV Hamburg-Nord', NULL, NULL, NULL),
  (398, 207, 0, NULL, 'supports', NULL, 0, 'Annalena Baerbock, KV Potsdam', NULL, NULL, NULL, NULL),
  (399, 207, 1, NULL, 'supports', NULL, 0, 'Katharina Fegebank, KV Hamburg-Nord', NULL, NULL, NULL, NULL),
  (400, 208, 0, NULL, 'initiates', NULL, 0, 'Anja Hajduk', 'KV Hamburg-Nord', NULL, NULL, NULL),
  (401, 208, 1, NULL, 'supports', NULL, 0, 'Annalena Baerbock, KV Potsdam', NULL, NULL, NULL, NULL),
  (402, 208, 2, NULL, 'supports', NULL, 0, 'Katharina Fegebank, KV Hamburg-Nord', NULL, NULL, NULL, NULL),
  (403, 209, 0, NULL, 'initiates', NULL, 1, 'Grüne Jugend Bundesvorstand', '', NULL, NULL, NULL),
  (404, 210, 0, NULL, 'initiates', NULL, 1, 'Grüne Jugend Bundesvorstand', '', NULL, NULL, NULL),
  (405, 211, 0, NULL, 'initiates', NULL, 1, 'Grüne Jugend Bundesvorstand', '', NULL, NULL, NULL),
  (406, 212, 0, NULL, 'initiates', NULL, 1, 'Grüne Jugend Bundesvorstand', '', NULL, NULL, NULL),
  (407, 213, 0, NULL, 'initiates', NULL, 1, 'Grüne Jugend Bundesvorstand', '', NULL, NULL, NULL),
  (408, 214, 0, NULL, 'initiates', NULL, 1, 'Grüne Jugend Bundesvorstand', '', NULL, NULL, NULL),
  (409, 215, 0, NULL, 'initiates', NULL, 1, 'Grüne Jugend Bundesvorstand', '', NULL, NULL, NULL),
  (410, 216, 0, NULL, 'initiates', NULL, 1, 'Grüne Jugend Bundesvorstand', '', NULL, NULL, NULL),
  (411, 217, 0, NULL, 'initiates', NULL, 1, 'Grüne Jugend Bundesvorstand', '', NULL, NULL, NULL),
  (412, 218, 0, NULL, 'initiates', NULL, 1, 'Grüne Jugend Bundesvorstand', '', NULL, NULL, NULL),
  (413, 219, 0, NULL, 'initiates', NULL, 1, 'Grüne Jugend Bundesvorstand', '', NULL, NULL, NULL),
  (414, 220, 0, NULL, 'initiates', NULL, 1, 'Grüne Jugend Bundesvorstand', '', NULL, NULL, NULL),
  (415, 221, 0, NULL, 'initiates', NULL, 1, 'Grüne Jugend Bundesvorstand', '', NULL, NULL, NULL),
  (416, 222, 0, NULL, 'initiates', NULL, 1, 'Grüne Jugend Bundesvorstand', '', NULL, NULL, NULL),
  (417, 223, 0, NULL, 'initiates', NULL, 1, 'Grüne Jugend Bundesvorstand', '', NULL, NULL, NULL),
  (418, 224, 1, NULL, 'initiates', NULL, 1, 'Grüne Jugend Bundesvorstand', '', NULL, NULL, NULL),
  (419, 225, 0, NULL, 'initiates', NULL, 1, 'Grüne Jugend Bundesvorstand', '', NULL, NULL, NULL),
  (420, 226, 0, NULL, 'initiates', NULL, 1, 'Grüne Jugend Bundesvorstand', '', NULL, NULL, NULL),
  (421, 227, 0, NULL, 'initiates', NULL, 1, 'Grüne Jugend Bundesvorstand', '', NULL, NULL, NULL),
  (422, 228, 0, NULL, 'initiates', NULL, 1, 'Grüne Jugend Bundesvorstand', '', NULL, NULL, NULL),
  (423, 229, 0, NULL, 'initiates', NULL, 1, 'Grüne Jugend Bundesvorstand', '', NULL, NULL, NULL),
  (424, 230, 0, NULL, 'initiates', NULL, 1, 'Grüne Jugend Bundesvorstand', '', NULL, NULL, NULL),
  (425, 231, 0, NULL, 'initiates', NULL, 1, 'Grüne Jugend Bundesvorstand', '', NULL, NULL, NULL),
  (426, 232, 0, NULL, 'initiates', NULL, 1, 'Grüne Jugend Bundesvorstand', '', NULL, NULL, NULL),
  (427, 233, 0, NULL, 'initiates', NULL, 1, 'Grüne Jugend Bundesvorstand', '', NULL, NULL, NULL),
  (428, 234, 0, NULL, 'initiates', NULL, 1, 'Grüne Jugend Bundesvorstand', '', NULL, NULL, NULL),
  (429, 235, 0, NULL, 'initiates', NULL, 1, 'Grüne Jugend Bundesvorstand', '', NULL, NULL, NULL),
  (430, 236, 0, NULL, 'initiates', NULL, 1, 'Grüne Jugend Bundesvorstand', '', NULL, NULL, NULL),
  (431, 237, 0, NULL, 'initiates', NULL, 1, 'Grüne Jugend Bundesvorstand', '', NULL, NULL, NULL),
  (432, 238, 0, NULL, 'initiates', NULL, 1, 'Grüne Jugend Bundesvorstand', '', NULL, NULL, NULL),
  (433, 239, 0, NULL, 'initiates', NULL, 1, 'Grüne Jugend Bundesvorstand', '', NULL, NULL, NULL),
  (434, 240, 0, NULL, 'initiates', NULL, 0, 'Ska Keller', 'KV Spree-Neiße', NULL, NULL, NULL),
  (435, 240, 0, NULL, 'supports', NULL, 0, 'Rasmus Andresen', NULL, NULL, NULL, NULL),
  (436, 240, 1, NULL, 'supports', NULL, 0, 'Erik Marquardt', NULL, NULL, NULL, NULL),
  (437, 241, 0, NULL, 'initiates', NULL, 1, 'Grüne Jugend Bundesvorstand', '', NULL, NULL, NULL),
  (438, 242, 0, NULL, 'initiates', NULL, 1, 'Grüne Jugend Bundesvorstand', '', NULL, NULL, NULL),
  (439, 243, 0, NULL, 'initiates', NULL, 0, 'BAG Europa (beschossen 22.4.15)', '', NULL, NULL, NULL),
  (440, 244, 0, NULL, 'initiates', NULL, 0, 'BAG Europa (Beschluss vom 22.4.15)', '', NULL, NULL, NULL),
  (441, 245, 0, NULL, 'initiates', NULL, 0, 'BAG Europa (Beschluss vom 22.4.15)', '', NULL, NULL, NULL),
  (442, 246, 0, NULL, 'initiates', NULL, 0, 'BAG Europa (Beschluss vom 24.4.15)', '', NULL, NULL, NULL),
  (443, 247, 0, NULL, 'initiates', NULL, 0, 'BAG Europa (Beschlusss vom 22.4.15)', '', NULL, NULL, NULL),
  (444, 248, 0, NULL, 'initiates', NULL, 0, 'BAG Europa (Beschluss vom 22.4.15)', '', NULL, NULL, NULL),
  (445, 249, 0, NULL, 'initiates', NULL, 0, 'BAG Europa (Beschluss vom 22.4.15)', '', NULL, NULL, NULL),
  (446, 250, 0, NULL, 'initiates', NULL, 0, 'BAG Europa (Beschluss vom 22.4.15)', '', NULL, NULL, NULL),
  (447, 251, 0, NULL, 'initiates', NULL, 0, 'BAG Europa (Beschluss vom 22.4.15', '', NULL, NULL, NULL),
  (448, 252, 0, NULL, 'initiates', NULL, 0, 'Gerhard Schick', 'LV Baden-Württemberg', NULL, NULL, NULL),
  (449, 252, 1, NULL, 'supports', NULL, 0, 'Anja Hajduk (KV Hamburg-Nord)', '', NULL, NULL, NULL),
  (450, 252, 2, NULL, 'supports', NULL, 0, 'Annalena Baerbock (KV Potsdam)', '', NULL, NULL, NULL),
  (451, 253, 0, NULL, 'initiates', NULL, 0, 'KostMich', '', NULL, NULL, NULL),
  (452, 254, 0, NULL, 'initiates', NULL, 1, 'GRÜNE JUGEND Bundesvorstand', '', NULL, NULL, NULL),
  (453, 255, 0, NULL, 'initiates', NULL, 0, 'Martin Häusling', 'KV Schwalm-Eder', NULL, NULL, NULL),
  (454, 255, 1, NULL, 'supports', NULL, 0, 'Ska Keller, KV Spree-Neiße', NULL, NULL, NULL, NULL),
  (455, 255, 2, NULL, 'supports', NULL, 0, 'Sven Lehmann, KV Köln', NULL, NULL, NULL, NULL),
  (456, 256, 0, NULL, 'initiates', NULL, 0, 'Martin Häusling', 'KV Schwalm-Eder', NULL, NULL, NULL),
  (457, 256, 1, NULL, 'supports', NULL, 0, 'Sven Lehmann, KV Köln', NULL, NULL, NULL, NULL),
  (458, 256, 2, NULL, 'supports', NULL, 0, 'Daniel Wesener, KV Friedrichshain-Kreuzberg', NULL, NULL, NULL, NULL),
  (459, 257, 0, NULL, 'initiates', NULL, 0, 'Martin Häusling', 'KV Schwalm-Eder', NULL, NULL, NULL),
  (460, 257, 1, NULL, 'supports', NULL, 0, 'Ska Keller, KV Spree-Neiße', NULL, NULL, NULL, NULL),
  (461, 257, 2, NULL, 'supports', NULL, 0, 'Sven Lehmann, KV Köln', NULL, NULL, NULL, NULL),
  (462, 258, 0, NULL, 'initiates', NULL, 0, 'Martin Häusling', 'KV Schwalm-Eder', NULL, NULL, NULL),
  (463, 258, 1, NULL, 'supports', NULL, 0, 'Ska Keller, KV Spree-Neiße', NULL, NULL, NULL, NULL),
  (464, 258, 0, NULL, 'supports', NULL, 0, 'Sven Lehmann, KV Köln', '', NULL, NULL, NULL),
  (465, 259, 0, NULL, 'initiates', NULL, 0, 'Martin Häusling', 'KV Schwalm-Eder', NULL, NULL, NULL),
  (466, 260, 0, NULL, 'initiates', NULL, 0, 'Martin Häusling', 'KV Schwalm-Eder', NULL, NULL, NULL),
  (467, 260, 0, NULL, 'supports', NULL, 0, 'Ska Keller, KV Spree-Neiße', NULL, NULL, NULL, NULL),
  (468, 260, 1, NULL, 'supports', NULL, 0, 'Sven Lehmann, KV Köln', NULL, NULL, NULL, NULL),
  (469, 261, 0, NULL, 'initiates', NULL, 0, 'Martin Häusling', 'KV Schwalm-Eder', NULL, NULL, NULL),
  (470, 261, 0, NULL, 'supports', NULL, 0, 'Ska Keller, KV Spree-Neiße', NULL, NULL, NULL, NULL),
  (471, 261, 1, NULL, 'supports', NULL, 0, 'Sven Lehmann, KV Köln', NULL, NULL, NULL, NULL),
  (472, 262, 0, NULL, 'initiates', NULL, 0, 'KostMich', '', NULL, NULL, NULL),
  (473, 263, 0, NULL, 'initiates', NULL, 1, 'GRÜNE JUGEND Bundesvorstand', '', NULL, NULL, NULL),
  (474, 264, 0, NULL, 'initiates', NULL, 1, 'GRÜNE JUGEND Bundesvorstand', '', NULL, NULL, NULL),
  (475, 265, 0, NULL, 'initiates', NULL, 1, 'GRÜNE JUGEND Bundesvorstand', '', NULL, NULL, NULL),
  (476, 266, 0, NULL, 'initiates', NULL, 0, 'Jutta Paulus', 'LV Rheinland-Pfalz', NULL, NULL, NULL),
  (477, 266, 0, NULL, 'supports', NULL, 1, 'Theresa Kalmer, Grüne Jugend', '', NULL, NULL, NULL),
  (478, 266, 1, NULL, 'supports', NULL, 0, 'André Schulze, KV Berlin-Neukölln', '', NULL, NULL, NULL),
  (479, 267, 0, NULL, 'initiates', NULL, 0, 'Jutta Paulus', 'LV Rheinland-Pfalz', NULL, NULL, NULL),
  (480, 267, 1, NULL, 'supports', NULL, 1, 'Theresa Kalmer, Grüne Jugend', NULL, NULL, NULL, NULL),
  (481, 267, 2, NULL, 'supports', NULL, 0, 'André Schulze, KV Berlin-Neukölln', NULL, NULL, NULL, NULL),
  (482, 268, 0, NULL, 'initiates', NULL, 1, 'GRÜNE JUGEND Bundesvorstand', '', NULL, NULL, NULL),
  (483, 269, 0, NULL, 'initiates', NULL, 0, 'Programmkommission', 'Bundesverband', NULL, NULL, NULL);

--
-- Dumping data for table `consultation`
--

INSERT INTO `consultation` (`id`, `siteId`, `urlPath`, `type`, `wordingBase`, `title`, `titleShort`, `eventDateFrom`, `eventDateTo`, `amendmentNumbering`, `adminEmail`, `settings`)
VALUES
  (1, 1, 'std-parteitag', 0, 'de-parteitag', 'Test2', 'Test2', NULL, NULL, 0, 'tobias@hoessl.eu', NULL),
  (2, 2, 'vorstandswahlen', 1, 'de-bewerbung', 'Vorstandswahlen', 'Vorstandswahlen', NULL, NULL, 0, 'testadmin@example.org',
   '{"maintainanceMode":false,"motionNeedsEmail":false,"motionNeedsPhone":false,"motionHasPhone":false,"commentNeedsEmail":false,"iniatorsMayEdit":false,"adminsMayEdit":true,"confirmEmails":false,"lineNumberingGlobal":false,"hideTitlePrefix":false,"minimalisticUI":false,"showFeeds":true,"commentsSupportable":false,"screeningMotions":false,"screeningMotionsShown":false,"screeningAmendments":false,"screeningComments":false,"initiatorsMayReject":false,"hasPDF":true,"commentWholeMotions":false,"allowMultipleTags":false,"lineLength":80,"startLayoutType":0,"logoUrl":null,"logoUrlFB":null,"motionIntro":null}'),
  (3, 3, 'parteitag', 2, 'de-parteitag', 'Parteitag', 'Parteitag', NULL, NULL, 0, 'testadmin@example.org',
   '{"maintainanceMode":false,"screeningMotions":true,"lineNumberingGlobal":false,"motionNeedsEmail":false,"motionNeedsPhone":false,"motionHasPhone":false,"commentNeedsEmail":false,"iniatorsMayEdit":false,"adminsMayEdit":true,"confirmEmails":false,"hideTitlePrefix":false,"minimalisticUI":false,"showFeeds":true,"commentsSupportable":false,"screeningMotionsShown":false,"screeningAmendments":true,"screeningComments":false,"initiatorsMayReject":false,"hasPDF":true,"commentWholeMotions":false,"allowMultipleTags":false,"lineLength":80,"startLayoutType":3,"logoUrl":null,"logoUrlFB":null,"motionIntro":null}'),
  (4, 4, 'bdk', 3, 'de-parteitag', 'BDK', 'BDK', NULL, NULL, 0, 'testadmin@example.org',
   '{"maintainanceMode":false,"screeningMotions":true,"lineNumberingGlobal":false,"commentNeedsEmail":false,"iniatorsMayEdit":false,"adminsMayEdit":true,"confirmEmails":false,"hideTitlePrefix":false,"minimalisticUI":false,"showFeeds":true,"commentsSupportable":false,"screeningMotionsShown":false,"screeningAmendments":true,"screeningComments":false,"initiatorsMayReject":false,"commentWholeMotions":false,"allowMultipleTags":false,"lineLength":95,"startLayoutType":0,"logoUrl":"","logoUrlFB":"","motionIntro":null,"pdfIntroduction":""}'),
  (5, 5, '1laenderrat2015', 3, 'de-parteitag', 'Länderrat', 'Länderrat', NULL, NULL, 0, 'testadmin@example.org',
   '{"maintainanceMode":false,"screeningMotions":true,"lineNumberingGlobal":false,"commentNeedsEmail":false,"iniatorsMayEdit":false,"adminsMayEdit":true,"confirmEmails":false,"hideTitlePrefix":false,"minimalisticUI":false,"showFeeds":true,"commentsSupportable":false,"screeningMotionsShown":false,"screeningAmendments":true,"screeningComments":false,"initiatorsMayReject":false,"commentWholeMotions":false,"allowMultipleTags":false,"lineLength":95,"startLayoutType":2,"logoUrl":null,"logoUrlFB":null,"motionIntro":null,"pdfIntroduction":""}'),
  (6, 6, 'laenderrat-to', 3, 'de-parteitag', 'Länderrat TO', 'Länderrat TO', NULL, NULL, 0, 'testadmin@example.org',
   '{"maintainanceMode":false,"screeningMotions":true,"lineNumberingGlobal":false,"iniatorsMayEdit":false,"commentNeedsEmail":false,"adminsMayEdit":true,"confirmEmails":false,"hideTitlePrefix":false,"minimalisticUI":false,"showFeeds":true,"commentsSupportable":false,"screeningMotionsShown":false,"screeningAmendments":true,"screeningComments":false,"initiatorsMayReject":false,"commentWholeMotions":false,"allowMultipleTags":false,"lineLength":95,"startLayoutType":4,"logoUrl":null,"logoUrlFB":null,"motionIntro":null,"pdfIntroduction":""}');

--
-- Dumping data for table `consultationAgendaItem`
--

INSERT INTO `consultationAgendaItem` (`id`, `consultationId`, `parentItemId`, `position`, `code`, `codeExplicit`, `title`, `description`, `motionTypeId`, `deadline`) VALUES
  (1, 3, NULL, 0, '', '0.', 'Tagesordnung', '', NULL, NULL),
  (2, 3, NULL, 1, '', '', 'Wahlen', '', NULL, NULL),
  (3, 3, 2, 0, '', '', '1. Vorsitzende(r)', '', 6, NULL),
  (4, 3, 2, 1, '', '', '2. Vorsitzende(r)', '', 6, NULL),
  (5, 3, 2, 2, '', '', 'Schatzmeister(in)', '', 6, NULL),
  (6, 3, NULL, 2, '', '0.', 'Anträge', '', 5, NULL),
  (7, 3, NULL, 3, '', '0.', 'Sonstiges', '', NULL, NULL),
  (8, 6, NULL, 0, '', '', 'Tagesordnung - Formalia', NULL, 9, NULL),
  (9, 6, NULL, 1, '', '', 'Zeitpolitik', NULL, 9, NULL),
  (10, 6, NULL, 3, '', '', 'Wirtschaftspolitik', NULL, 9, NULL),
  (11, 6, NULL, 4, '', '', 'Urabstimmungsordnung', NULL, 9, NULL),
  (12, 6, NULL, 5, '', '', 'Verschiedenes', NULL, 9, NULL),
  (13, 6, NULL, 6, '', '', 'Sterbehilfe', NULL, 9, NULL),
  (14, 6, NULL, 2, '', '', 'Votum Vorstandswahlen EGP und Nachwahl EGP-Delegierte', NULL, 9, NULL);

--
-- Dumping data for table `consultationMotionType`
--

INSERT INTO `consultationMotionType` (`id`, `consultationId`, `titleSingular`, `titlePlural`, `createTitle`, `motionPrefix`, `position`, `cssIcon`, `pdfLayout`, `texTemplateId`, `deadlineMotions`, `deadlineAmendments`, `policyMotions`, `policyAmendments`, `policyComments`, `policySupport`, `contactEmail`, `contactPhone`, `initiatorForm`, `initiatorFormSettings`)
VALUES
  (1, 1, 'Antrag', 'Anträge', 'Antrag stellen', 'A', 0, NULL, 0, 1, NULL, NULL, 1, 1, 1, 0, 2, 1, 0, NULL),
  (3, 2, 'Antrag', 'Anträge', 'Antrag stellen', 'A', 2, NULL, 0, 1, NULL, NULL, 1, 1, 1, 0, 2, 1, 0, NULL),
  (4, 2, 'Bewerbung', 'Bewerbungen', 'Bewerben', 'B', 0, NULL, 0, 1, NULL, NULL, 1, 1, 1, 0, 2, 1, 0, NULL),
  (5, 3, 'Antrag', 'Anträge', 'Antrag stellen', NULL, 0, NULL, 0, 1, NULL, NULL, 1, 1, 1, 0, 2, 1, 0, NULL),
  (6, 3, 'Bewerbung', 'Bewerbungen', 'Bewerben', NULL, 0, NULL, 0, 1, NULL, NULL, 1, 0, 0, 0, 2, 1, 0, NULL),
  (7, 4, 'Antrag', 'Anträge', 'Antrag stellen', NULL, 0, NULL, 0, 1, NULL, NULL, 2, 2, 2, 0, 2, 1, 1, '{"minSupporters":19,"supportersHaveOrganizations":true}'),
  (8, 5, 'Antrag', 'Anträge', 'Antrag stellen', '', 0, NULL, 1, 1, NULL, NULL, 4, 4, 4, 0, 2, 1, 1, '{"minSupporters":19,"supportersHaveOrganizations":true}'),
  (9, 6, 'Antrag', 'Anträge', 'Antrag stellen', NULL, 0, NULL, 1, 1, NULL, NULL, 2, 2, 2, 0, 2, 1, 1, '{"minSupporters":19,"supportersHaveOrganizations":true}');

--
-- Dumping data for table `consultationSettingsMotionSection`
--

INSERT INTO `consultationSettingsMotionSection` (`id`, `motionTypeId`, `type`, `position`, `status`, `title`, `data`, `fixedWidth`, `required`, `maxLen`, `lineNumbers`, `hasComments`, `hasAmendments`)
VALUES
  (1, 1, 0, 0, 0, 'Überschrift', NULL, 0, 1, 0, 1, 0, 1),
  (2, 1, 1, 1, 0, 'Antragstext', NULL, 1, 1, 0, 1, 1, 1),
  (3, 1, 1, 3, 0, 'Begründung', NULL, 0, 0, 0, 0, 0, 0),
  (4, 1, 1, 2, 0, 'Antragstext 2', NULL, 1, 0, 0, 1, 1, 1),
  (5, 1, 3, 4, 0, 'Abbildung', NULL, 1, 0, 0, 1, 0, 0),
  (6, 3, 0, 0, 0, 'Überschrift', NULL, 0, 1, 0, 1, 0, 1),
  (7, 3, 1, 1, 0, 'Antragstext', NULL, 1, 1, 0, 1, 1, 1),
  (8, 3, 1, 3, 0, 'Begründung', NULL, 0, 0, 0, 0, 0, 0),
  (9, 4, 0, 0, 0, 'Name', NULL, 0, 1, 0, 0, 0, 0),
  (10, 4, 3, 1, 0, 'Foto', NULL, 0, 1, 0, 0, 0, 0),
  (11, 4, 4, 2, 0, 'Angaben', '{"maxRowId":3,"rows":{"1":{"rowId":1,"title":"Geburtsort","type":"1"},"3":{"rowId":3,"title":"Alter","type":"2"},"2":{"rowId":2,"title":"Geburtstag","type":"3"}}}', 0, 0, 0, 0, 0, 0),
  (12, 4, 1, 3, 0, 'Selbstvorstellung', NULL, 0, 1, 0, 0, 0, 0),
  (13, 6, 0, 0, 0, 'Name', NULL, 0, 1, 0, 0, 0, 0),
  (14, 6, 3, 1, 0, 'Foto', NULL, 0, 1, 0, 0, 0, 0),
  (15, 6, 4, 2, 0, 'Angaben', '{"maxRowId":2,"rows":{"1":{"rowId":1,"title":"Alter","type":2},"2":{"rowId":2,"title":"Geschlecht","type":1},"3":{"rowId":3,"title":"Geburtsort","type":1}}}', 0, 0, 0, 0, 0, 0),
  (16, 6, 1, 3, 0, 'Selbstvorstellung', NULL, 0, 1, 0, 0, 0, 0),
  (17, 5, 0, 0, 0, 'Titel', NULL, 0, 1, 0, 0, 0, 1),
  (18, 5, 1, 1, 0, 'Antragstext', NULL, 1, 1, 0, 1, 1, 1),
  (19, 5, 1, 2, 0, 'Begründung', NULL, 0, 0, 0, 0, 0, 0),
  (20, 7, 0, 0, 0, 'Titel', NULL, 0, 1, 0, 0, 0, 1),
  (21, 7, 1, 1, 0, 'Antragstext', NULL, 1, 1, 0, 1, 2, 1),
  (22, 7, 1, 2, 0, 'Begründung', NULL, 0, 0, 0, 0, 0, 0),
  (23, 8, 0, 0, 0, 'Titel', NULL, 0, 1, 0, 0, 0, 1),
  (24, 8, 1, 1, 0, 'Antragstext', NULL, 1, 1, 0, 1, 2, 1),
  (25, 8, 1, 2, 0, 'Begründung', NULL, 0, 0, 0, 0, 0, 0),
  (26, 9, 0, 0, 0, 'Titel', NULL, 0, 1, 0, 0, 0, 1),
  (27, 9, 1, 1, 0, 'Antragstext', NULL, 1, 1, 0, 1, 1, 1),
  (28, 9, 1, 2, 0, 'Begründung', NULL, 0, 0, 0, 0, 0, 0);

--
-- Dumping data for table `consultationSettingsTag`
--

INSERT INTO `consultationSettingsTag` (`id`, `consultationId`, `position`, `title`, `cssicon`) VALUES
  (1, 1, 0, 'Umwelt', 0),
  (2, 1, 1, 'Verkehr', 0),
  (3, 5, 0, 'Tagesordnung - Formalia', 0),
  (4, 5, 1, 'Zeitpolitik', 0),
  (5, 5, 3, 'Wirtschaftspolitik', 0),
  (6, 5, 4, 'Urabstimmungsordnung', 0),
  (7, 5, 5, 'Verschiedenes', 0),
  (8, 5, 6, 'Sterbehilfe', 0),
  (9, 5, 2, 'Votum Vorstandswahlen EGP und Nachwahl EGP-Delegierte', 0),
  (10, 1, 2, 'Soziales', 0);

--
-- Dumping data for table `emailLog`
--

INSERT INTO `emailLog` (`id`, `toEmail`, `toUserId`, `type`, `fromEmail`, `dateSent`, `subject`, `text`) VALUES
  (1, 'tobias@hoessl.eu', NULL, 3, '=?UTF-8?B?QW50cmFnc2dyw7xuIHYz?= <info@antragsgruen.de>', '2015-05-22 11:46:38', 'Neuer Antrag',
   'Es wurde ein neuer Änderungsantrag "Ä1 zu A2: O’zapft is!" eingereicht.\nLink: http://stdparteitag.antraege-v3.hoessl.eu/std-parteitag/motion/2/amendment/1'),
  (2, 'tobias@hoessl.eu', NULL, 3, '=?UTF-8?B?QW50cmFnc2dyw7xuIHYz?= <info@antragsgruen.de>', '2015-06-25 11:03:55', 'Neuer Antrag',
   'Es wurde ein neuer Antrag "Textformatierungen" eingereicht.\nLink: /std-parteitag/motion/3'),
  (3, 'tobias@hoessl.eu', NULL, 3, '=?UTF-8?B?QW50cmFnc2dyw7xu?= <EMAILADRESSE>', '2015-07-05 14:21:55', 'Neuer Antrag',
   'Es wurde ein neuer Änderungsantrag "Ä1 zu A3: Textformatierungen" eingereicht.\nLink: http://stdparteitag.antragsgruen-v3.localhost/std-parteitag/motion/3/amendment/2'),
  (4, 'tobias@hoessl.eu', NULL, 3, '=?UTF-8?B?QW50cmFnc2dyw7xu?= <EMAILADRESSE>', '2015-07-06 17:49:33', 'Neuer Antrag',
   'Es wurde ein neuer Änderungsantrag "Ä2 zu A2: O’zapft is!" eingereicht.\nLink: http://stdparteitag.antragsgruen-v3.localhost/std-parteitag/motion/2/amendment/3'),
  (5, 'testadmin@example.org', NULL, 3, '=?UTF-8?B?QW50cmFnc2dyw7xu?= <EMAILADRESSE>', '2015-07-07 18:05:49', 'Neuer Antrag',
   'Es wurde ein neuer Antrag "Lorem ipsum dolor sit amet" eingereicht.\nLink: http://bdk.antragsgruen-v3.localhost/bdk/motion/4'),
  (6, 'tobias@hoessl.eu', NULL, 3, '=?UTF-8?B?QW50cmFnc2dyw7xuIHYz?= <info@antragsgruen.de>', '2015-07-12 06:08:47', 'Neuer Antrag',
   'Es wurde ein neuer Antrag "Testantrag" eingereicht.\nLink: http://stdparteitag.antraege-v3.hoessl.eu/std-parteitag/motion/58');

--
-- Dumping data for table `motion`
--

INSERT INTO `motion` (`id`, `consultationId`, `motionTypeId`, `parentMotionId`, `agendaItemId`, `title`, `titlePrefix`, `dateCreation`, `dateResolution`, `status`, `statusString`, `noteInternal`, `cache`, `textFixed`)
VALUES
  (2, 1, 1, NULL, NULL, 'O’zapft is!', 'A2', '2015-04-01 23:27:20', NULL, 3, NULL, NULL, '', 0),
  (3, 1, 1, NULL, NULL, 'Textformatierungen', 'A3', '2015-06-25 11:03:00', '', 3, '', '', '', 0),
  (4, 4, 7, NULL, NULL, 'Lorem ipsum dolor sit amet', 'A1', '2015-07-07 18:05:23', NULL, 3, NULL, NULL, '', 0),
  (5, 5, 8, NULL, NULL, 'Vorschlag zur Tagesordnung', 'F-01', '2015-02-19 06:05:00', '2015-02-16 12:00:00', -2, NULL, NULL, '', 0),
  (6, 5, 8, NULL, NULL, 'Änderungsantrag zur Geschäftsordnung des Länderrates (zuletzt geändert am 31.5.2014)', 'F-02', '2015-02-20 05:16:00', NULL, -2, NULL, NULL, '', 0),
  (7, 5, 8, NULL, NULL, 'Änderungsantrag zur Geschäftsordnung des Länderrates (zuletzt geändert am 31.5.2014)', 'F-02', '2015-02-20 05:20:00', NULL, -2, NULL, NULL, '', 0),
  (8, 5, 8, NULL, NULL, 'Antrag zur Änderung der Geschäftsordnung des Länderrates (zuletzt geändert am 31.5.2014)', 'F-01', '2015-03-09 03:34:00', NULL, 3, NULL, NULL, '', 0),
  (9, 5, 8, NULL, NULL, 'Vorschlag zur Tagesordnung', 'T-01', '2015-03-09 03:57:00', NULL, -2, NULL, NULL, '', 0),
  (10, 5, 8, NULL, NULL, 'Grüne Zeitpolitik für ein selbstbestimmtes und solidarisches Leben', 'Z-01', '2015-03-11 05:59:00', NULL, 3, NULL, NULL, '', 0),
  (11, 5, 8, NULL, NULL, 'Mit dem Green New Deal Europas Zukunft gestalten', 'W-01', '2015-03-11 06:01:00', NULL, -2, NULL, NULL, '', 0),
  (12, 5, 8, NULL, NULL, 'Verbesserung der Palliativ/Hospizversorgung und zur Suizidprävention als gemeinsame grüne Positionierung', 'S-01', '2015-03-11 06:03:00', NULL, -2, NULL, NULL, '', 0),
  (13, 5, 8, NULL, NULL, 'sy1', '', '2015-03-11 06:37:15', NULL, -2, NULL, NULL, '', 0),
  (14, 5, 8, NULL, NULL, 'Vorschlag zur Tagesordnung', 'T-01', '2015-03-16 04:25:00', NULL, 3, NULL, NULL, '', 0),
  (15, 5, 8, NULL, NULL, 'Palliativ-Offensive jetzt! ', 'S-01', '2015-03-17 05:44:00', NULL, 4, NULL, NULL, '', 0),
  (16, 5, 8, NULL, NULL, 'Testantrag', 'Test-01', '2015-03-17 10:14:00', NULL, -2, NULL, NULL, '', 0),
  (17, 5, 8, NULL, NULL, 'Antrag zur Änderung der Urabstimmungsordnung - Doppelungen in Satzung und Urabstimmungsordnung streichen', 'U-01', '2015-03-18 03:55:00', NULL, 3, NULL, NULL, '', 0),
  (18, 5, 8, NULL, NULL, 'Antrag zur Änderung der Urabstimmungsordnung - Aussendung der Reader', 'U-02', '2015-03-18 03:56:00', NULL, 3, NULL, NULL, '', 0),
  (19, 5, 8, NULL, NULL, 'Antrag zur Änderung der Urabstimmungsordnung - Ortsverbände streichen', 'U-03', '2015-03-18 03:58:00', NULL, 3, NULL, NULL, '', 0),
  (20, 5, 8, NULL, NULL, 'Antrag zur Änderung der Urabstimmungsordnung - Form der Stellungnahme und der Bewerbungen', 'U-04', '2015-03-18 03:59:00', NULL, 3, NULL, NULL, '', 0),
  (21, 5, 8, NULL, NULL, 'Antrag zur Änderung der Urabstimmungsordnung - Bewerbungsvoraussetzung Urwahl ', 'U-05', '2015-03-18 04:00:00', NULL, 3, NULL, NULL, '', 0),
  (22, 5, 8, NULL, NULL, 'Änderungsanträge zur Urabstimmungsordnung - Eigener Paragraph Urwahl ', 'U-06', '2015-03-18 04:03:00', NULL, -2, NULL, NULL, '', 0),
  (23, 5, 8, NULL, NULL, 'Antrag zur Änderung der Urabstimmungsordnung - Fristen Diskussionsphase und Abstimmungszeit', 'U-07', '2015-03-18 04:04:00', NULL, 3, NULL, NULL, '', 0),
  (24, 5, 8, NULL, NULL, 'Antrag zur Änderung der Urabstimmungsordnung - Ermöglichung der elektronischen Versendung der Urabstimmungsunterlagen', 'U-08', '2015-03-18 04:06:00', NULL, 3, NULL, NULL, '', 0),
  (25, 5, 8, NULL, NULL, 'Antrag zur Änderung der Urabstimmungsordnung - Durchführungsregelung vereinfachen', 'U-09', '2015-03-18 04:07:00', NULL, 3, NULL, NULL, '', 0),
  (26, 5, 8, NULL, NULL, 'Antrag zur Änderung der Urabstimmungsordnung - Einsendeschluss neu definieren und Auszählungszeiten anpassen', 'U-10', '2015-03-18 04:09:00', NULL, 3, NULL, NULL, '', 0),
  (27, 5, 8, NULL, NULL, 'Antrag zur Änderung der Urabstimmungsordnung - Abstimmungszeit verlängern', 'U-11', '2015-03-18 04:10:00', NULL, -2, NULL, NULL, '', 0),
  (28, 5, 8, NULL, NULL, 'Antrag zur Änderung der Urabstimmungsordnung - Auszählungszeiten anpassen', 'U-12', '2015-03-18 04:11:00', NULL, -2, NULL, NULL, '', 0),
  (29, 5, 8, NULL, NULL, 'Antrag zur Änderung der Urabstimmungsordnung - Frist zur Unterlagen Aufbewahrung ', 'U-11', '2015-03-18 04:12:00', NULL, 3, NULL, NULL, '', 0),
  (30, 5, 8, NULL, NULL, 'Antrag zur Änderung der Urabstimmungsordnung - Eigener Paragraph Urwahl', 'U-06', '2015-03-18 09:28:00', NULL, 3, NULL, NULL, '', 0),
  (31, 5, 8, NULL, NULL, 'Testantrag', 'A1', '2015-03-20 10:38:00', NULL, -2, NULL, NULL, '', 0),
  (32, 5, 8, NULL, NULL, 'Test', '', '2015-03-20 11:36:35', NULL, -2, NULL, NULL, '', 0),
  (33, 5, 8, NULL, NULL, 'Test 2', '', '2015-03-20 11:39:15', NULL, -2, NULL, NULL, '', 0),
  (34, 5, 8, NULL, NULL, 'Test Wirtschaftspolitik', 'W-02', '2015-03-20 13:00:00', NULL, -2, NULL, NULL, '', 0),
  (35, 5, 8, NULL, NULL, 'Diskussionspapier zur Debatte über organisierte Sterbehilfe', 'S-ohne Nummer', '2015-03-25 05:51:00', NULL, 3, NULL, NULL, '', 0),
  (36, 5, 8, NULL, NULL, 'Wahl der Delegierten zum Rat der EGP', 'EGP-01', '2015-04-13 02:57:00', NULL, 3, NULL, NULL, '', 0),
  (37, 5, 8, NULL, NULL, '.', 'W-01', '2015-04-13 03:12:00', NULL, -2, NULL, NULL, '', 0),
  (38, 5, 8, NULL, NULL, 'Für Europas Zukunft: Unser Green New Deal', 'W-01', '2015-04-14 05:29:00', NULL, 3, NULL, NULL, '', 0),
  (39, 5, 8, NULL, NULL, 'TESTANTRAG', '', '2015-04-15 05:33:57', NULL, -2, NULL, NULL, '', 0),
  (40, 5, 8, NULL, NULL, 'G7-Gipfel: Kritisch begleiten, verantwortlich handeln', 'V-01', '2015-04-15 07:11:00', '2015-04-13 12:00:00', -2, NULL, NULL, '', 0),
  (41, 5, 8, NULL, NULL, 'Gemeinsam gegen die Klimakrise', 'V-02', '2015-04-15 07:15:00', NULL, -2, NULL, NULL, '', 0),
  (42, 5, 8, NULL, NULL, 'Umbenennung der Bundesarbeitsgemeinschaft (BAG) Nord/Süd in BAG Globale Entwicklung.', 'V-03', '2015-04-15 07:20:00', NULL, -2, NULL, NULL, '', 0),
  (43, 5, 8, NULL, NULL, 'G7-Gipfel: Kritisch begleiten, verantwortlich handeln', 'V-01', '2015-04-15 07:39:00', NULL, -2, NULL, NULL, '', 0),
  (44, 5, 8, NULL, NULL, 'Völkermord an den Armenier_innen anerkennen!', 'V-03', '2015-04-15 11:31:00', NULL, 3, NULL, NULL, '', 0),
  (45, 5, 8, NULL, NULL, 'G7-Gipfel: Kritisch begleiten, verantwortlich handeln', 'V-01', '2015-04-15 21:58:00', NULL, 3, NULL, NULL, '', 0),
  (46, 5, 8, NULL, NULL, 'Gemeinsam gegen die Klimakrise', 'V-02', '2015-04-15 22:02:00', NULL, 3, NULL, NULL, '', 0),
  (47, 5, 8, NULL, NULL, 'Umbenennung der Bundesarbeitsgemeinschaft (BAG) Nord/Süd ', 'V-04', '2015-04-15 22:07:00', NULL, 3, NULL, NULL, '', 0),
  (48, 5, 8, NULL, NULL, 'Jemen: Bombardements stoppen – Friedensgespräche wieder aufnehmen', 'V-05', '2015-04-15 22:16:00', NULL, 3, NULL, NULL, '', 0),
  (49, 5, 8, NULL, NULL, 'Bundesregierung muss nationaler Verantwortung für Flüchtlinge endlich gerecht werden - Länder und Kommunen müssen finanziell entlastet werden!', 'V-06', '2015-04-15 23:02:00', NULL, 3, NULL, NULL, '', 0),
  (50, 5, 8, NULL, NULL, 'Test', '', '2015-04-16 06:17:54', NULL, -2, NULL, NULL, '', 0),
  (51, 5, 8, NULL, NULL, 'Test', '', '2015-04-16 06:18:07', NULL, -2, NULL, NULL, '', 0),
  (52, 5, 8, NULL, NULL, 'Testantrag', '', '2015-04-18 11:31:00', NULL, 1, NULL, NULL, '', 0),
  (53, 5, 8, NULL, NULL, 'Nein zur Wiedereinführung der Vorratsdatenspeicherung', 'V-07-EIL', '2015-04-21 04:15:00', NULL, 3, NULL, NULL, '', 0),
  (54, 5, 8, NULL, NULL, 'Jemen: Bombardements Militärische Intervention stoppen – Friedensgespräche wieder aufnehmen', 'V-03-NEU', '2015-04-22 22:07:00', NULL, -2, NULL, NULL, '', 0),
  (55, 5, 8, NULL, NULL, 'Jemen: Militärische Intervention stoppen – Friedensgespräche aufnehmen', 'V-05-NEU', '2015-04-22 23:18:00', NULL, 3, NULL, NULL, '', 0),
  (56, 5, 8, NULL, NULL, 'Seenotrettung jetzt', 'V-08-EIL', '2015-04-23 00:47:00', NULL, 3, NULL, NULL, '', 0),
  (57, 5, 8, NULL, NULL, 'Seenotrettung jetzt', 'V-08-EIL-NEU', '2015-04-24 11:43:00', NULL, 3, NULL, NULL, '', 0),
  (58, 1, 1, NULL, NULL, 'Testantrag', 'A4', '2015-07-12 06:08:44', NULL, 3, NULL, NULL, '', 0),
  (59, 6, 9, NULL, NULL, 'Vorschlag zur Tagesordnung', 'F-01', '2015-02-19 09:05:00', '2015-02-16 12:00:00', -2, NULL, NULL, '', 0),
  (60, 6, 9, NULL, NULL, 'Änderungsantrag zur Geschäftsordnung des Länderrates (zuletzt geändert am 31.5.2014)', 'F-02', '2015-02-20 08:16:00', NULL, -2, NULL, NULL, '', 0),
  (61, 6, 9, NULL, NULL, 'Änderungsantrag zur Geschäftsordnung des Länderrates (zuletzt geändert am 31.5.2014)', 'F-02', '2015-02-20 08:20:00', NULL, -2, NULL, NULL, '', 0),
  (62, 6, 9, NULL, 8, 'Antrag zur Änderung der Geschäftsordnung des Länderrates (zuletzt geändert am 31.5.2014)', 'F-01', '2015-03-09 06:34:00', NULL, 3, NULL, NULL, '', 0),
  (63, 6, 9, NULL, NULL, 'Vorschlag zur Tagesordnung', 'T-01', '2015-03-09 06:57:00', NULL, -2, NULL, NULL, '', 0),
  (64, 6, 9, NULL, 9, 'Grüne Zeitpolitik für ein selbstbestimmtes und solidarisches Leben', 'Z-01', '2015-03-11 08:59:00', NULL, 3, NULL, NULL, '', 0),
  (65, 6, 9, NULL, 10, 'Mit dem Green New Deal Europas Zukunft gestalten', 'W-01', '2015-03-11 09:01:00', NULL, -2, NULL, NULL, '', 0),
  (66, 6, 9, NULL, NULL, 'Verbesserung der Palliativ/Hospizversorgung und zur Suizidprävention als gemeinsame grüne Positionierung', 'S-01', '2015-03-11 09:03:00', NULL, -2, NULL, NULL, '', 0),
  (67, 6, 9, NULL, NULL, 'sy1', '', '2015-03-11 09:37:15', NULL, -2, NULL, NULL, '', 0),
  (68, 6, 9, NULL, 8, 'Vorschlag zur Tagesordnung', 'T-01', '2015-03-16 07:25:00', NULL, 3, NULL, NULL, '', 0),
  (69, 6, 9, NULL, 13, 'Palliativ-Offensive jetzt! ', 'S-01', '2015-03-17 08:44:00', NULL, 4, NULL, NULL, '', 0),
  (70, 6, 9, NULL, NULL, 'Testantrag', 'Test-01', '2015-03-17 13:14:00', NULL, -2, NULL, NULL, '', 0),
  (71, 6, 9, NULL, 11, 'Antrag zur Änderung der Urabstimmungsordnung - Doppelungen in Satzung und Urabstimmungsordnung streichen', 'U-01', '2015-03-18 06:55:00', NULL, 3, NULL, NULL, '', 0),
  (72, 6, 9, NULL, 11, 'Antrag zur Änderung der Urabstimmungsordnung - Aussendung der Reader', 'U-02', '2015-03-18 06:56:00', NULL, 3, NULL, NULL, '', 0),
  (73, 6, 9, NULL, 11, 'Antrag zur Änderung der Urabstimmungsordnung - Ortsverbände streichen', 'U-03', '2015-03-18 06:58:00', NULL, 3, NULL, NULL, '', 0),
  (74, 6, 9, NULL, 11, 'Antrag zur Änderung der Urabstimmungsordnung - Form der Stellungnahme und der Bewerbungen', 'U-04', '2015-03-18 06:59:00', NULL, 3, NULL, NULL, '', 0),
  (75, 6, 9, NULL, 11, 'Antrag zur Änderung der Urabstimmungsordnung - Bewerbungsvoraussetzung Urwahl ', 'U-05', '2015-03-18 07:00:00', NULL, 3, NULL, NULL, '', 0),
  (76, 6, 9, NULL, NULL, 'Änderungsanträge zur Urabstimmungsordnung - Eigener Paragraph Urwahl ', 'U-06', '2015-03-18 07:03:00', NULL, -2, NULL, NULL, '', 0),
  (77, 6, 9, NULL, 11, 'Antrag zur Änderung der Urabstimmungsordnung - Fristen Diskussionsphase und Abstimmungszeit', 'U-07', '2015-03-18 07:04:00', NULL, 3, NULL, NULL, '', 0),
  (78, 6, 9, NULL, 11, 'Antrag zur Änderung der Urabstimmungsordnung - Ermöglichung der elektronischen Versendung der Urabstimmungsunterlagen', 'U-08', '2015-03-18 07:06:00', NULL, 3, NULL, NULL, '', 0),
  (79, 6, 9, NULL, 11, 'Antrag zur Änderung der Urabstimmungsordnung - Durchführungsregelung vereinfachen', 'U-09', '2015-03-18 07:07:00', NULL, 3, NULL, NULL, '', 0),
  (80, 6, 9, NULL, 11, 'Antrag zur Änderung der Urabstimmungsordnung - Einsendeschluss neu definieren und Auszählungszeiten anpassen', 'U-10', '2015-03-18 07:09:00', NULL, 3, NULL, NULL, '', 0),
  (81, 6, 9, NULL, 11, 'Antrag zur Änderung der Urabstimmungsordnung - Abstimmungszeit verlängern', 'U-11', '2015-03-18 07:10:00', NULL, -2, NULL, NULL, '', 0),
  (82, 6, 9, NULL, 11, 'Antrag zur Änderung der Urabstimmungsordnung - Auszählungszeiten anpassen', 'U-12', '2015-03-18 07:11:00', NULL, -2, NULL, NULL, '', 0),
  (83, 6, 9, NULL, 11, 'Antrag zur Änderung der Urabstimmungsordnung - Frist zur Unterlagen Aufbewahrung ', 'U-11', '2015-03-18 07:12:00', NULL, 3, NULL, NULL, '', 0),
  (84, 6, 9, NULL, 11, 'Antrag zur Änderung der Urabstimmungsordnung - Eigener Paragraph Urwahl', 'U-06', '2015-03-18 12:28:00', NULL, 3, NULL, NULL, '', 0),
  (85, 6, 9, NULL, NULL, 'Testantrag', 'A1', '2015-03-20 13:38:00', NULL, -2, NULL, NULL, '', 0),
  (86, 6, 9, NULL, NULL, 'Test', '', '2015-03-20 14:36:35', NULL, -2, NULL, NULL, '', 0),
  (87, 6, 9, NULL, NULL, 'Test 2', '', '2015-03-20 14:39:15', NULL, -2, NULL, NULL, '', 0),
  (88, 6, 9, NULL, 10, 'Test Wirtschaftspolitik', 'W-02', '2015-03-20 16:00:00', NULL, -2, NULL, NULL, '', 0),
  (89, 6, 9, NULL, 13, 'Diskussionspapier zur Debatte über organisierte Sterbehilfe', 'S-ohne Nummer', '2015-03-25 08:51:00', NULL, 3, NULL, NULL, '', 0),
  (90, 6, 9, NULL, 14, 'Wahl der Delegierten zum Rat der EGP', 'EGP-01', '2015-04-13 08:57:00', NULL, 3, NULL, NULL, '', 0),
  (91, 6, 9, NULL, 10, '.', 'W-01', '2015-04-13 09:12:00', NULL, -2, NULL, NULL, '', 0),
  (92, 6, 9, NULL, 10, 'Für Europas Zukunft: Unser Green New Deal', 'W-01', '2015-04-14 11:29:00', NULL, 3, NULL, NULL, '', 0),
  (93, 6, 9, NULL, 13, 'TESTANTRAG', '', '2015-04-15 11:33:57', NULL, -2, NULL, NULL, '', 0),
  (94, 6, 9, NULL, 12, 'G7-Gipfel: Kritisch begleiten, verantwortlich handeln', 'V-01', '2015-04-15 13:11:00', '2015-04-13 12:00:00', -2, NULL, NULL, '', 0),
  (95, 6, 9, NULL, 12, 'Gemeinsam gegen die Klimakrise', 'V-02', '2015-04-15 13:15:00', NULL, -2, NULL, NULL, '', 0),
  (96, 6, 9, NULL, 12, 'Umbenennung der Bundesarbeitsgemeinschaft (BAG) Nord/Süd in BAG Globale Entwicklung.', 'V-03', '2015-04-15 13:20:00', NULL, -2, NULL, NULL, '', 0),
  (97, 6, 9, NULL, 12, 'G7-Gipfel: Kritisch begleiten, verantwortlich handeln', 'V-01', '2015-04-15 13:39:00', NULL, -2, NULL, NULL, '', 0),
  (98, 6, 9, NULL, 12, 'Völkermord an den Armenier_innen anerkennen!', 'V-03', '2015-04-15 17:31:00', NULL, 3, NULL, NULL, '', 0),
  (99, 6, 9, NULL, 12, 'G7-Gipfel: Kritisch begleiten, verantwortlich handeln', 'V-01', '2015-04-16 03:58:00', NULL, 3, NULL, NULL, '', 0),
  (100, 6, 9, NULL, 12, 'Gemeinsam gegen die Klimakrise', 'V-02', '2015-04-16 04:02:00', NULL, 3, NULL, NULL, '', 0),
  (101, 6, 9, NULL, 12, 'Umbenennung der Bundesarbeitsgemeinschaft (BAG) Nord/Süd ', 'V-04', '2015-04-16 04:07:00', NULL, 3, NULL, NULL, '', 0),
  (102, 6, 9, NULL, 12, 'Jemen: Bombardements stoppen – Friedensgespräche wieder aufnehmen', 'V-05', '2015-04-16 04:16:00', NULL, 3, NULL, NULL, '', 0),
  (103, 6, 9, NULL, 12, 'Bundesregierung muss nationaler Verantwortung für Flüchtlinge endlich gerecht werden - Länder und Kommunen müssen finanziell entlastet werden!', 'V-06',
   '2015-04-16 05:02:00', NULL, 3, NULL, NULL, '', 0),
  (104, 6, 9, NULL, NULL, 'Test', '', '2015-04-16 12:17:54', NULL, -2, NULL, NULL, '', 0),
  (105, 6, 9, NULL, NULL, 'Test', '', '2015-04-16 12:18:07', NULL, -2, NULL, NULL, '', 0),
  (106, 6, 9, NULL, 8, 'Testantrag', '', '2015-04-18 17:31:00', NULL, 1, NULL, NULL, '', 0),
  (107, 6, 9, NULL, 12, 'Nein zur Wiedereinführung der Vorratsdatenspeicherung', 'V-07-EIL', '2015-04-21 10:15:00', NULL, 3, NULL, NULL, '', 0),
  (108, 6, 9, NULL, 12, 'Jemen: Bombardements Militärische Intervention stoppen – Friedensgespräche wieder aufnehmen', 'V-03-NEU', '2015-04-23 04:07:00', NULL, -2, NULL, NULL, '',
   0),
  (109, 6, 9, NULL, 12, 'Jemen: Militärische Intervention stoppen – Friedensgespräche aufnehmen', 'V-05-NEU', '2015-04-23 05:18:00', NULL, 3, NULL, NULL, '', 0),
  (110, 6, 9, NULL, 12, 'Seenotrettung jetzt', 'V-08-EIL', '2015-04-23 06:47:00', NULL, 3, NULL, NULL, '', 0),
  (111, 6, 9, NULL, 12, 'Seenotrettung jetzt', 'V-08-EIL-NEU', '2015-04-24 17:43:00', NULL, 3, NULL, NULL, '', 0);

--
-- Dumping data for table `motionSection`
--

INSERT INTO `motionSection` (`motionId`, `sectionId`, `data`, `metadata`) VALUES
  (2, 1, 'O’zapft is!', NULL),
  (2, 2, '<p>Bavaria ipsum dolor sit amet Biazelt Auffisteign Schorsch mim Radl foahn Ohrwaschl Steckerleis wann griagd ma nacha wos z’dringa glacht Mamalad, muass? I bin a woschechta Bayer sowos oamoi und sei und glei wirds no fui lustiga: Jo mei is des schee middn ognudelt, Trachtnhuat Biawambn gscheid: Griasd eich midnand etza nix Gwiass woass ma ned owe. Dahoam gscheckate middn Spuiratz des is a gmahde Wiesn. Des is schee so Obazda san da, Haferl pfenningguat schoo griasd eich midnand.</p>\n<ul>\n<li>Auffi Gamsbart nimma de Sepp Ledahosn Ohrwaschl um Godds wujn Wiesn Deandlgwand Mongdratzal! Jo leck mi Mamalad i daad mechad?</li>\n	<li>Do nackata Wurscht i hob di narrisch gean, Diandldrahn Deandlgwand vui huift vui woaß?</li>\n	<li>Ned Mamalad auffi i bin a woschechta Bayer greaßt eich nachad, umananda gwiss nia need Weiznglasl.</li>\n	<li>Woibbadinga noch da Giasinga Heiwog Biazelt mechad mim Spuiratz, soi zwoa.</li>\n</ul>\n<p>I waar soweid Blosmusi es nomoi. Broadwurschtbudn des is a gmahde Wiesn Kirwa mogsd a Bussal Guglhupf schüds nei. Luja i moan oiwei Baamwach Watschnbaam, wiavui baddscher! Biakriagal a fescha Bua Semmlkneedl iabaroi oba um Godds wujn Ledahosn wui Greichats. Geh um Godds wujn luja heid greaßt eich nachad woaß Breihaus eam! De om auf’n Gipfe auf gehds beim Schichtl mehra Baamwach a bissal wos gehd ollaweil gscheid:</p>\n<blockquote>\n<p>Scheans Schdarmbeaga See i hob di narrisch gean i jo mei is des schee! Nia eam hod vasteh i sog ja nix, i red ja bloß sammawiedaguad, umma eana obandeln! Zwoa jo mei scheans amoi, san und hoggd Milli barfuaßat gscheit. Foidweg vui huift vui singan, mehra Biakriagal om auf’n Gipfe! Ozapfa sodala Charivari greaßt eich nachad Broadwurschtbudn do middn liberalitas Bavariae sowos Leonhardifahrt:</p>\n</blockquote>\n<p>Wui helfgod Wiesn, ognudelt schaugn: Dahoam gelbe Rüam Schneid singan wo hi sauba i moan scho aa no a Maß a Maß und no a Maß nimma. Is umananda a ganze Hoiwe zwoa, Schneid. Vui huift vui Brodzeid kumm geh naa i daad vo de allerweil, gor. Woaß wia Gams, damischa. A ganze Hoiwe Ohrwaschl Greichats iabaroi Prosd Engelgwand nix Reiwadatschi.Weibaleid ognudelt Ledahosn noch da Giasinga Heiwog i daad Almrausch, Ewig und drei Dog nackata wea ko, dea ko. Meidromml Graudwiggal nois dei, nackata. No Diandldrahn nix Gwiass woass ma ned hod boarischer: Samma sammawiedaguad wos, i hoam Brodzeid. Jo mei Sepp Gaudi, is ma Wuascht do Hendl Xaver Prosd eana an a bravs. Sauwedda an Brezn, abfieseln.</p>\n', NULL),
  (2, 3, '<p>I-Düpferl-Reita, Bettbrunza, Zwedschgnmanndl, Goaspeterl, junga Duttara, dreckata Drek, Dramhappada, boaniga, damischa Depp, Woibbadinga, di hams midam Stickl Brot ausm Woid raußzogn, Betonschedl, mit deinen Badwandlfüaß, Goggolore, Ruaßnosn.</p>\n<p>Krummhaxata Goaßbog, Fliedschal, Schdeckalfisch, gscherta Hamml, Saubreiß, japanischer, Pimpanell, kropfata Hamml, Nasnboara, elendiger, Hausdracha, Grantlhuaba, Honigscheißa, Pfennigfuxa, Gmoadepp, oide Bixn, Beißzanga, Mistviach, Dreeghamml, Bodschal, Voiksdepp, Grischbal, Aufmüpfiga, Freibialädschn, gwampate Sau, Umstandskrama, glei foid da Wadschnbam um, Jungfa, Umstandskrama, Bruinschlanga, Oasch, Schbruchbeidl, Kittlschliaffa, Grantlhuaba, Radlfahra, Hallodri!</p>\n<p>Woibbadinga, Pfennigfuxa, Zwedschgndatschi, Scheißbürschdl, Schbringgingal, Halbkreisingeneur, elendiger, damischa Depp, Haumdaucha, Ruaßnosn, Griasgram, Rutschn, Beißn, Bodschal, Hosnscheissa, Dreegsau, oida Daggl, Dreegschleida, Schwobnsäckle, Beißn.</p>\n<p>Asphaltwanzn, Zwedschgnmanndl, Hopfastanga, gscherte Nuss, Saufbeitl, oida Daddara, Vieh mit Haxn, Bruinschlanga, Daamaluudscha, Bierdimpfl, Hundsbua, oida Daggl, Kirchalicht, Doafdrottl, gscheate Ruam, schiache Goaß, Schuibuamtratza, Zwedschgarl, oide Schäwan.</p>\n<p>Herrgoddsacklzementfixlujja, Voiksdepp, Hopfastanga, Hundsgribbe, Schdeckalfisch, Chaotngschwerl, ja, wo samma denn, Hoibschaariga, Hundsbua, Frichdal, glei fangst a boa!</p>\n<p>Du ogsoachte, aus’gschammta, Auftaklta, kropfata Hamml, klebrigs Biaschal, Beißn, Ruaßnosn, Honigscheißa, eigschnabbda, Ecknsteha, Freibialädschn, du saudamischa, Hockableiba, Aufschneida, Saubreiß, japanischer, hoit’s Mei, Saubreiß, Badwaschl, Kasberlkopf.</p>\n<p>Saubreiß, Geizgroogn, Erzdepp, Rotzgloggn, Radlfahra, glei fangst a boa, Eisackla, Aff, Grawurgl, Haumdaucha, Schachtlhuba, Bauantrampl, Schlawina, schiache Goaß, depperta Doafdebb, Asphaltwanzn, hoid dei Babbn, Schdeckalfisch, Hemmadbiesla, halbseidener, Aufmüpfiga, Voiksdepp, Gibskobf, Kasberlkopf.<br>\nFlegel, Kamejtreiba, glei foid da Wadschnbam um, schdaubiga Bruada, Oaschgsicht, greißlicha Uhu, oida Daddara!</p>\n', NULL),
  (2, 4, '<p>Woibbadinga damischa owe gwihss Sauwedda ded Charivari dei heid gfoids ma sagrisch guad. Maßkruag wo hi mim Radl foahn Landla Leonhardifahrt, Radler. Ohrwaschl und glei wirds no fui lustiga Spotzerl Fünferl, so auf gehds beim Schichtl do legst di nieda ned Biawambn Breihaus. I mechad dee Schwoanshaxn ghupft wia gsprunga measi gschmeidig hawadere midananda vui huift vui Biawambn, des wiad a Mordsgaudi is. Biaschlegl soi oans, zwoa, gsuffa Oachkatzlschwoaf hod Wiesn.</p>\n<p>Oamoi großherzig Mamalad, liberalitas Bavariae hoggd! Nimmds helfgod im Beidl des basd scho i hob di liab. A Prosit der Gmiadlichkeit midanand mim obandln do mim Radl foahn, Jodler. Ned woar Brotzeit Brotzeit gwihss eana Gidarn. Foidweg Spuiratz kimmt, um Godds wujn. Am acht’n Tag schuf Gott des Bia i sog ja nix, i red ja bloß jedza, Biakriagal a bissal wos gehd ollaweil. Ledahosn om auf’n Gipfe Servas des wiad a Mordsgaudi, griasd eich midnand Bladl Fünferl Gams.</p>\n<p>Leonhardifahrt ma da middn. Greichats an naa do. Af Schuabladdla Leonhardifahrt Marei, des um Godds wujn Biakriagal! Hallelujah sog i, luja schüds nei koa des is schee jedza hogg di hera dringma aweng Spezi nia Musi. Wurschtsolod jo mei is des schee gor Ramasuri ozapfa no gfreit mi i hob di liab auffi, Schbozal. Hogg di hera nia need Biakriagal so schee, Schdarmbeaga See.</p>\n', NULL),
  (2, 5, '', NULL),
  (3, 1, 'Textformatierungen', NULL),
  (3, 2, '<p>Normaler Text <strong>fett und <em>kursiv</em></strong><br>\nZeilenumbruch <span class="underline">unterstrichen</span></p>\n<p><span class="strike">Durchgestrichen und <em>kursiv</em></span></p>\n<ol><li>Listenpunkt</li>\n	<li>Listenpunkt (<em>kursiv</em>)<br>\n	Zeilenumbruch</li>\n	<li>Nummer 3</li>\n	<li>Seltsame Zeichen: &amp; % $ # _ { } ~ ^ \\ \\today</li>\n</ol><p>Normaler Text wieder<sup>Hochgestellt</sup>.<br>\nNeue Zeile<sub>Tiefgestellt</sub>.</p>\n<p>Absatz 2</p>\n<ul>\n<li>Einfache Punkte</li>\n	<li>Nummer 2</li>\n</ul>\n<p>Link Bla</p>\n<blockquote>\n<p>Zitat 223<br>\nZeilenumbruch</p>\n<p>Neuer Paragraph</p>\n</blockquote>\n<p>Ende</p>\n', NULL),
  (3, 3, '<p>Textformatierungs-Test</p>\n', NULL),
  (3, 4, '<p>Textformatierungs-Test</p>\n', NULL),
  (3, 5, '', NULL),
  (4, 20, 'Lorem ipsum dolor sit amet', NULL),
  (4, 21,
   '<p>Lorem ipsum dolor sit amet, consectetur adipiscing elit. Cras eu felis sit amet lectus pulvinar gravida. Phasellus lacinia tristique lorem, vitae vulputate quam laoreet non. Sed sit amet magna justo. Integer nunc risus, interdum et imperdiet in, finibus sit amet velit. Pellentesque iaculis sed leo quis lacinia. Donec at felis sit amet dolor rhoncus placerat eget sed nisi. Fusce eget mauris ante.</p>\n<p>Duis consequat purus dolor, <strong>et aliquet quam</strong> congue id. <em>Aliquam erat</em> volutpat. Interdum et malesuada fames ac ante ipsum primis in faucibus. Aliquam bibendum feugiat vulputate. Phasellus cursus varius ipsum eu volutpat. Nullam sed diam scelerisque, sollicitudin mauris quis, vestibulum elit. Cum sociis natoque penatibus et magnis dis parturient montes, nascetur ridiculus mus.</p>\n<ul>\n<li>Phasellus nec mi id nunc placerat semper sed quis tortor. Phasellus vel aliquam lectus, non convallis ex. Phasellus turpis libero, convallis vitae elit fringilla, venenatis lobortis nunc. Sed vitae mauris tellus. Aenean consequat est nulla, vitae sodales nulla vulputate vitae. Praesent tincidunt auctor lacus eu pellentesque.</li>\n	<li>Pellentesque euismod quis neque a ultricies. Nulla tincidunt suscipit massa. Nullam fringilla massa a massa euismod pulvinar. Donec venenatis, massa sit amet vehicula blandit, erat libero ullamcorper ligula, a dapibus mauris dolor ac magna. Integer nec velit id nisi tempus accumsan ac eget dui.</li>\n	<li>Donec accumsan suscipit lectus, et vulputate urna gravida nec. Pellentesque cursus pulvinar pharetra. Mauris ornare vestibulum blandit. Nullam maximus tortor ac aliquam dictum. Praesent fermentum arcu et commodo lacinia.</li>\n</ul>\n<p>In hac habitasse platea dictumst. Morbi a lacus malesuada, posuere quam a, fermentum turpis. Aenean iaculis libero nisi, non elementum erat ultrices vitae. Nunc purus nisi, maximus ut maximus eget, laoreet id quam. Fusce scelerisque tristique diam, nec tristique sapien. Morbi mi leo, scelerisque eget purus ut, ornare gravida odio. Integer vehicula at orci eget congue. Duis at elit scelerisque, fringilla tellus nec, aliquam purus. Nam et erat iaculis nibh condimentum tincidunt.</p>\n<p>Donec hendrerit sed odio eu egestas. Praesent iaculis eu sapien eget tincidunt. Suspendisse non massa nec leo scelerisque eleifend. Sed euismod vulputate lorem et consectetur. Donec vitae gravida purus. Pellentesque et tincidunt massa. Nam vulputate aliquet elit.</p>\n',
   NULL),
  (4, 22,
   '<p>Phasellus nec mi id nunc placerat semper sed quis tortor. Phasellus vel aliquam lectus, non convallis ex. Phasellus turpis libero, convallis vitae elit fringilla, venenatis lobortis nunc. Sed vitae mauris tellus. Aenean consequat est nulla, vitae sodales nulla vulputate vitae. </p>\n',
   NULL),
  (58, 1, 'Testantrag', NULL),
  (58, 2, '<p>Test</p>\n', NULL),
  (58, 3, '<p>dfdsfdsfdsf</p>\n', NULL),
  (58, 4, '<p>Test</p>\n', NULL),
  (58, 5, '', NULL);

--
-- Dumping data for table `motionSupporter`
--

INSERT INTO `motionSupporter` (`id`, `motionId`, `position`, `userId`, `role`, `comment`, `personType`, `name`, `organization`, `resolutionDate`, `contactEmail`, `contactPhone`)
VALUES
  (2, 2, 0, 2, 'initiates', NULL, 0, 'Testuser', '', NULL, 'tobias@hoessl.eu', NULL),
  (4, 4, 0, 2, 'initiates', NULL, 0, 'Tobias Hößl', '', NULL, 'tobias@hoessl.eu', '015156024223'),
  (5, 5, 0, NULL, 'initiates', NULL, 1, 'Bundesvorstand', NULL, NULL, NULL, NULL),
  (6, 7, 0, NULL, 'initiates', NULL, 1, 'Bundesvorstand', '', '2015-03-23', NULL, NULL),
  (7, 8, 0, NULL, 'initiates', NULL, 1, 'Bundesvorstand', '', '2015-03-09', NULL, NULL),
  (8, 9, 0, NULL, 'initiates', NULL, 1, 'Bundesvorstand', '', '2015-03-09', NULL, NULL),
  (9, 10, 0, NULL, 'initiates', NULL, 1, 'Bundesvorstand', '', '2015-03-23', NULL, NULL),
  (10, 11, 0, NULL, 'initiates', NULL, 1, 'Bundesvorstand', NULL, NULL, NULL, NULL),
  (11, 12, 0, NULL, 'initiates', NULL, 1, 'Bundesvorstand', NULL, NULL, NULL, NULL),
  (12, 13, 0, NULL, 'initiates', NULL, 1, 'Bundesvorstand', '', '2015-03-23', NULL, NULL),
  (13, 14, 0, NULL, 'initiates', NULL, 1, 'Bundesvorstand', '', '2015-03-23', NULL, NULL),
  (14, 15, 0, NULL, 'initiates', NULL, 1, 'Bundesvorstand', '', '2015-03-23', NULL, NULL),
  (15, 15, 1, NULL, 'likes', NULL, 0, 'KostMich', '', NULL, NULL, NULL),
  (16, 16, 0, NULL, 'initiates', NULL, 1, 'Bundesvorstand', '', '2015-03-23', NULL, NULL),
  (17, 17, 0, NULL, 'initiates', NULL, 1, 'Bundesvorstand', '', '2015-03-23', NULL, NULL),
  (18, 18, 0, NULL, 'initiates', NULL, 1, 'Bundesvorstand', '', '2015-03-23', NULL, NULL),
  (19, 19, 0, NULL, 'initiates', NULL, 1, 'Bundesvorstand', '', '2015-03-23', NULL, NULL),
  (20, 19, 0, NULL, 'likes', NULL, 0, 'KostMich', '', NULL, NULL, NULL),
  (21, 20, 0, NULL, 'initiates', NULL, 1, 'Bundesvorstand', '', '2015-03-23', NULL, NULL),
  (22, 20, 0, NULL, 'likes', NULL, 0, 'KostMich', '', NULL, NULL, NULL),
  (23, 21, 0, NULL, 'initiates', NULL, 1, 'Bundesvorstand', '', '2015-03-23', NULL, NULL),
  (24, 21, 0, NULL, 'likes', NULL, 0, 'KostMich', '', NULL, NULL, NULL),
  (25, 22, 0, NULL, 'initiates', NULL, 1, 'Test', '', '2015-03-23', NULL, NULL),
  (26, 23, 0, NULL, 'initiates', NULL, 1, 'Bundesvorstand', '', '2015-03-23', NULL, NULL),
  (27, 24, 0, NULL, 'initiates', NULL, 1, 'Bundesvorstand', '', '2015-03-23', NULL, NULL),
  (28, 25, 0, NULL, 'initiates', NULL, 1, 'Bundesvorstand', '', '2015-03-23', NULL, NULL),
  (29, 26, 0, NULL, 'initiates', NULL, 1, 'Bundesvorstand', '', '2015-03-23', NULL, NULL),
  (30, 27, 0, NULL, 'initiates', NULL, 1, 'Bundesvorstand', '', '2015-03-23', NULL, NULL),
  (31, 28, 0, NULL, 'initiates', NULL, 1, 'Bundesvorstand', '', '2015-03-23', NULL, NULL),
  (32, 29, 0, NULL, 'initiates', NULL, 1, 'Bundesvorstand', '', '2015-03-23', NULL, NULL),
  (33, 30, 0, NULL, 'initiates', NULL, 1, 'Bundesvorstand', '', '2015-03-23', NULL, NULL),
  (34, 31, 1, NULL, 'initiates', NULL, 0, 'Tobias Hößl', '', NULL, NULL, NULL),
  (35, 31, 0, NULL, 'supports', NULL, 0, 'Name 1', 'KV 23', NULL, NULL, NULL),
  (36, 31, 2, NULL, 'supports', NULL, 0, 'Name 2', 'KV 42', NULL, NULL, NULL),
  (37, 32, 0, NULL, 'initiates', NULL, 1, 'Tobias Hößl', '', '2015-01-01', NULL, NULL),
  (38, 33, 0, NULL, 'initiates', NULL, 1, 'Tobias Hößl', '', '2015-01-01', NULL, NULL),
  (39, 34, 0, NULL, 'initiates', NULL, 1, 'Test', '', '2015-02-23', NULL, NULL),
  (40, 35, 0, NULL, 'initiates', NULL, 1, 'Bundesvorstand', '', '2015-03-23', NULL, NULL),
  (41, 36, 0, NULL, 'initiates', NULL, 1, 'Bundesvorstand (Beschluss vom 13.04.2015)', NULL, NULL, NULL, NULL),
  (42, 37, 0, NULL, 'initiates', NULL, 1, 'Test', '', '2015-04-13', NULL, NULL),
  (43, 38, 0, NULL, 'initiates', NULL, 1, 'Bundesvorstand (Beschluss vom 13.04.2015)', NULL, NULL, NULL, NULL),
  (44, 39, 0, NULL, 'initiates', NULL, 1, 'Tobias Hößl', '', '2015-01-01', NULL, NULL),
  (45, 40, 0, NULL, 'initiates', NULL, 1, 'Test', '', '2015-04-15', NULL, NULL),
  (46, 41, 0, NULL, 'initiates', NULL, 1, 'Bundesvorstand', '', '2015-04-15', NULL, NULL),
  (47, 42, 0, NULL, 'initiates', NULL, 1, 'BAG Nord/Süd', '', '2015-04-15', NULL, NULL),
  (48, 44, 0, NULL, 'initiates', NULL, 1, 'GRÜNE JUGEND Bundesvorstand', '', '2015-04-14', NULL, NULL),
  (49, 45, 0, NULL, 'initiates', NULL, 1, 'Landesvorstand Bayern', '', '2015-04-13', NULL, NULL),
  (50, 46, 0, NULL, 'initiates', NULL, 1, 'Bundesvorstand', '', '2015-04-15', NULL, NULL),
  (51, 47, 0, NULL, 'initiates', NULL, 1, 'BAG Nord/Süd', '', '2015-04-15', NULL, NULL),
  (52, 47, 0, NULL, 'likes', NULL, 0, 'KostMich', '', NULL, NULL, NULL),
  (53, 48, 0, NULL, 'initiates', NULL, 0, 'Omid Nouripour', NULL, NULL, NULL, NULL),
  (54, 48, 1, NULL, 'supports', NULL, 0, 'Felix Deist', NULL, NULL, NULL, NULL),
  (55, 48, 2, NULL, 'supports', NULL, 0, 'Tarek Al-Wazir', NULL, NULL, NULL, NULL),
  (56, 49, 1, NULL, 'supports', NULL, 0, 'Sven Lehmann', 'LV NRW', NULL, NULL, NULL),
  (57, 49, 2, NULL, 'supports', NULL, 0, 'Erik Marquardt', 'Grüne Jugend', NULL, NULL, NULL),
  (58, 49, 0, NULL, 'initiates', NULL, 0, 'Rasmus Andresen', 'KV Flensburg', NULL, NULL, NULL),
  (59, 52, 0, NULL, 'initiates', NULL, 0, 'Tobias Hößl', 'KV München', NULL, NULL, NULL),
  (60, 53, 0, NULL, 'supports', NULL, 0, 'Katrin Göring-Eckardt', 'KV Gotha', NULL, NULL, NULL),
  (61, 53, 2, NULL, 'supports', NULL, 0, 'Michael Kellner', 'KV Pankow', NULL, NULL, NULL),
  (62, 53, 1, NULL, 'initiates', NULL, 0, 'Malte Spitz (KV Münster)', '', NULL, NULL, NULL),
  (63, 54, 0, NULL, 'initiates', NULL, 0, 'Omid Nouripour ', '(LV Hessen)', NULL, NULL, NULL),
  (64, 54, 1, NULL, 'supports', NULL, 0, 'Tarek Al-Wazir', 'LV Hessen', NULL, NULL, NULL),
  (65, 54, 2, NULL, 'supports', NULL, 0, 'Felix Deist', 'BAG SprecherInnen', NULL, NULL, NULL),
  (66, 55, 0, NULL, 'initiates', NULL, 0, 'Omid Nouripour ', '(LV Hessen)', NULL, NULL, NULL),
  (67, 55, 1, NULL, 'supports', NULL, 0, 'Tarek Al-Wazir', 'Parteirat', NULL, NULL, NULL),
  (68, 55, 2, NULL, 'supports', NULL, 0, 'Felix Deist', 'BAG-SprecherInnen-Rat', NULL, NULL, NULL),
  (69, 56, 0, NULL, 'initiates', NULL, 0, 'Katrin Göring-Eckardt', 'LV Thüringen', NULL, NULL, NULL),
  (70, 56, 1, NULL, 'supports', NULL, 0, 'Simone Peter', 'LV Saarland', NULL, NULL, NULL),
  (71, 56, 2, NULL, 'supports', NULL, 0, 'Toni Hofreiter', 'LV Bayern', NULL, NULL, NULL),
  (72, 57, 1, NULL, 'initiates', NULL, 0, 'Katrin Göring-Eckardt', 'LV Thüringen', NULL, NULL, NULL),
  (73, 57, 2, NULL, 'supports', NULL, 0, 'Simone Peter', 'LV Saarland', NULL, NULL, NULL),
  (74, 57, 3, NULL, 'supports', NULL, 0, 'Toni Hofreiter', 'LV Bayern', NULL, NULL, NULL),
  (75, 58, 0, 2, 'initiates', NULL, 0, 'Testuser', '', NULL, 'testuser@example.org', ''),
  (76, 59, 0, NULL, 'initiates', NULL, 1, 'Bundesvorstand', NULL, NULL, NULL, NULL),
  (77, 61, 0, NULL, 'initiates', NULL, 1, 'Bundesvorstand', '', '2015-03-23', NULL, NULL),
  (78, 62, 0, NULL, 'initiates', NULL, 1, 'Bundesvorstand', '', '2015-03-09', NULL, NULL),
  (79, 63, 0, NULL, 'initiates', NULL, 1, 'Bundesvorstand', '', '2015-03-09', NULL, NULL),
  (80, 64, 0, NULL, 'initiates', NULL, 1, 'Bundesvorstand', '', '2015-03-23', NULL, NULL),
  (81, 65, 0, NULL, 'initiates', NULL, 1, 'Bundesvorstand', NULL, NULL, NULL, NULL),
  (82, 66, 0, NULL, 'initiates', NULL, 1, 'Bundesvorstand', NULL, NULL, NULL, NULL),
  (83, 67, 0, NULL, 'initiates', NULL, 1, 'Bundesvorstand', '', '2015-03-23', NULL, NULL),
  (84, 68, 0, NULL, 'initiates', NULL, 1, 'Bundesvorstand', '', '2015-03-23', NULL, NULL),
  (85, 69, 0, NULL, 'initiates', NULL, 1, 'Bundesvorstand', '', '2015-03-23', NULL, NULL),
  (86, 69, 1, NULL, 'likes', NULL, 0, 'KostMich', '', NULL, NULL, NULL),
  (87, 70, 0, NULL, 'initiates', NULL, 1, 'Bundesvorstand', '', '2015-03-23', NULL, NULL),
  (88, 71, 0, NULL, 'initiates', NULL, 1, 'Bundesvorstand', '', '2015-03-23', NULL, NULL),
  (89, 72, 0, NULL, 'initiates', NULL, 1, 'Bundesvorstand', '', '2015-03-23', NULL, NULL),
  (90, 73, 0, NULL, 'initiates', NULL, 1, 'Bundesvorstand', '', '2015-03-23', NULL, NULL),
  (91, 73, 0, NULL, 'likes', NULL, 0, 'KostMich', '', NULL, NULL, NULL),
  (92, 74, 0, NULL, 'initiates', NULL, 1, 'Bundesvorstand', '', '2015-03-23', NULL, NULL),
  (93, 74, 0, NULL, 'likes', NULL, 0, 'KostMich', '', NULL, NULL, NULL),
  (94, 75, 0, NULL, 'initiates', NULL, 1, 'Bundesvorstand', '', '2015-03-23', NULL, NULL),
  (95, 75, 0, NULL, 'likes', NULL, 0, 'KostMich', '', NULL, NULL, NULL),
  (96, 76, 0, NULL, 'initiates', NULL, 1, 'Test', '', '2015-03-23', NULL, NULL),
  (97, 77, 0, NULL, 'initiates', NULL, 1, 'Bundesvorstand', '', '2015-03-23', NULL, NULL),
  (98, 78, 0, NULL, 'initiates', NULL, 1, 'Bundesvorstand', '', '2015-03-23', NULL, NULL),
  (99, 79, 0, NULL, 'initiates', NULL, 1, 'Bundesvorstand', '', '2015-03-23', NULL, NULL),
  (100, 80, 0, NULL, 'initiates', NULL, 1, 'Bundesvorstand', '', '2015-03-23', NULL, NULL),
  (101, 81, 0, NULL, 'initiates', NULL, 1, 'Bundesvorstand', '', '2015-03-23', NULL, NULL),
  (102, 82, 0, NULL, 'initiates', NULL, 1, 'Bundesvorstand', '', '2015-03-23', NULL, NULL),
  (103, 83, 0, NULL, 'initiates', NULL, 1, 'Bundesvorstand', '', '2015-03-23', NULL, NULL),
  (104, 84, 0, NULL, 'initiates', NULL, 1, 'Bundesvorstand', '', '2015-03-23', NULL, NULL),
  (105, 85, 1, NULL, 'initiates', NULL, 0, 'Tobias Hößl', '', NULL, NULL, NULL),
  (106, 85, 0, NULL, 'supports', NULL, 0, 'Name 1', 'KV 23', NULL, NULL, NULL),
  (107, 85, 2, NULL, 'supports', NULL, 0, 'Name 2', 'KV 42', NULL, NULL, NULL),
  (108, 86, 0, NULL, 'initiates', NULL, 1, 'Tobias Hößl', '', '2015-01-01', NULL, NULL),
  (109, 87, 0, NULL, 'initiates', NULL, 1, 'Tobias Hößl', '', '2015-01-01', NULL, NULL),
  (110, 88, 0, NULL, 'initiates', NULL, 1, 'Test', '', '2015-02-23', NULL, NULL),
  (111, 89, 0, NULL, 'initiates', NULL, 1, 'Bundesvorstand', '', '2015-03-23', NULL, NULL),
  (112, 90, 0, NULL, 'initiates', NULL, 1, 'Bundesvorstand (Beschluss vom 13.04.2015)', NULL, NULL, NULL, NULL),
  (113, 91, 0, NULL, 'initiates', NULL, 1, 'Test', '', '2015-04-13', NULL, NULL),
  (114, 92, 0, NULL, 'initiates', NULL, 1, 'Bundesvorstand (Beschluss vom 13.04.2015)', NULL, NULL, NULL, NULL),
  (115, 93, 0, NULL, 'initiates', NULL, 1, 'Tobias Hößl', '', '2015-01-01', NULL, NULL),
  (116, 94, 0, NULL, 'initiates', NULL, 1, 'Test', '', '2015-04-15', NULL, NULL),
  (117, 95, 0, NULL, 'initiates', NULL, 1, 'Bundesvorstand', '', '2015-04-15', NULL, NULL),
  (118, 96, 0, NULL, 'initiates', NULL, 1, 'BAG Nord/Süd', '', '2015-04-15', NULL, NULL),
  (119, 98, 0, NULL, 'initiates', NULL, 1, 'GRÜNE JUGEND Bundesvorstand', '', '2015-04-14', NULL, NULL),
  (120, 99, 0, NULL, 'initiates', NULL, 1, 'Landesvorstand Bayern', '', '2015-04-13', NULL, NULL),
  (121, 100, 0, NULL, 'initiates', NULL, 1, 'Bundesvorstand', '', '2015-04-15', NULL, NULL),
  (122, 101, 0, NULL, 'initiates', NULL, 1, 'BAG Nord/Süd', '', '2015-04-15', NULL, NULL),
  (123, 101, 0, NULL, 'likes', NULL, 0, 'KostMich', '', NULL, NULL, NULL),
  (124, 102, 0, NULL, 'initiates', NULL, 0, 'Omid Nouripour', NULL, NULL, NULL, NULL),
  (125, 102, 1, NULL, 'supports', NULL, 0, 'Felix Deist', NULL, NULL, NULL, NULL),
  (126, 102, 2, NULL, 'supports', NULL, 0, 'Tarek Al-Wazir', NULL, NULL, NULL, NULL),
  (127, 103, 1, NULL, 'supports', NULL, 0, 'Sven Lehmann', 'LV NRW', NULL, NULL, NULL),
  (128, 103, 2, NULL, 'supports', NULL, 0, 'Erik Marquardt', 'Grüne Jugend', NULL, NULL, NULL),
  (129, 103, 0, NULL, 'initiates', NULL, 0, 'Rasmus Andresen', 'KV Flensburg', NULL, NULL, NULL),
  (130, 106, 0, NULL, 'initiates', NULL, 0, 'Tobias Hößl', 'KV München', NULL, NULL, NULL),
  (131, 107, 0, NULL, 'supports', NULL, 0, 'Katrin Göring-Eckardt', 'KV Gotha', NULL, NULL, NULL),
  (132, 107, 2, NULL, 'supports', NULL, 0, 'Michael Kellner', 'KV Pankow', NULL, NULL, NULL),
  (133, 107, 1, NULL, 'initiates', NULL, 0, 'Malte Spitz (KV Münster)', '', NULL, NULL, NULL),
  (134, 108, 0, NULL, 'initiates', NULL, 0, 'Omid Nouripour ', '(LV Hessen)', NULL, NULL, NULL),
  (135, 108, 1, NULL, 'supports', NULL, 0, 'Tarek Al-Wazir', 'LV Hessen', NULL, NULL, NULL),
  (136, 108, 2, NULL, 'supports', NULL, 0, 'Felix Deist', 'BAG SprecherInnen', NULL, NULL, NULL),
  (137, 109, 0, NULL, 'initiates', NULL, 0, 'Omid Nouripour ', '(LV Hessen)', NULL, NULL, NULL),
  (138, 109, 1, NULL, 'supports', NULL, 0, 'Tarek Al-Wazir', 'Parteirat', NULL, NULL, NULL),
  (139, 109, 2, NULL, 'supports', NULL, 0, 'Felix Deist', 'BAG-SprecherInnen-Rat', NULL, NULL, NULL),
  (140, 110, 0, NULL, 'initiates', NULL, 0, 'Katrin Göring-Eckardt', 'LV Thüringen', NULL, NULL, NULL),
  (141, 110, 1, NULL, 'supports', NULL, 0, 'Simone Peter', 'LV Saarland', NULL, NULL, NULL),
  (142, 110, 2, NULL, 'supports', NULL, 0, 'Toni Hofreiter', 'LV Bayern', NULL, NULL, NULL),
  (143, 111, 1, NULL, 'initiates', NULL, 0, 'Katrin Göring-Eckardt', 'LV Thüringen', NULL, NULL, NULL),
  (144, 111, 2, NULL, 'supports', NULL, 0, 'Simone Peter', 'LV Saarland', NULL, NULL, NULL),
  (145, 111, 3, NULL, 'supports', NULL, 0, 'Toni Hofreiter', 'LV Bayern', NULL, NULL, NULL),
  (146, 3, 0, 1, 'initiates', NULL, 0, 'Testadmin', '', NULL, 'testadmin@example.org', '');

--
-- Dumping data for table `motionTag`
--

INSERT INTO `motionTag` (`motionId`, `tagId`) VALUES
  (3, 1),
  (8, 3),
  (10, 4),
  (11, 5),
  (14, 3),
  (15, 8),
  (17, 6),
  (18, 6),
  (19, 6),
  (20, 6),
  (21, 6),
  (23, 6),
  (24, 6),
  (25, 6),
  (26, 6),
  (27, 6),
  (28, 6),
  (29, 6),
  (30, 6),
  (34, 5),
  (35, 8),
  (36, 9),
  (37, 5),
  (38, 5),
  (39, 8),
  (40, 7),
  (41, 7),
  (42, 7),
  (43, 7),
  (44, 7),
  (45, 7),
  (46, 7),
  (47, 7),
  (48, 7),
  (49, 7),
  (52, 3),
  (53, 7),
  (54, 7),
  (55, 7),
  (56, 7),
  (57, 7),
  (58, 2);

--
-- Dumping data for table `site`
--

INSERT INTO `site` (`id`, `subdomain`, `title`, `titleShort`, `settings`, `currentConsultationId`, `public`, `contact`) VALUES
  (1, 'stdparteitag', 'Test2', 'Test2', NULL, 1, 1, 'Test2'),
  (2, 'vorstandswahlen', 'Vorstandswahlen', 'Vorstandswahlen', '{"onlyNamespacedAccounts":false,"onlyWurzelwerk":false,"willingToPay":"1"}', 2, 1, 'Vorstandswahlen'),
  (3, 'parteitag', 'Parteitag', 'Parteitag', '{"onlyNamespacedAccounts":false,"onlyWurzelwerk":false,"willingToPay":"1"}', 3, 1, 'Parteitag'),
  (4, 'bdk', 'BDK', 'BDK', '{"onlyNamespacedAccounts":0,"onlyWurzelwerk":0,"siteLayout":"layout-gruenes-ci","willingToPay":"2"}', 4, 1, 'BDK'),
  (5, '1laenderrat2015', 'Länderrat', 'Länderrat',
   '{"onlyNamespacedAccounts":false,"onlyWurzelwerk":false,"siteLayout":"layout-gruenes-ci","showAntragsgruenAd":true,"willingToPay":"2"}', 5, 1, 'Länderrat'),
  (6, 'laenderrat-to', 'Länderrat TO', 'Länderrat TO', '{"siteLayout":"layout-gruenes-ci","showAntragsgruenAd":true,"loginMethods":[0,1,3],"forceLogin":false,"willingToPay":"2"}',
   6, 1, 'Länderrat TO');

--
-- Dumping data for table `siteAdmin`
--

INSERT INTO `siteAdmin` (`siteId`, `userId`) VALUES
  (1, 1),
  (2, 1),
  (3, 1),
  (4, 1),
  (5, 1),
  (6, 1);

--
-- Dumping data for table `texTemplate`
--

INSERT INTO `texTemplate` (`id`, `siteId`, `title`, `texLayout`, `texContent`) VALUES
  (1, NULL, 'Standard (Grünes CI)',
   '\\documentclass[paper=a4, 12pt, pagesize, parskip=half, DIV=calc]{scrartcl}\r\n\\usepackage[T1]{fontenc}\r\n\\usepackage{lmodern}\r\n\\usepackage[%LANGUAGE%]{babel}\r\n\\usepackage{fixltx2e}\r\n\\usepackage{lineno}\r\n\\usepackage{tabularx}\r\n\\usepackage{scrpage2}\r\n\\usepackage[normalem]{ulem}\r\n\\usepackage[right]{eurosym}\r\n\\usepackage{fontspec}\r\n\\usepackage{geometry}\r\n\\usepackage{color}\r\n\\usepackage{lastpage}\r\n\\usepackage[normalem]{ulem}\r\n\\usepackage{hyperref}\r\n\r\n\\newfontfamily\\ArvoGruen[\r\n  Path=%ASSETROOT%Arvo/\r\n]{Arvo_Gruen_1004.otf}\r\n\\newfontfamily\\ArvoRegular[\r\n  Path=%ASSETROOT%Arvo/\r\n]{Arvo-Regular_v104.ttf}\r\n\\newfontfamily\\AntragsgruenSection[\r\n  Path=%ASSETROOT%Arvo/\r\n]{Arvo-Regular_v104.ttf}\r\n\\setmainfont[\r\n  Path=%ASSETROOT%PT-Sans/,\r\n  BoldFont=PTS75F.ttf,\r\n  ItalicFont=PTS56F.ttf,\r\n  BoldItalicFont=PTS76F.ttf\r\n]{PTS55F.ttf}\r\n\r\n\\definecolor{Insert}{rgb}{0,1,0}\r\n\\definecolor{Delete}{rgb}{1,0,0}\r\n\r\n\\hypersetup{\r\n    colorlinks=true,\r\n    linkcolor=blue,\r\n    filecolor=blue,      \r\n    urlcolor=blue,\r\n} \r\n\\urlstyle{same}\r\n\r\n\\title{%TITLE%}\r\n\\author{%AUTHOR%}\r\n\\geometry{a4paper, portrait, top=10mm, left=20mm, right=15mm, bottom=25mm, includehead=true}\r\n\r\n\\pagestyle{scrheadings}\r\n\\clearscrheadfoot\r\n\\ohead{\\ArvoRegular \\footnotesize %TITLE%}\r\n\\ifoot{\\ArvoRegular \\footnotesize Seite \\thepage\\ / \\pageref{LastPage}}\r\n\\setheadsepline{0.4pt}\r\n\\setfootsepline{0.4pt}\r\n\r\n\\begin{document}\r\n\r\n\\shorthandoff{"}\r\n\\sloppy\r\n\\hyphenpenalty=10000\r\n\\hbadness=10000\r\n\r\n%CONTENT%\r\n\r\n\\end{document}',
   '\\thispagestyle{empty}\r\n\r\n\\vspace*{-25mm}\r\n\\begin{flushright}\r\n \\ArvoRegular\r\n \\small\r\n \\textbf{\\normalsize %INTRODUCTION_BIG%}\\\\\r\n %INTRODUCTION_SMALL%\r\n\\end{flushright}\r\n\r\n\\begin{tabularx}{\\textwidth}{|lX|}\r\n    \\cline{1-2}\r\n    \\ArvoGruen\r\n&                               \\\\\r\n    \\multicolumn{2}{|l|}{\r\n    \\textbf{\\LARGE %TITLEPREFIX%} %TITLE%      } \\\\\r\n                                                            &                               \\\\\r\n    %MOTION_DATA_TABLE%\r\n                                                            &                               \\\\\r\n    \\cline{1-2}\r\n\\end{tabularx}\r\n\r\n\\section*{\\ArvoRegular %TITLE_LONG%}\r\n% \\raggedright\r\n\r\n%TEXT%\r\n');

--
-- Dumping data for table `user`
--

INSERT INTO `user` (`id`, `name`, `email`, `emailConfirmed`, `auth`, `dateCreation`, `status`, `pwdEnc`, `authKey`, `siteNamespaceId`) VALUES
  (1, 'Testadmin', 'testadmin@example.org', 1, 'email:testadmin@example.org', '2015-03-20 17:04:44', 0,
   'sha256:1000:gpdjLHGKeqKXDjjjVI6JsXF5xl+cAYm1:jT6RRYV6luIdDaomW56BMf50zQi0tiFy',
   0x66353232373335386331326436636434383930306430376638343666316363373538623562396438000000000000000000000000000000000000000000000000000000000000000000000000000000000000000000000000000000000000000000000000,
   NULL),
  (2, 'Testuser', 'testuser@example.org', 1, 'email:testuser@example.org', '2015-03-20 17:08:14', 0,
   'sha256:1000:BwEqXMsdBXDi71XpQud1yRene4zeNRTt:atF5X6vaHJ93nyDIU/gobIpehez+0KBV',
   0x33663062343836336632393839643866383961396162386532626133336232363465373065663361000000000000000000000000000000000000000000000000000000000000000000000000000000000000000000000000000000000000000000000000,
   NULL);


SET SQL_MODE = @OLD_SQL_MODE;
SET FOREIGN_KEY_CHECKS = @OLD_FOREIGN_KEY_CHECKS;
SET UNIQUE_CHECKS = @OLD_UNIQUE_CHECKS;
